image_path,breed,label
cattle\Hallikar\Hallikar_82.png,Hallikar,11
cattle\Ongole\Ongole_79.jpg,Ongole,36
cattle\Kasargod\00000030.jpg,Kasargod,19
cattle\ponwar\image_259x194_33 (2).jpg,ponwar,63
cattle\Rathi\Screenshot (959).png,Rathi,41
cattle\Tharparkar\Tharparkar_132.jpg,Tharparkar,48
cattle\Poda Thirupu\image_250x202_28.jpg,Poda Thirupu,37
cattle\kherigarh\image_259x194_9.jpg,kherigarh,59
cattle\ponwar\image_260x194_5.jpg,ponwar,63
cattle\Alambadi\Alambadi_80.png,Alambadi,0
cattle\Khariar\image_225x225_5.jpg,Khariar,21
cattle\Umblachery\image_300x168_44 (3).jpg,Umblachery,50
cattle\Konkan Kapila\image_259x194_14 (2).jpg,Konkan Kapila,23
cattle\Mewati\image_259x194_13 (4).jpg,Mewati,30
cattle\Red kandhari\image_275x183_13 (2).jpg,Red kandhari,42
cattle\Umblachery\image_300x168_42.jpg,Umblachery,50
cattle\Hariana\Hariana_11.png,Hariana,12
cattle\Malnad_gidda\Screenshot (1125).png,Malnad_gidda,28
cattle\Mewati\image_300x168_41.jpg,Mewati,30
cattle\Red kandhari\image_300x168_47.jpg,Red kandhari,42
cattle\motu\image_300x168_60.jpg,motu,61
cattle\Brown_Swiss\Brown_Swiss_47.jpg,Brown_Swiss,6
cattle\Holstein_Friesian\Holstein_Friesian_176.jpg,Holstein_Friesian,14
cattle\siri\image_259x194_14.jpg,siri,64
cattle\gaolao\Gaolao_Cow_breed_from_Vidharbha_A_dual_ (3).jpg,gaolao,57
cattle\Purnea\image_299x168_52.jpg,Purnea,40
cattle\Tharparkar\Tharparkar_14.jpeg,Tharparkar,48
cattle\Holstein_Friesian\Holstein_Friesian_39.jpg,Holstein_Friesian,14
cattle\Ayrshire\Ayrshire_198.jpg,Ayrshire,2
cattle\Brown_Swiss\Brown_Swiss_128.jpg,Brown_Swiss,6
cattle\Mewati\image_168x300_17 (2).jpg,Mewati,30
cattle\Amritmahal\image_244x207_52.jpg,Amritmahal,1
cattle\Red kandhari\image_260x194_7.jpg,Red kandhari,42
cattle\Pulikulam\Pulikulam_118.jpg,Pulikulam,38
cattle\Mewati\image_259x194_12 (4).jpg,Mewati,30
cattle\kherigarh\image_200x133_3.jpg,kherigarh,59
cattle\Kangayam\Kangayam_71.jpg,Kangayam,17
cattle\Poda Thirupu\image_168x300_42 (2).jpg,Poda Thirupu,37
cattle\Khillari\Khillari_101.jpg,Khillari,22
cattle\Hariana\Hariana_67.jpg,Hariana,12
cattle\Himachali Pahari\Murrah_Buffalo_Supplier_In_Himachal_.jpg,Himachali Pahari,13
cattle\Sahiwal\Sahiwal_21.jpg,Sahiwal,45
cattle\Shweta Kapila\image_189x267_37.jpg,Shweta Kapila,46
cattle\Holstein_Friesian\Holstein_Friesian_251.jpg,Holstein_Friesian,14
cattle\Purnea\image_300x168_67.jpg,Purnea,40
cattle\Nili_Ravi\Nili_Ravi_90.jpg,Nili_Ravi,34
cattle\Holstein_Friesian\Holstein_Friesian_236.jpg,Holstein_Friesian,14
cattle\Dangi\Screenshot (354).png,Dangi,7
cattle\Holstein_Friesian\Holstein_Friesian_171.jpg,Holstein_Friesian,14
cattle\Purnea\image_275x183_34.jpg,Purnea,40
cattle\thutho\image_259x195_24.jpg,thutho,65
cattle\Mewati\image_168x300_13.jpg,Mewati,30
cattle\Pulikulam\Pulikulam_37.jpg,Pulikulam,38
cattle\Kankrej\Kankrej_136.png,Kankrej,18
cattle\Ongole\Ongole_51.jpg,Ongole,36
cattle\Punganur\image_168x300_1.jpg,Punganur,39
cattle\gaolao\Ongole_75.png,gaolao,57
cattle\Tharparkar\Tharparkar_209.jpg,Tharparkar,48
cattle\Red_Sindhi\Red_Sindhi_125.png,Red_Sindhi,44
cattle\Umblachery\image_260x194_3 (2).jpg,Umblachery,50
cattle\Ladakhi\image_225x225_2.jpg,Ladakhi,26
cattle\malvi\image_317x159_72.jpg,malvi,60
cattle\bachaur\image_225x225_3.jpg,bachaur,52
cattle\Purnea\image_267x188_21.jpg,Purnea,40
cattle\Hariana\Hariana_125.png,Hariana,12
cattle\Shweta Kapila\image_194x259_46.jpg,Shweta Kapila,46
cattle\Guernsey\Guernsey_116.jpg,Guernsey,10
cattle\Kankrej\Kankrej_104.jpg,Kankrej,18
cattle\Kangayam\image_205x212_10.jpg,Kangayam,17
cattle\Banni\00000026.jpg,Banni,3
cattle\Ayrshire\Ayrshire_191.jpg,Ayrshire,2
cattle\nagori\Visually_searched_image.jpg,nagori,62
cattle\Amritmahal\Amritmahal_54.jpg,Amritmahal,1
cattle\Sahiwal\Sahiwal_291.jpg,Sahiwal,45
cattle\nagori\Visually_searched_image (2).jpg,nagori,62
cattle\Kosali\image_300x168_2.jpg,Kosali,24
cattle\Kankrej\Kankrej_11.jpg,Kankrej,18
cattle\gangatari\Screenshot 2025-09-24 191600.png,gangatari,56
cattle\badri\image_194x259_45.jpg,badri,53
cattle\motu\image_259x194_12 (2).jpg,motu,61
cattle\Krishna_Valley\Krishna_Valley_92.jpg,Krishna_Valley,25
cattle\dagri\image_259x194_10 (2).jpg,dagri,55
cattle\Shweta Kapila\image_168x300_30.jpg,Shweta Kapila,46
cattle\Kangayam\image_201x251_38.jpg,Kangayam,17
cattle\Nagpuri\Nagpuri_146.png,Nagpuri,32
cattle\Rathi\00000086.jpg,Rathi,41
cattle\Gir\Gir_259.jpg,Gir,9
cattle\Jersey\Jersey_103.jpg,Jersey,16
cattle\Himachali Pahari\image_299x168_39.jpg,Himachali Pahari,13
cattle\dagri\ezgif-frame-078.jpg,dagri,55
cattle\Kankrej\Kankrej_62.png,Kankrej,18
cattle\Gir\Gir_108.jpg,Gir,9
cattle\Jersey\Jersey_156.jpg,Jersey,16
cattle\badri\Native_Cow_Breeds_ (4).jpg,badri,53
cattle\Vechur\00000195.jpg,Vechur,51
cattle\Lakhimi\image_168x300_3.jpg,Lakhimi,27
cattle\Tharparkar\Tharparkar_6.jpg,Tharparkar,48
cattle\Umblachery\image_259x194_4 (2).jpg,Umblachery,50
cattle\dagri\indigenous_livestock_breeds_.jpg,dagri,55
cattle\Khariar\image_300x168_3 (3).jpg,Khariar,21
cattle\Purnea\image_251x200_20.jpg,Purnea,40
cattle\Kenkatha\image_261x193_5.jpg,Kenkatha,20
cattle\Shweta Kapila\image_194x259_58.jpg,Shweta Kapila,46
cattle\gaolao\0394.jpg,gaolao,57
cattle\motu\image_275x183_49.jpg,motu,61
cattle\kherigarh\image_120x84_1.jpg,kherigarh,59
cattle\Kangayam\Kangayam_36.jpg,Kangayam,17
cattle\Dangi\Screenshot (370).png,Dangi,7
cattle\Kankrej\Kankrej_23.jpg,Kankrej,18
cattle\Sahiwal\Sahiwal_215.jpg,Sahiwal,45
cattle\Khariar\image_259x194_5.jpg,Khariar,21
cattle\bachaur\image_361x140_69.jpg,bachaur,52
cattle\Jersey\Jersey_141.jpg,Jersey,16
cattle\Himachali Pahari\image_179x282_54.jpg,Himachali Pahari,13
cattle\Poda Thirupu\image_259x194_21.jpg,Poda Thirupu,37
cattle\Dangi\00000176.jpg,Dangi,7
cattle\Hallikar\Hallikar_96.jpg,Hallikar,11
cattle\Gir\Gir_288.jpg,Gir,9
cattle\Purnea\image_290x174_49.jpg,Purnea,40
cattle\Punganur\image_259x194_48.jpg,Punganur,39
cattle\Umblachery\image_225x225_24 (2).jpg,Umblachery,50
cattle\bhelai\Screenshot 2025-09-24 183201.png,bhelai,54
cattle\malvi\image_168x300_67.jpg,malvi,60
cattle\Amritmahal\Amritmahal_76.png,Amritmahal,1
cattle\kherigarh\image_225x225_1.jpg,kherigarh,59
cattle\Umblachery\Umblachery_72.png,Umblachery,50
cattle\motu\image_205x161_62.jpg,motu,61
cattle\Jersey\Jersey_29.jpg,Jersey,16
cattle\Poda Thirupu\image_168x300_43 (2).jpg,Poda Thirupu,37
cattle\Sahiwal\Sahiwal_307.jpg,Sahiwal,45
cattle\Nari\image_201x251_52.jpg,Nari,33
cattle\Ongole\Ongole_106.jpg,Ongole,36
cattle\Umblachery\Umblachery_46.jpg,Umblachery,50
cattle\Gir\Gir_173.jpg,Gir,9
cattle\Punganur\Punganur_Cow_Breed_ (1).jpg,Punganur,39
cattle\Punganur\Punganur_Cow_Breed_ (2).jpg,Punganur,39
cattle\Poda Thirupu\image_334x151_54.jpg,Poda Thirupu,37
cattle\Amritmahal\Amritmahal_28.png,Amritmahal,1
cattle\motu\image_190x265_53.jpg,motu,61
cattle\Red_Sindhi\Red_Sindhi_132.jpg,Red_Sindhi,44
cattle\Konkan Kapila\image_168x300_1.jpg,Konkan Kapila,23
cattle\Ayrshire\Ayrshire_197.jpg,Ayrshire,2
cattle\Nari\image_275x183_51.jpg,Nari,33
cattle\Deoni\Deoni_11.jpg,Deoni,8
cattle\Nari\image_221x229_27.jpg,Nari,33
cattle\ghumsari\image_300x168_2.jpg,ghumsari,58
cattle\Holstein_Friesian\Holstein_Friesian_230.jpg,Holstein_Friesian,14
cattle\Sahiwal\Sahiwal_59.jpg,Sahiwal,45
cattle\Krishna_Valley\Krishna_Valley_136.jpg,Krishna_Valley,25
cattle\Jersey\Jersey_107.jpg,Jersey,16
cattle\Mehsana\Mehsana_66.jpg,Mehsana,29
cattle\siri\image_227x222_62.jpg,siri,64
cattle\Tharparkar\Tharparkar_34.jpg,Tharparkar,48
cattle\Gir\Gir_359.png,Gir,9
cattle\bachaur\image_300x168_7.jpg,bachaur,52
cattle\malvi\image_225x225_2.jpg,malvi,60
cattle\Mewati\image_259x194_23 (2).jpg,Mewati,30
cattle\Kankrej\Kankrej_31.png,Kankrej,18
cattle\Punganur\Mini_Cows_Punganur_Cows_.jpg,Punganur,39
cattle\Red kandhari\image_275x183_9.jpg,Red kandhari,42
cattle\thutho\image_225x225_58.jpg,thutho,65
cattle\Vechur\Screenshot (289).png,Vechur,51
cattle\thutho\image_259x194_39.jpg,thutho,65
cattle\Holstein_Friesian\Holstein_Friesian_126.jpg,Holstein_Friesian,14
cattle\Amritmahal\Amritmahal_27.jpg,Amritmahal,1
cattle\Tharparkar\Tharparkar_216.jpg,Tharparkar,48
cattle\Khillari\Khillari_107.png,Khillari,22
cattle\motu\image_259x194_23 (2).jpg,motu,61
cattle\Sahiwal\Sahiwal_120.jpg,Sahiwal,45
cattle\badri\SINGLE_BREED_VEDIC_A2_GHEE_BADRI_COW_.jpg,badri,53
cattle\Ayrshire\Ayrshire_178.jpg,Ayrshire,2
cattle\Dangi\image_263x192_18.jpg,Dangi,7
cattle\Sahiwal\Sahiwal_201.jpg,Sahiwal,45
cattle\Tharparkar\Tharparkar_153.jpg,Tharparkar,48
cattle\Purnea\image_251x201_3.jpg,Purnea,40
cattle\Rathi\00000096.jpg,Rathi,41
cattle\Dangi\00000162.jpg,Dangi,7
cattle\Guernsey\Guernsey_48.jpg,Guernsey,10
cattle\gangatari\Screenshot 2025-09-24 191300.png,gangatari,56
cattle\Rathi\Screenshot (960).png,Rathi,41
cattle\Murrah\Murrah_126.jpg,Murrah,31
cattle\Holstein_Friesian\Holstein_Friesian_15.jpg,Holstein_Friesian,14
cattle\Holstein_Friesian\Holstein_Friesian_186.jpg,Holstein_Friesian,14
cattle\Bargur\Bargur_29.jpg,Bargur,4
cattle\ponwar\image_274x184_42.jpg,ponwar,63
cattle\Nagpuri\Nagpuri_53.jpg,Nagpuri,32
cattle\Murrah\Murrah_12.jpg,Murrah,31
cattle\Toda\Toda_9.jpg,Toda,49
cattle\Red_Sindhi\Red_Sindhi_64.jpg,Red_Sindhi,44
cattle\Red kandhari\image_190x222_66.jpg,Red kandhari,42
cattle\Umblachery\image_259x194_18 (2).jpg,Umblachery,50
cattle\Sahiwal\Sahiwal_173.jpg,Sahiwal,45
cattle\Red_Sindhi\Red_Sindhi_57.jpg,Red_Sindhi,44
cattle\Umblachery\image_224x225_28 (2).jpg,Umblachery,50
cattle\Mewati\image_256x197_3.jpg,Mewati,30
cattle\Khariar\image_300x168_4 (2).jpg,Khariar,21
cattle\bhelai\ezgif-frame-095.jpg,bhelai,54
cattle\Konkan Kapila\image_168x300_3.jpg,Konkan Kapila,23
cattle\Red_Sindhi\Red_Sindhi_102.jpg,Red_Sindhi,44
cattle\nagori\image_168x300_22.jpg,nagori,62
cattle\Kankrej\Kankrej_1.JPG,Kankrej,18
cattle\Gir\Gir_93.jpg,Gir,9
cattle\Umblachery\Umblachery_49.jpg,Umblachery,50
cattle\Brown_Swiss\Brown_Swiss_138.jpg,Brown_Swiss,6
cattle\Pulikulam\Pulikulam_87.jpg,Pulikulam,38
cattle\Purnea\image_168x300_66.jpg,Purnea,40
cattle\Krishna_Valley\Krishna_Valley_95.jpg,Krishna_Valley,25
cattle\badri\image_195x259_42.jpg,badri,53
cattle\Kankrej\Kankrej_51.png,Kankrej,18
cattle\siri\image_205x197_51.jpg,siri,64
cattle\kherigarh\image_176x116_1.jpg,kherigarh,59
cattle\Brown_Swiss\Brown_Swiss_29.jpg,Brown_Swiss,6
cattle\ponwar\image_275x183_38.jpg,ponwar,63
cattle\Vechur\Screenshot (294).png,Vechur,51
cattle\Mewati\image_259x194_21 (2).jpg,Mewati,30
cattle\thutho\image_259x194_4 (2).jpg,thutho,65
cattle\Bargur\Bargur_83.jpg,Bargur,4
cattle\ghumsari\image_268x188_4.jpg,ghumsari,58
cattle\Nimari\00000392.JPG,Nimari,35
cattle\Umblachery\image_224x225_27.jpg,Umblachery,50
cattle\Brown_Swiss\Brown_Swiss_210.jpg,Brown_Swiss,6
cattle\gangatari\image_259x194_30.jpg,gangatari,56
cattle\Mehsana\Mehsana_61.jpg,Mehsana,29
cattle\Vechur\Screenshot (274).png,Vechur,51
cattle\Toda\Toda_120.jpg,Toda,49
cattle\Guernsey\Guernsey_53.jpg,Guernsey,10
cattle\Purnea\image_275x183_43 (2).jpg,Purnea,40
cattle\Ladakhi\image_259x194_14.jpg,Ladakhi,26
cattle\Brown_Swiss\Brown_Swiss_81.jpg,Brown_Swiss,6
cattle\Purnea\image_265x190_5.jpg,Purnea,40
cattle\Kasargod\00000243.jpg,Kasargod,19
cattle\malvi\image_225x225_7.jpg,malvi,60
cattle\Brown_Swiss\Brown_Swiss_110.jpg,Brown_Swiss,6
cattle\Red_Sindhi\Red_Sindhi_157.png,Red_Sindhi,44
cattle\Jersey\Jersey_13.jpg,Jersey,16
cattle\Brown_Swiss\Brown_Swiss_122.jpg,Brown_Swiss,6
cattle\Nili_Ravi\Nili_Ravi_60.jpg,Nili_Ravi,34
cattle\Holstein_Friesian\Holstein_Friesian_145.jpg,Holstein_Friesian,14
cattle\Purnea\image_259x194_18.jpg,Purnea,40
cattle\ghumsari\image_299x168_41.jpg,ghumsari,58
cattle\Deoni\Deoni_43.jpg,Deoni,8
cattle\Sahiwal\Sahiwal_196.jpg,Sahiwal,45
cattle\Amritmahal\Amritmahal_32.jpg,Amritmahal,1
cattle\Red_Sindhi\Red_Sindhi_150.png,Red_Sindhi,44
cattle\Red_Sindhi\Red_Sindhi_33.jpg,Red_Sindhi,44
cattle\Bargur\Bargur_90.png,Bargur,4
cattle\ghumsari\image_259x194_36 (2).jpg,ghumsari,58
cattle\Krishna_Valley\Krishna_Valley_27.jpg,Krishna_Valley,25
cattle\Amritmahal\Amritmahal_83.jpg,Amritmahal,1
cattle\gangatari\image_238x211_49.jpg,gangatari,56
cattle\Tharparkar\Tharparkar_45.jpg,Tharparkar,48
cattle\thutho\image_310x163_43.jpg,thutho,65
cattle\motu\image_259x194_34.jpg,motu,61
cattle\malvi\image_259x194_41 (2).jpg,malvi,60
cattle\malvi\image_239x211_62.jpg,malvi,60
cattle\Himachali Pahari\image_259x194_11 (2).jpg,Himachali Pahari,13
cattle\Mehsana\Mehsana_40.png,Mehsana,29
cattle\Purnea\image_259x194_17 (3).jpg,Purnea,40
cattle\Malnad_gidda\Screenshot (1159).png,Malnad_gidda,28
cattle\Konkan Kapila\image_246x187_15.jpg,Konkan Kapila,23
cattle\Lakhimi\image_168x300_18.jpg,Lakhimi,27
cattle\Poda Thirupu\image_259x194_12 (2).jpg,Poda Thirupu,37
cattle\Bhadawari\Bhadawari_20.jpg,Bhadawari,5
cattle\gangatari\image_276x183_46.jpg,gangatari,56
cattle\Gir\Gir_270.jpg,Gir,9
cattle\ponwar\image_299x168_10.jpg,ponwar,63
cattle\gangatari\Screenshot 2025-09-24 191519.png,gangatari,56
cattle\Malnad_gidda\00000196.jpg,Malnad_gidda,28
cattle\ponwar\image_299x168_11.jpg,ponwar,63
cattle\Red_Sindhi\Red_Sindhi_164.jpg,Red_Sindhi,44
cattle\Red_Sindhi\Red_Sindhi_56.jpg,Red_Sindhi,44
cattle\ghumsari\image_300x168_4.jpg,ghumsari,58
cattle\motu\image_194x259_56.jpg,motu,61
cattle\siri\Visually_searched_image (3).jpg,siri,64
cattle\Gir\Gir_56.png,Gir,9
cattle\Bargur\Bargur_68.jpg,Bargur,4
cattle\Murrah\Murrah_32.jpg,Murrah,31
cattle\Kasargod\00000380.jpg,Kasargod,19
cattle\Murrah\Murrah_73.jpg,Murrah,31
cattle\Himachali Pahari\Black_High_Breed_Hf_Cow_at_Best_Price_.jpg,Himachali Pahari,13
cattle\Ongole\Ongole_146.jpg,Ongole,36
cattle\Toda\Toda_84.jpg,Toda,49
cattle\Purnea\image_259x194_10.jpg,Purnea,40
cattle\Kenkatha\image_299x168_47.jpg,Kenkatha,20
cattle\Lakhimi\image_259x194_49.jpg,Lakhimi,27
cattle\Holstein_Friesian\Holstein_Friesian_66.jpg,Holstein_Friesian,14
cattle\Lakhimi\image_168x300_10.jpg,Lakhimi,27
cattle\dagri\Figure_3_from_Deoni_cattle_breed_of_.jpg,dagri,55
cattle\Ladakhi\image_259x194_6 (2).jpg,Ladakhi,26
cattle\Kenkatha\image_205x367_40.jpg,Kenkatha,20
cattle\Nimari\00000385.jpg,Nimari,35
cattle\Hallikar\Hallikar_100.jpg,Hallikar,11
cattle\Hariana\Hariana_88.png,Hariana,12
cattle\Jaffrabadi\Jaffrabadi_99.jpg,Jaffrabadi,15
cattle\Gir\Gir_292.jpg,Gir,9
cattle\Surti\Surti_6.jpg,Surti,47
cattle\Ayrshire\Ayrshire_2.jpg,Ayrshire,2
cattle\nagori\image_168x300_16.jpg,nagori,62
cattle\ponwar\image_259x194_13.jpg,ponwar,63
cattle\Red_Dane\Red_Dane_44.jpg,Red_Dane,43
cattle\gaolao\ANNA_SAHEB_SHINDE_FOUNDATION.jpg,gaolao,57
cattle\Amritmahal\image_283x178_59.jpg,Amritmahal,1
cattle\kherigarh\image_275x183_4.jpg,kherigarh,59
cattle\bachaur\image_250x201_35.jpg,bachaur,52
cattle\Hallikar\Hallikar_127.jpg,Hallikar,11
cattle\malvi\image_225x225_6.jpg,malvi,60
cattle\Punganur\image_300x168_3.jpg,Punganur,39
cattle\ghumsari\image_259x194_30.jpg,ghumsari,58
cattle\Surti\Surti_62.png,Surti,47
cattle\Purnea\image_259x194_11 (2).jpg,Purnea,40
cattle\Gir\Gir_183.jpg,Gir,9
cattle\Red_Dane\Red_Dane_73.jpg,Red_Dane,43
cattle\Dangi\00000035.jpeg,Dangi,7
cattle\Jersey\Jersey_133.jpg,Jersey,16
cattle\Nili_Ravi\Nili_Ravi_19.jpg,Nili_Ravi,34
cattle\Umblachery\image_225x225_27.jpg,Umblachery,50
cattle\thutho\image_221x229_50.jpg,thutho,65
cattle\Kangayam\Kangayam_54.jpg,Kangayam,17
cattle\Kenkatha\Visually_searched_image.jpg,Kenkatha,20
cattle\Hariana\Hariana_126.jpg,Hariana,12
cattle\Nari\image_259x194_45.jpg,Nari,33
cattle\Purnea\image_264x191_4.jpg,Purnea,40
cattle\Pulikulam\Pulikulam_117.png,Pulikulam,38
cattle\Jersey\Jersey_25.jpg,Jersey,16
cattle\ponwar\image_275x183_43 (2).jpg,ponwar,63
cattle\Poda Thirupu\image_303x166_50.jpg,Poda Thirupu,37
cattle\Lakhimi\image_194x259_33.jpg,Lakhimi,27
cattle\Umblachery\image_259x194_4 (3).jpg,Umblachery,50
cattle\Nagpuri\Nagpuri_88.jpg,Nagpuri,32
cattle\ghumsari\image_259x194_38.jpg,ghumsari,58
cattle\Red kandhari\image_266x190_3 (3).jpg,Red kandhari,42
cattle\siri\image_266x189_6.jpg,siri,64
cattle\Sahiwal\Sahiwal_46.jpg,Sahiwal,45
cattle\Alambadi\Alambadi_101.png,Alambadi,0
cattle\nagori\image_208x243_50.jpg,nagori,62
cattle\Red_Sindhi\Red_Sindhi_107.jpg,Red_Sindhi,44
cattle\Kangayam\image_259x194_50.jpg,Kangayam,17
cattle\ponwar\image_194x259_54.jpg,ponwar,63
cattle\Ladakhi\image_194x259_3.jpg,Ladakhi,26
cattle\bachaur\image_225x225_7.jpg,bachaur,52
cattle\Krishna_Valley\Krishna_Valley_24.jpg,Krishna_Valley,25
cattle\Holstein_Friesian\Holstein_Friesian_50.jpg,Holstein_Friesian,14
cattle\Krishna_Valley\Krishna_Valley_103.jpg,Krishna_Valley,25
cattle\Holstein_Friesian\Holstein_Friesian_218.jpg,Holstein_Friesian,14
cattle\Ayrshire\Ayrshire_124.jpg,Ayrshire,2
cattle\Guernsey\Guernsey_89.jpg,Guernsey,10
cattle\Brown_Swiss\Brown_Swiss_212.jpg,Brown_Swiss,6
cattle\Punganur\11_Punganur_Royalty-Free_Images_Stock_ (1).jpg,Punganur,39
cattle\Shweta Kapila\image_225x225_17.jpg,Shweta Kapila,46
cattle\bhelai\ezgif-frame-074.jpg,bhelai,54
cattle\nagori\image_100x100_57.jpg,nagori,62
cattle\Shweta Kapila\image_275x183_52.jpg,Shweta Kapila,46
cattle\bhelai\ezgif-frame-076.jpg,bhelai,54
cattle\Pulikulam\Pulikulam_82.jpg,Pulikulam,38
cattle\Himachali Pahari\image_200x200_60.jpg,Himachali Pahari,13
cattle\Nari\image_259x194_46.jpg,Nari,33
cattle\Ayrshire\Ayrshire_157.jpg,Ayrshire,2
cattle\Shweta Kapila\image_215x234_26.jpg,Shweta Kapila,46
cattle\Kasargod\00000375.jpg,Kasargod,19
cattle\nagori\image_259x194_28.jpg,nagori,62
cattle\malvi\image_210x240_76.jpg,malvi,60
cattle\Kangayam\image_242x209_57.jpg,Kangayam,17
cattle\thutho\image_259x194_8 (2).jpg,thutho,65
cattle\Mewati\image_194x259_29.jpg,Mewati,30
cattle\Himachali Pahari\image_168x300_52 (2).jpg,Himachali Pahari,13
cattle\Umblachery\image_168x300_27.jpg,Umblachery,50
cattle\Kosali\image_336x150_1.jpg,Kosali,24
cattle\Ayrshire\Ayrshire_48.jpg,Ayrshire,2
cattle\Poda Thirupu\image_302x167_47.jpg,Poda Thirupu,37
cattle\Brown_Swiss\Brown_Swiss_44.jpg,Brown_Swiss,6
cattle\Gir\Gir_2.JPG,Gir,9
cattle\Gir\Gir_349.jpg,Gir,9
cattle\Sahiwal\Sahiwal_83.jpg,Sahiwal,45
cattle\Kenkatha\image_259x194_22.jpg,Kenkatha,20
cattle\Kosali\image_201x251_1.jpg,Kosali,24
cattle\Pulikulam\Pulikulam_13.jpg,Pulikulam,38
cattle\Gir\Gir_230.jpg,Gir,9
cattle\Malnad_gidda\00000126.jpeg,Malnad_gidda,28
cattle\Murrah\Murrah_19.jpg,Murrah,31
cattle\Malnad_gidda\00000098.jpg,Malnad_gidda,28
cattle\Lakhimi\image_300x168_45.jpg,Lakhimi,27
cattle\Gir\Gir_207.png,Gir,9
cattle\Brown_Swiss\Brown_Swiss_112.jpg,Brown_Swiss,6
cattle\Brown_Swiss\Brown_Swiss_42.jpg,Brown_Swiss,6
cattle\Red_Sindhi\Red_Sindhi_94.jpg,Red_Sindhi,44
cattle\Murrah\Murrah_174.jpg,Murrah,31
cattle\malvi\image_259x194_36.jpg,malvi,60
cattle\Brown_Swiss\Brown_Swiss_172.jpg,Brown_Swiss,6
cattle\Red_Sindhi\Red_Sindhi_95.jpg,Red_Sindhi,44
cattle\Poda Thirupu\image_300x168_37.jpg,Poda Thirupu,37
cattle\Lakhimi\image_194x259_42.jpg,Lakhimi,27
cattle\Bargur\image_275x183_51.jpeg,Bargur,4
cattle\Shweta Kapila\image_300x168_47.jpg,Shweta Kapila,46
cattle\Poda Thirupu\image_322x156_54.jpg,Poda Thirupu,37
cattle\Ayrshire\Ayrshire_116.jpg,Ayrshire,2
cattle\ghumsari\image_240x210_1.jpg,ghumsari,58
cattle\Nagpuri\Nagpuri_81.jpg,Nagpuri,32
cattle\Hariana\Hariana_98.jpg,Hariana,12
cattle\Malnad_gidda\Screenshot (1154).png,Malnad_gidda,28
cattle\Holstein_Friesian\Holstein_Friesian_107.jpg,Holstein_Friesian,14
cattle\Vechur\00000257.jpg,Vechur,51
cattle\Hallikar\Hallikar_177.jpg,Hallikar,11
cattle\Gir\Gir_187.jpg,Gir,9
cattle\Alambadi\Alambadi_41.png,Alambadi,0
cattle\Purnea\image_259x194_7.jpg,Purnea,40
cattle\Nili_Ravi\Nili_Ravi_52.jpg,Nili_Ravi,34
cattle\motu\image_259x194_3.jpg,motu,61
cattle\Khillari\Khillari_2.JPG,Khillari,22
cattle\thutho\image_300x168_32.jpg,thutho,65
cattle\Khillari\Khillari_78.png,Khillari,22
cattle\badri\image_300x168_24.jpg,badri,53
cattle\Gir\Gir_155.png,Gir,9
cattle\Umblachery\image_194x259_48.jpg,Umblachery,50
cattle\ponwar\image_272x185_44.jpg,ponwar,63
cattle\Sahiwal\Sahiwal_350.jpg,Sahiwal,45
cattle\Murrah\Murrah_158.jpg,Murrah,31
cattle\Purnea\image_259x194_17 (4).jpg,Purnea,40
cattle\Ayrshire\Ayrshire_27.jpg,Ayrshire,2
cattle\siri\image_205x164_29.jpg,siri,64
cattle\Nagpuri\Nagpuri_44.png,Nagpuri,32
cattle\Ayrshire\Ayrshire_202.jpg,Ayrshire,2
cattle\Nari\image_168x300_35.jpg,Nari,33
cattle\Ayrshire\Ayrshire_110.jpg,Ayrshire,2
cattle\Nagpuri\Nagpuri_139.jpg,Nagpuri,32
cattle\Lakhimi\image_225x225_29 (2).jpg,Lakhimi,27
cattle\Umblachery\image_194x259_41.jpg,Umblachery,50
cattle\Ongole\Ongole_41.jpg,Ongole,36
cattle\malvi\image_168x300_6.jpg,malvi,60
cattle\siri\image_299x169_43.jpg,siri,64
cattle\Guernsey\Guernsey_44.jpg,Guernsey,10
cattle\bhelai\Ministry_of_Fisheries_Animal_Husbandry_.jpg,bhelai,54
cattle\Murrah\Murrah_6.jpg,Murrah,31
cattle\Amritmahal\Amritmahal_58.jpg,Amritmahal,1
cattle\Hariana\Hariana_54.jpg,Hariana,12
cattle\nagori\image_259x194_33.jpg,nagori,62
cattle\Umblachery\image_225x225_26.jpg,Umblachery,50
cattle\Rathi\00000379.JPG,Rathi,41
cattle\Nagpuri\Nagpuri_156.jpg,Nagpuri,32
cattle\Banni\00000124.jpg,Banni,3
cattle\Khariar\image_260x194_3.jpg,Khariar,21
cattle\Bargur\Bargur_85.jpeg,Bargur,4
cattle\Khariar\image_260x194_4.jpeg,Khariar,21
cattle\Red_Dane\Red_Dane_74.jpg,Red_Dane,43
cattle\Pulikulam\Pulikulam_71.jpg,Pulikulam,38
cattle\Tharparkar\Tharparkar_83.jpeg,Tharparkar,48
cattle\Konkan Kapila\image_225x224_4.jpg,Konkan Kapila,23
cattle\nagori\image_209x242_44.jpg,nagori,62
cattle\Hallikar\Hallikar_71.png,Hallikar,11
cattle\Purnea\image_268x188_5.jpg,Purnea,40
cattle\nagori\image_169x299_1.jpg,nagori,62
cattle\Pulikulam\Pulikulam_78.jpg,Pulikulam,38
cattle\Red_Dane\Red_Dane_138.jpg,Red_Dane,43
cattle\Shweta Kapila\Visually_searched_image (6).jpg,Shweta Kapila,46
cattle\ghumsari\image_194x259_49.jpg,ghumsari,58
cattle\Umblachery\Umblachery_3.jpg,Umblachery,50
cattle\Amritmahal\Amritmahal_31.jpg,Amritmahal,1
cattle\Dangi\image_259x194_25.jpg,Dangi,7
cattle\Gir\Gir_3.JPG,Gir,9
cattle\Amritmahal\Amritmahal_35.png,Amritmahal,1
cattle\Amritmahal\Amritmahal_36.jpg,Amritmahal,1
cattle\dagri\image_276x183_51.jpg,dagri,55
cattle\bachaur\image_266x190_29.jpg,bachaur,52
cattle\Deoni\Deoni_81.png,Deoni,8
cattle\Lakhimi\image_225x224_30.jpg,Lakhimi,27
cattle\Punganur\image_50x50_64.jpeg,Punganur,39
cattle\Ayrshire\Ayrshire_153.jpg,Ayrshire,2
cattle\Amritmahal\Amritmahal_38.png,Amritmahal,1
cattle\Kenkatha\image_205x161_60.jpg,Kenkatha,20
cattle\Lakhimi\image_168x300_47 (2).jpg,Lakhimi,27
cattle\Kangayam\image_242x209_49.jpg,Kangayam,17
cattle\dagri\image_259x194_14.jpg,dagri,55
cattle\Guernsey\Guernsey_50.jpg,Guernsey,10
cattle\Mewati\image_225x224_51.jpg,Mewati,30
cattle\Konkan Kapila\image_264x191_3.jpg,Konkan Kapila,23
cattle\Red_Sindhi\Red_Sindhi_76.jpg,Red_Sindhi,44
cattle\badri\SAVE_DESI_COW_Breeds_-_Breed_.jpg,badri,53
cattle\ponwar\image_300x168_39.jpg,ponwar,63
cattle\Alambadi\Alambadi_81.png,Alambadi,0
cattle\Ongole\Ongole_76.png,Ongole,36
cattle\Bhadawari\Bhadawari_48.jpg,Bhadawari,5
cattle\Banni\00000179.jpg,Banni,3
cattle\Sahiwal\Sahiwal_101.jpg,Sahiwal,45
cattle\Vechur\00000011.jpg,Vechur,51
cattle\Kasargod\00000384.jpg,Kasargod,19
cattle\badri\image_250x202_51.jpg,badri,53
cattle\Shweta Kapila\image_299x168_47.jpg,Shweta Kapila,46
cattle\Nagpuri\Nagpuri_89.jpg,Nagpuri,32
cattle\Kankrej\Kankrej_109.jpg,Kankrej,18
cattle\Tharparkar\Tharparkar_70.png,Tharparkar,48
cattle\gaolao\Ongole_109.png,gaolao,57
cattle\kherigarh\image_225x225_6.jpg,kherigarh,59
cattle\Lakhimi\image_241x209_54.jpg,Lakhimi,27
cattle\Red_Sindhi\Red_Sindhi_100.jpeg,Red_Sindhi,44
cattle\Guernsey\Guernsey_30.jpg,Guernsey,10
cattle\Ongole\Ongole_140.jpg,Ongole,36
cattle\Punganur\image_50x50_69.jpg,Punganur,39
cattle\Mewati\image_259x194_14 (2).jpg,Mewati,30
cattle\Dangi\image_246x205_61.jpg,Dangi,7
cattle\kherigarh\image_259x194_6 (2).jpg,kherigarh,59
cattle\ponwar\image_245x205_60.jpg,ponwar,63
cattle\Hariana\Hariana_90.png,Hariana,12
cattle\Purnea\image_300x168_69.jpg,Purnea,40
cattle\Nari\image_259x194_45 (2).jpg,Nari,33
cattle\thutho\image_259x194_21 (2).jpg,thutho,65
cattle\Hallikar\Hallikar_139.jpg,Hallikar,11
cattle\nagori\image_201x251_20.jpg,nagori,62
cattle\Shweta Kapila\image_259x195_22.jpg,Shweta Kapila,46
cattle\Holstein_Friesian\Holstein_Friesian_290.jpg,Holstein_Friesian,14
cattle\Tharparkar\Tharparkar_78.jpg,Tharparkar,48
cattle\Red_Dane\Red_Dane_152.jpg,Red_Dane,43
cattle\Nili_Ravi\Nili_Ravi_16.jpg,Nili_Ravi,34
cattle\Kasargod\00000021.jpg,Kasargod,19
cattle\Gir\Gir_285.jpg,Gir,9
cattle\Tharparkar\Tharparkar_94.jpg,Tharparkar,48
cattle\Sahiwal\Sahiwal_240.jpg,Sahiwal,45
cattle\nagori\image_193x262_18.jpg,nagori,62
cattle\Sahiwal\Sahiwal_349.jpg,Sahiwal,45
cattle\Jersey\Jersey_121.jpg,Jersey,16
cattle\Kosali\image_259x194_14 (2).jpg,Kosali,24
cattle\Himachali Pahari\Top_10_Black_Cattle_Breeds_An_Overview.jpg,Himachali Pahari,13
cattle\Mewati\image_259x194_22.jpg,Mewati,30
cattle\Vechur\00000122.jpg,Vechur,51
cattle\Nili_Ravi\Nili_Ravi_86.jpeg,Nili_Ravi,34
cattle\Bargur\image_259x194_27.jpg,Bargur,4
cattle\Gir\Gir_217.jpg,Gir,9
cattle\Mehsana\Mehsana_90.jpg,Mehsana,29
cattle\Rathi\00000197.jpg,Rathi,41
cattle\Nagpuri\Nagpuri_9.jpeg,Nagpuri,32
cattle\Lakhimi\image_300x168_39 (2).jpg,Lakhimi,27
cattle\Mehsana\Mehsana_4.png,Mehsana,29
cattle\ponwar\image_275x183_42 (2).jpg,ponwar,63
cattle\Umblachery\image_168x300_36 (2).jpg,Umblachery,50
cattle\Murrah\Murrah_133.jpg,Murrah,31
cattle\nagori\image_259x194_31 (2).jpg,nagori,62
cattle\Nili_Ravi\Nili_Ravi_6.jpg,Nili_Ravi,34
cattle\Malnad_gidda\00000074.png,Malnad_gidda,28
cattle\Kangayam\Kangayam_52.jpg,Kangayam,17
cattle\Toda\Toda_109.jpg,Toda,49
cattle\Ongole\Ongole_151.jpg,Ongole,36
cattle\Alambadi\Alambadi_16.jpg,Alambadi,0
cattle\Mewati\image_224x225_49.jpg,Mewati,30
cattle\Sahiwal\Sahiwal_257.jpg,Sahiwal,45
cattle\Red kandhari\image_275x183_8 (2).jpg,Red kandhari,42
cattle\Lakhimi\image_194x259_26.jpg,Lakhimi,27
cattle\Tharparkar\Tharparkar_101.jpg,Tharparkar,48
cattle\kherigarh\image_280x180_3.jpg,kherigarh,59
cattle\Red_Dane\Red_Dane_132.jpg,Red_Dane,43
cattle\Mewati\image_275x183_51.jpg,Mewati,30
cattle\Khillari\Khillari_54.jpg,Khillari,22
cattle\Ayrshire\Ayrshire_91.jpg,Ayrshire,2
cattle\Sahiwal\Sahiwal_105.jpg,Sahiwal,45
cattle\Murrah\Murrah_63.jpg,Murrah,31
cattle\Red kandhari\image_168x300_43.jpg,Red kandhari,42
cattle\bhelai\ezgif-frame-069.jpg,bhelai,54
cattle\Jaffrabadi\Jaffrabadi_77.png,Jaffrabadi,15
cattle\Nagpuri\Nagpuri_153.jpg,Nagpuri,32
cattle\Red_Sindhi\Red_Sindhi_34.jpg,Red_Sindhi,44
cattle\Jersey\Jersey_73.jpg,Jersey,16
cattle\bachaur\image_259x194_39.jpg,bachaur,52
cattle\Holstein_Friesian\Holstein_Friesian_20.jpg,Holstein_Friesian,14
cattle\Gir\Gir_18.jpg,Gir,9
cattle\gangatari\image_259x194_29.jpg,gangatari,56
cattle\gangatari\Gaolao_Dairy_Knowledge_Portal.jpg,gangatari,56
cattle\Kenkatha\image_259x194_19.jpg,Kenkatha,20
cattle\Deoni\Deoni_3.JPG,Deoni,8
cattle\Shweta Kapila\image_259x194_38.jpg,Shweta Kapila,46
cattle\Dangi\image_272x185_51.jpg,Dangi,7
cattle\siri\image_275x183_38.jpg,siri,64
cattle\Kangayam\image_150x335_59.jpg,Kangayam,17
cattle\Holstein_Friesian\Holstein_Friesian_205.jpg,Holstein_Friesian,14
cattle\Sahiwal\Sahiwal_23.jpg,Sahiwal,45
cattle\Jaffrabadi\Jaffrabadi_65.jpg,Jaffrabadi,15
cattle\Red_Sindhi\Red_Sindhi_152.png,Red_Sindhi,44
cattle\Sahiwal\Sahiwal_139.jpg,Sahiwal,45
cattle\Murrah\Murrah_122.jpeg,Murrah,31
cattle\Red_Sindhi\Red_Sindhi_133.png,Red_Sindhi,44
cattle\siri\image_259x194_15.jpg,siri,64
cattle\bachaur\image_294x171_10.jpg,bachaur,52
cattle\gaolao\Ongole_72.jpg,gaolao,57
cattle\motu\image_168x300_57.jpg,motu,61
cattle\Amritmahal\image_259x194_38.jpg,Amritmahal,1
cattle\Umblachery\image_335x151_47.jpg,Umblachery,50
cattle\Bhadawari\Bhadawari_10.jpg,Bhadawari,5
cattle\malvi\image_275x183_45.jpg,malvi,60
cattle\Guernsey\Guernsey_54.jpg,Guernsey,10
cattle\Sahiwal\Sahiwal_329.png,Sahiwal,45
cattle\Nari\image_200x200_34.jpg,Nari,33
cattle\Kangayam\Kangayam_89.jpg,Kangayam,17
cattle\ghumsari\image_299x168_5.jpg,ghumsari,58
cattle\Ladakhi\image_259x194_11 (2).jpg,Ladakhi,26
cattle\dagri\image_275x183_52.jpg,dagri,55
cattle\Brown_Swiss\Brown_Swiss_88.jpg,Brown_Swiss,6
cattle\Shweta Kapila\image_272x185_61.jpg,Shweta Kapila,46
cattle\Sahiwal\Sahiwal_433.jpeg,Sahiwal,45
cattle\Gir\Gir_70.png,Gir,9
cattle\Holstein_Friesian\Holstein_Friesian_273.jpg,Holstein_Friesian,14
cattle\Gir\Gir_77.jpg,Gir,9
cattle\Toda\Toda_94.jpg,Toda,49
cattle\Umblachery\Umblachery_28.png,Umblachery,50
cattle\Dangi\image_265x190_5.jpg,Dangi,7
cattle\Holstein_Friesian\Holstein_Friesian_80.jpg,Holstein_Friesian,14
cattle\Vechur\00000321.jpg,Vechur,51
cattle\Poda Thirupu\image_168x300_44.jpg,Poda Thirupu,37
cattle\Umblachery\Umblachery_13.jpg,Umblachery,50
cattle\Lakhimi\image_259x194_4.jpg,Lakhimi,27
cattle\malvi\image_225x225_44.jpg,malvi,60
cattle\motu\image_259x194_36.jpg,motu,61
cattle\Purnea\image_276x182_64.jpg,Purnea,40
cattle\malvi\image_201x251_4.jpg,malvi,60
cattle\Umblachery\image_194x259_49.jpg,Umblachery,50
cattle\thutho\image_259x194_44.jpg,thutho,65
cattle\Khariar\image_267x189_2.jpg,Khariar,21
cattle\Pulikulam\Pulikulam_39.png,Pulikulam,38
cattle\gangatari\image_259x194_35.jpg,gangatari,56
cattle\Pulikulam\Pulikulam_98.jpg,Pulikulam,38
cattle\Vechur\Screenshot (269).png,Vechur,51
cattle\gaolao\Gaolao.jpg,gaolao,57
cattle\Hallikar\Hallikar_25.jpg,Hallikar,11
cattle\Vechur\Screenshot (290).png,Vechur,51
cattle\Hallikar\Hallikar_19.jpg,Hallikar,11
cattle\Kosali\image_259x194_5 (3).jpg,Kosali,24
cattle\Punganur\image_259x194_46.jpg,Punganur,39
cattle\Tharparkar\Tharparkar_135.jpg,Tharparkar,48
cattle\thutho\image_253x199_29.jpg,thutho,65
cattle\Khariar\image_266x189_10.jpg,Khariar,21
cattle\Purnea\image_224x224_44.jpg,Purnea,40
cattle\Rathi\00000290.jpg,Rathi,41
cattle\Jersey\Jersey_80.jpg,Jersey,16
cattle\gangatari\UP-_.jpg,gangatari,56
cattle\Khillari\Khillari_60.png,Khillari,22
cattle\motu\image_259x194_23.jpg,motu,61
cattle\Umblachery\image_168x300_29.jpg,Umblachery,50
cattle\Nari\Visually_searched_image (3).jpg,Nari,33
cattle\Himachali Pahari\image_242x209_1.jpg,Himachali Pahari,13
cattle\Kangayam\Kangayam_74.jpg,Kangayam,17
cattle\Konkan Kapila\image_194x259_2 (2).jpg,Konkan Kapila,23
cattle\Tharparkar\Tharparkar_208.jpg,Tharparkar,48
cattle\motu\image_300x168_44.jpg,motu,61
cattle\ponwar\image_299x168_57.jpg,ponwar,63
cattle\Ladakhi\image_300x168_2.jpg,Ladakhi,26
cattle\Malnad_gidda\00000087.jpg,Malnad_gidda,28
cattle\Murrah\Murrah_39.jpeg,Murrah,31
cattle\Kasargod\00000324.jpg,Kasargod,19
cattle\Sahiwal\Sahiwal_386.png,Sahiwal,45
cattle\Malnad_gidda\00000003.jpg,Malnad_gidda,28
cattle\Sahiwal\Sahiwal_103.jpg,Sahiwal,45
cattle\Pulikulam\Pulikulam_31.png,Pulikulam,38
cattle\Dangi\image_262x192_22.jpg,Dangi,7
cattle\nagori\image_259x194_12.jpg,nagori,62
cattle\Purnea\image_284x177_61.jpg,Purnea,40
cattle\Umblachery\image_259x194_8.jpg,Umblachery,50
cattle\thutho\image_194x259_47.jpg,thutho,65
cattle\Umblachery\image_168x300_33.jpg,Umblachery,50
cattle\ponwar\image_276x183_37 (2).jpg,ponwar,63
cattle\malvi\image_259x194_34.jpg,malvi,60
cattle\Umblachery\image_251x201_2 (2).jpg,Umblachery,50
cattle\siri\image_259x194_12 (2).jpg,siri,64
cattle\thutho\image_225x225_56.jpg,thutho,65
cattle\Amritmahal\image_225x225_44.jpg,Amritmahal,1
cattle\Sahiwal\Sahiwal_12.jpg,Sahiwal,45
cattle\Murrah\Murrah_22.jpg,Murrah,31
cattle\Sahiwal\Sahiwal_111.jpg,Sahiwal,45
cattle\badri\Scenic_Footage_Badri_Cow_Calf_in_.jpg,badri,53
cattle\Kangayam\Kangayam_97.jpg,Kangayam,17
cattle\Guernsey\Guernsey_26.jpg,Guernsey,10
cattle\Shweta Kapila\image_259x194_29 (2).jpg,Shweta Kapila,46
cattle\Mewati\image_259x194_12 (2).jpg,Mewati,30
cattle\Tharparkar\Tharparkar_189.png,Tharparkar,48
cattle\Purnea\image_260x193_25.jpg,Purnea,40
cattle\Konkan Kapila\image_259x194_13.jpg,Konkan Kapila,23
cattle\Kangayam\Kangayam_26.jpg,Kangayam,17
cattle\Toda\Toda_62.jpg,Toda,49
cattle\Gir\Gir_322.png,Gir,9
cattle\Sahiwal\Sahiwal_125.jpg,Sahiwal,45
cattle\Holstein_Friesian\Holstein_Friesian_271.jpg,Holstein_Friesian,14
cattle\Ongole\Ongole_14.jpg,Ongole,36
cattle\Kankrej\Kankrej_159.jpg,Kankrej,18
cattle\Nari\image_194x259_63.jpg,Nari,33
cattle\Red_Dane\Red_Dane_53.jpg,Red_Dane,43
cattle\Tharparkar\Tharparkar_116.jpg,Tharparkar,48
cattle\Hallikar\Hallikar_37.jpg,Hallikar,11
cattle\thutho\image_259x194_22 (2).jpg,thutho,65
cattle\Hallikar\Hallikar_53.png,Hallikar,11
cattle\badri\image_168x300_15.jpg,badri,53
cattle\Ongole\Ongole_138.jpg,Ongole,36
cattle\Jaffrabadi\Jaffrabadi_101.jpg,Jaffrabadi,15
cattle\Poda Thirupu\image_287x175_47.jpg,Poda Thirupu,37
cattle\Guernsey\Guernsey_57.jpg,Guernsey,10
cattle\Kenkatha\image_225x225_31.jpg,Kenkatha,20
cattle\Jaffrabadi\Jaffrabadi_2.png,Jaffrabadi,15
cattle\Gir\Gir_143.jpg,Gir,9
cattle\thutho\image_259x194_3.jpg,thutho,65
cattle\Red_Sindhi\Red_Sindhi_126.png,Red_Sindhi,44
cattle\Vechur\00000242.jpg,Vechur,51
cattle\Gir\Gir_223.jpg,Gir,9
cattle\Nili_Ravi\Nili_Ravi_79.jpg,Nili_Ravi,34
cattle\Kenkatha\image_225x225_48.jpg,Kenkatha,20
cattle\badri\Badri_cow_is_profitable_breed_ghee_and_.jpg,badri,53
cattle\Alambadi\Alambadi_47.png,Alambadi,0
cattle\Dangi\image_259x194_26.jpg,Dangi,7
cattle\Sahiwal\Sahiwal_390.jpg,Sahiwal,45
cattle\Jersey\Jersey_14.jpg,Jersey,16
cattle\Himachali Pahari\image_259x194_13 (3).jpg,Himachali Pahari,13
cattle\Lakhimi\image_259x194_11.jpg,Lakhimi,27
cattle\Bargur\Bargur_89.png,Bargur,4
cattle\Dangi\image_259x194_30.jpg,Dangi,7
cattle\Kosali\image_265x190_2.jpg,Kosali,24
cattle\Krishna_Valley\Krishna_Valley_115.jpg,Krishna_Valley,25
cattle\Kasargod\00000212.jpg,Kasargod,19
cattle\Nimari\00000396.jpg,Nimari,35
cattle\Pulikulam\Pulikulam_85.jpg,Pulikulam,38
cattle\Konkan Kapila\image_303x166_4.jpg,Konkan Kapila,23
cattle\gangatari\image_300x168_42.jpg,gangatari,56
cattle\Mewati\image_243x207_5.jpg,Mewati,30
cattle\Shweta Kapila\image_194x259_54.jpg,Shweta Kapila,46
cattle\Shweta Kapila\image_225x225_40.jpg,Shweta Kapila,46
cattle\Red_Sindhi\Red_Sindhi_165.png,Red_Sindhi,44
cattle\Hallikar\Hallikar_137.jpg,Hallikar,11
cattle\Tharparkar\Tharparkar_197.png,Tharparkar,48
cattle\Nagpuri\Nagpuri_109.jpg,Nagpuri,32
cattle\Sahiwal\Sahiwal_445.jpg,Sahiwal,45
cattle\gangatari\Desi_Cow_Breeds_Gangatiri_Cow_Farm_.jpg,gangatari,56
cattle\Umblachery\Umblachery_57.png,Umblachery,50
cattle\Gir\Gir_62.png,Gir,9
cattle\Jaffrabadi\Jaffrabadi_23.png,Jaffrabadi,15
cattle\bachaur\image_277x182_3.jpg,bachaur,52
cattle\Kosali\image_225x225_2.jpg,Kosali,24
cattle\Kangayam\image_273x184_54.jpg,Kangayam,17
cattle\Amritmahal\image_200x134_71.jpg,Amritmahal,1
cattle\Kenkatha\image_263x192_2.jpg,Kenkatha,20
cattle\Malnad_gidda\Screenshot (1152).png,Malnad_gidda,28
cattle\gangatari\image_259x194_19.jpg,gangatari,56
cattle\Sahiwal\Sahiwal_49.jpg,Sahiwal,45
cattle\Punganur\image_168x300_20.jpg,Punganur,39
cattle\thutho\image_259x194_15.jpg,thutho,65
cattle\Umblachery\image_259x194_10 (3).jpg,Umblachery,50
cattle\ponwar\image_266x190_35.jpg,ponwar,63
cattle\Nari\image_200x166_67.jpg,Nari,33
cattle\Deoni\Deoni_35.jpg,Deoni,8
cattle\Purnea\image_283x178_50.jpg,Purnea,40
cattle\Murrah\Murrah_176.jpg,Murrah,31
cattle\Umblachery\Umblachery_25.jpg,Umblachery,50
cattle\Nari\image_225x225_30.jpg,Nari,33
cattle\Kosali\image_168x300_2.jpg,Kosali,24
cattle\Brown_Swiss\Brown_Swiss_36.jpg,Brown_Swiss,6
cattle\kherigarh\image_194x259_2.jpg,kherigarh,59
cattle\Sahiwal\Sahiwal_229.jpg,Sahiwal,45
cattle\Purnea\image_260x194_1 (2).jpg,Purnea,40
cattle\Ongole\Ongole_13.jpg,Ongole,36
cattle\Ladakhi\image_300x168_47.jpg,Ladakhi,26
cattle\Nagpuri\Nagpuri_143.jpg,Nagpuri,32
cattle\Rathi\00000055.jpg,Rathi,41
cattle\malvi\image_245x206_34.jpg,malvi,60
cattle\motu\image_259x194_11 (2).jpg,motu,61
cattle\Red_Dane\Red_Dane_133.jpg,Red_Dane,43
cattle\Dangi\image_225x225_33.jpg,Dangi,7
cattle\Shweta Kapila\image_225x225_51.jpg,Shweta Kapila,46
cattle\gaolao\0439.jpg,gaolao,57
cattle\Toda\Toda_113.jpg,Toda,49
cattle\Krishna_Valley\Krishna_Valley_88.jpg,Krishna_Valley,25
cattle\motu\image_300x168_35.jpg,motu,61
cattle\gaolao\Dangi_cattle_-_Alchetron_The_Free_.jpg,gaolao,57
cattle\gangatari\Screenshot 2025-09-24 191411.png,gangatari,56
cattle\Konkan Kapila\image_299x168_5 (2).jpg,Konkan Kapila,23
cattle\ghumsari\image_259x194_31.jpg,ghumsari,58
cattle\badri\Badri_Cow_Bulls_With_Long_Horns_ (7).jpg,badri,53
cattle\bachaur\image_277x182_57.jpg,bachaur,52
cattle\Jersey\Jersey_41.jpg,Jersey,16
cattle\Ayrshire\Ayrshire_123.jpg,Ayrshire,2
cattle\badri\Badri_Pahadi_cows_get_to_graze_in_the_ (1).jpg,badri,53
cattle\Amritmahal\Amritmahal_44.png,Amritmahal,1
cattle\Sahiwal\Sahiwal_238.jpg,Sahiwal,45
cattle\ponwar\image_222x227_55.jpg,ponwar,63
cattle\Nari\image_225x225_24.jpg,Nari,33
cattle\siri\image_194x259_30.jpg,siri,64
cattle\Rathi\00000077.jpg,Rathi,41
cattle\ponwar\image_297x170_51.jpg,ponwar,63
cattle\Jaffrabadi\Jaffrabadi_31.png,Jaffrabadi,15
cattle\Konkan Kapila\image_259x194_14.jpg,Konkan Kapila,23
cattle\Nagpuri\Nagpuri_145.jpg,Nagpuri,32
cattle\Kosali\image_259x194_16 (2).jpg,Kosali,24
cattle\Nimari\00000378.jpg,Nimari,35
cattle\Himachali Pahari\image_214x235_1.jpg,Himachali Pahari,13
cattle\Bargur\image_257x196_25.jpg,Bargur,4
cattle\malvi\image_201x251_73.jpg,malvi,60
cattle\motu\image_292x173_58.jpg,motu,61
cattle\dagri\image_225x225_45.jpg,dagri,55
cattle\Tharparkar\Tharparkar_149.png,Tharparkar,48
cattle\Lakhimi\image_251x201_1.jpg,Lakhimi,27
cattle\Gir\Gir_39.jpg,Gir,9
cattle\gangatari\Screenshot 2025-09-24 191447.png,gangatari,56
cattle\Punganur\image_168x300_3.jpg,Punganur,39
cattle\Banni\00000191.jpg,Banni,3
cattle\Red kandhari\image_257x196_4.jpg,Red kandhari,42
cattle\Gir\Gir_118.jpg,Gir,9
cattle\Brown_Swiss\Brown_Swiss_108.jpg,Brown_Swiss,6
cattle\bhelai\Screenshot 2025-09-24 182850.png,bhelai,54
cattle\Mehsana\Mehsana_56.jpg,Mehsana,29
cattle\Holstein_Friesian\Holstein_Friesian_57.jpg,Holstein_Friesian,14
cattle\Vechur\00000229.jpg,Vechur,51
cattle\gaolao\Gaolao_Cattle_Origin_Characteristics_.jpg,gaolao,57
cattle\Holstein_Friesian\Holstein_Friesian_193.jpg,Holstein_Friesian,14
cattle\gangatari\image_259x194_20.jpg,gangatari,56
cattle\ghumsari\image_259x194_11.jpg,ghumsari,58
cattle\Dangi\00000167.jpg,Dangi,7
cattle\Punganur\The_Punganur_Cow_A_Dwarf_Breed_with_.jpg,Punganur,39
cattle\Gir\Gir_121.png,Gir,9
cattle\dagri\ezgif-frame-070.jpg,dagri,55
cattle\nagori\image_299x168_46.jpg,nagori,62
cattle\Red_Dane\Red_Dane_128.jpg,Red_Dane,43
cattle\Bargur\Bargur_9.png,Bargur,4
cattle\Sahiwal\Sahiwal_117.jpg,Sahiwal,45
cattle\Sahiwal\Sahiwal_86.jpg,Sahiwal,45
cattle\Sahiwal\Sahiwal_415.jpg,Sahiwal,45
cattle\kherigarh\image_300x168_2.jpg,kherigarh,59
cattle\Tharparkar\Tharparkar_151.png,Tharparkar,48
cattle\Mewati\image_261x193_6.jpg,Mewati,30
cattle\Dangi\image_275x184_41.jpg,Dangi,7
cattle\Jersey\Jersey_117.jpg,Jersey,16
cattle\Vechur\00000168.jpg,Vechur,51
cattle\malvi\image_242x208_65.jpg,malvi,60
cattle\motu\image_259x195_1.jpg,motu,61
cattle\Mewati\image_259x194_15 (2).jpg,Mewati,30
cattle\malvi\image_259x194_40 (2).jpg,malvi,60
cattle\Amritmahal\image_259x194_40.jpg,Amritmahal,1
cattle\Ongole\Ongole_187.jpg,Ongole,36
cattle\Banni\00000132.jpg,Banni,3
cattle\Gir\Gir_4.jPG,Gir,9
cattle\Kosali\image_194x259_12.jpg,Kosali,24
cattle\Khillari\Khillari_117.jpg,Khillari,22
cattle\Konkan Kapila\image_299x168_6 (3).jpg,Konkan Kapila,23
cattle\Nimari\00000003.JPG,Nimari,35
cattle\Holstein_Friesian\Holstein_Friesian_266.jpg,Holstein_Friesian,14
cattle\ghumsari\image_300x168_38.jpg,ghumsari,58
cattle\Hariana\Hariana_117.jpg,Hariana,12
cattle\Alambadi\Alambadi_17.png,Alambadi,0
cattle\Purnea\image_259x194_41.jpg,Purnea,40
cattle\motu\image_335x150_62.jpg,motu,61
cattle\Shweta Kapila\image_227x222_52.jpg,Shweta Kapila,46
cattle\Red kandhari\image_266x190_4.jpg,Red kandhari,42
cattle\Red_Sindhi\Red_Sindhi_135.png,Red_Sindhi,44
cattle\Himachali Pahari\image_337x150_1.jpg,Himachali Pahari,13
cattle\Amritmahal\image_259x195_27.jpg,Amritmahal,1
cattle\ponwar\image_201x251_58 (2).jpg,ponwar,63
cattle\Hariana\Hariana_37.png,Hariana,12
cattle\Gir\Gir_216.jpg,Gir,9
cattle\Ayrshire\Ayrshire_28.jpg,Ayrshire,2
cattle\Bhadawari\Bhadawari_61.jpg,Bhadawari,5
cattle\Krishna_Valley\Krishna_Valley_59.jpg,Krishna_Valley,25
cattle\Poda Thirupu\image_299x168_41.jpg,Poda Thirupu,37
cattle\Kangayam\Kangayam_73.jpg,Kangayam,17
cattle\Brown_Swiss\Brown_Swiss_24.jpg,Brown_Swiss,6
cattle\Red_Dane\Red_Dane_17.jpg,Red_Dane,43
cattle\Jaffrabadi\Jaffrabadi_19.png,Jaffrabadi,15
cattle\Ladakhi\image_225x225_38.jpg,Ladakhi,26
cattle\Himachali Pahari\Black_Hf_Cow_at_5500000_INR_in_Karnal_.jpg,Himachali Pahari,13
cattle\Toda\Toda_28.jpg,Toda,49
cattle\Konkan Kapila\image_275x183_2 (2).jpg,Konkan Kapila,23
cattle\Dangi\image_259x195_1.jpg,Dangi,7
cattle\Nari\image_168x300_69.jpg,Nari,33
cattle\Nari\image_275x183_50.jpg,Nari,33
cattle\Deoni\Deoni_65.png,Deoni,8
cattle\Poda Thirupu\image_260x194_6.jpg,Poda Thirupu,37
cattle\Poda Thirupu\image_168x300_39.jpg,Poda Thirupu,37
cattle\Jersey\Jersey_6.jpg,Jersey,16
cattle\Ayrshire\Ayrshire_37.jpg,Ayrshire,2
cattle\Kenkatha\image_225x225_30.jpg,Kenkatha,20
cattle\Gir\Gir_228.jpg,Gir,9
cattle\Sahiwal\Sahiwal_1.JPG,Sahiwal,45
cattle\kherigarh\image_299x168_3.jpg,kherigarh,59
cattle\Khillari\Khillari_29.jpg,Khillari,22
cattle\siri\image_280x111_71.jpg,siri,64
cattle\ponwar\image_259x194_25.jpg,ponwar,63
cattle\ponwar\image_299x168_38.jpg,ponwar,63
cattle\Gir\Gir_360.png,Gir,9
cattle\Punganur\Punganur_cow.jpg,Punganur,39
cattle\Tharparkar\Tharparkar_18.jpg,Tharparkar,48
cattle\ghumsari\breeds_analyses_breeding_males_.jpg,ghumsari,58
cattle\Amritmahal\Amritmahal_19.png,Amritmahal,1
cattle\Holstein_Friesian\Holstein_Friesian_86.jpg,Holstein_Friesian,14
cattle\Punganur\image_226x223_53.jpg,Punganur,39
cattle\Malnad_gidda\Screenshot (1168).png,Malnad_gidda,28
cattle\Sahiwal\Sahiwal_14.jpg,Sahiwal,45
cattle\Surti\Surti_36.jpeg,Surti,47
cattle\Purnea\image_245x206_54.jpg,Purnea,40
cattle\Alambadi\Alambadi_68.png,Alambadi,0
cattle\Red_Dane\Red_Dane_166.jpg,Red_Dane,43
cattle\Holstein_Friesian\Holstein_Friesian_83.jpg,Holstein_Friesian,14
cattle\dagri\image_259x194_13 (2).jpg,dagri,55
cattle\ghumsari\image_157x320_56.jpg,ghumsari,58
cattle\Ayrshire\Ayrshire_173.jpg,Ayrshire,2
cattle\Khariar\image_225x225_6.jpg,Khariar,21
cattle\Krishna_Valley\Krishna_Valley_122.jpg,Krishna_Valley,25
cattle\Jersey\Jersey_190.jpg,Jersey,16
cattle\Vechur\00000132.jpeg,Vechur,51
cattle\Khillari\Khillari_98.jpeg,Khillari,22
cattle\Pulikulam\Pulikulam_5.JPG,Pulikulam,38
cattle\Konkan Kapila\image_194x259_4 (2).jpg,Konkan Kapila,23
cattle\gangatari\Screenshot 2025-09-24 191742.png,gangatari,56
cattle\Jersey\Jersey_16.jpg,Jersey,16
cattle\Umblachery\image_244x206_54.jpg,Umblachery,50
cattle\thutho\image_259x194_24.jpg,thutho,65
cattle\Nagpuri\Nagpuri_118.jpg,Nagpuri,32
cattle\Bhadawari\Bhadawari_72.jpg,Bhadawari,5
cattle\Gir\Gir_71.jpg,Gir,9
cattle\malvi\image_168x300_57.jpg,malvi,60
cattle\Khillari\Khillari_64.jpg,Khillari,22
cattle\Sahiwal\Sahiwal_283.jpg,Sahiwal,45
cattle\Kosali\image_168x300_9.jpg,Kosali,24
cattle\Amritmahal\Amritmahal_61.jpg,Amritmahal,1
cattle\siri\image_173x280_70.jpg,siri,64
cattle\Kosali\image_194x259_9.jpg,Kosali,24
cattle\dagri\image_259x194_8.jpg,dagri,55
cattle\Holstein_Friesian\Holstein_Friesian_276.jpg,Holstein_Friesian,14
cattle\Shweta Kapila\image_336x150_66.jpg,Shweta Kapila,46
cattle\Jaffrabadi\Jaffrabadi_29.png,Jaffrabadi,15
cattle\Kangayam\Kangayam_35.jpg,Kangayam,17
cattle\Vechur\Screenshot (267).png,Vechur,51
cattle\Purnea\image_238x211_56.jpg,Purnea,40
cattle\Murrah\Murrah_21.jpg,Murrah,31
cattle\Toda\Toda_69.jpg,Toda,49
cattle\nagori\image_259x194_31.jpg,nagori,62
cattle\Gir\Gir_89.png,Gir,9
cattle\bachaur\image_278x181_9.jpg,bachaur,52
cattle\badri\image_300x168_25.jpg,badri,53
cattle\Purnea\image_259x194_50.jpg,Purnea,40
cattle\Hariana\Hariana_110.png,Hariana,12
cattle\bhelai\Screenshot 2025-09-24 183314.png,bhelai,54
cattle\Krishna_Valley\Krishna_Valley_63.jpg,Krishna_Valley,25
cattle\ghumsari\List_of_Indian_cattle_breeds_-_Wikipedia.jpg,ghumsari,58
cattle\Ongole\Ongole_90.png,Ongole,36
cattle\Red_Dane\Red_Dane_82.jpg,Red_Dane,43
cattle\Red_Dane\Red_Dane_57.jpg,Red_Dane,43
cattle\Kenkatha\image_275x183_44.jpg,Kenkatha,20
cattle\Nagpuri\Nagpuri_99.jpg,Nagpuri,32
cattle\Red_Sindhi\Red_Sindhi_16.jpg,Red_Sindhi,44
cattle\Ongole\Ongole_39.png,Ongole,36
cattle\Sahiwal\Sahiwal_82.jpg,Sahiwal,45
cattle\Mehsana\Mehsana_43.png,Mehsana,29
cattle\Deoni\Deoni_5.jpg,Deoni,8
cattle\kherigarh\image_237x212_6.jpg,kherigarh,59
cattle\Khillari\Khillari_22.jpg,Khillari,22
cattle\malvi\image_195x259_1.jpg,malvi,60
cattle\malvi\image_242x208_64.jpg,malvi,60
cattle\Ayrshire\Ayrshire_82.jpg,Ayrshire,2
cattle\Shweta Kapila\image_275x183_51 (2).jpg,Shweta Kapila,46
cattle\Khariar\image_264x191_6.jpg,Khariar,21
cattle\Tharparkar\Tharparkar_93.png,Tharparkar,48
cattle\nagori\Visually_searched_image (4).jpg,nagori,62
cattle\malvi\image_275x183_56.jpg,malvi,60
cattle\Umblachery\image_247x204_57.jpg,Umblachery,50
cattle\Mewati\Visually_searched_image (4).jpg,Mewati,30
cattle\Murrah\Murrah_162.jpg,Murrah,31
cattle\Rathi\Screenshot (949).png,Rathi,41
cattle\Punganur\image_168x300_10.jpg,Punganur,39
cattle\Kankrej\Kankrej_124.jpg,Kankrej,18
cattle\Guernsey\Guernsey_27.jpg,Guernsey,10
cattle\Brown_Swiss\Brown_Swiss_209.jpg,Brown_Swiss,6
cattle\Tharparkar\Tharparkar_92.png,Tharparkar,48
cattle\Kosali\image_300x168_2 (3).jpg,Kosali,24
cattle\malvi\image_194x259_5.jpg,malvi,60
cattle\motu\image_265x190_10.jpg,motu,61
cattle\Lakhimi\image_272x185_53.jpg,Lakhimi,27
cattle\Hallikar\Hallikar_62.jpg,Hallikar,11
cattle\Pulikulam\Pulikulam_40.jpg,Pulikulam,38
cattle\Nagpuri\Nagpuri_33.jpg,Nagpuri,32
cattle\Mehsana\Mehsana_88.jpg,Mehsana,29
cattle\Holstein_Friesian\Holstein_Friesian_241.jpg,Holstein_Friesian,14
cattle\Ongole\Ongole_166.jpg,Ongole,36
cattle\Bhadawari\Bhadawari_78.jpg,Bhadawari,5
cattle\Poda Thirupu\image_169x298_48.jpg,Poda Thirupu,37
cattle\Nimari\00000387.jpg,Nimari,35
cattle\motu\image_259x194_12.jpg,motu,61
cattle\Sahiwal\Sahiwal_149.jpg,Sahiwal,45
cattle\badri\This_is_our_fram_of_Himalayan_Badri_cow_.jpg,badri,53
cattle\thutho\image_194x259_54.jpg,thutho,65
cattle\Toda\Toda_74.jpg,Toda,49
cattle\Guernsey\Guernsey_16.jpg,Guernsey,10
cattle\Umblachery\image_259x194_9.jpg,Umblachery,50
cattle\kherigarh\image_221x229_7 (2).jpg,kherigarh,59
cattle\Kenkatha\image_259x194_12.jpg,Kenkatha,20
cattle\Ongole\Ongole_101.jpg,Ongole,36
cattle\Nagpuri\Nagpuri_194.jpg,Nagpuri,32
cattle\thutho\image_329x153_62.jpg,thutho,65
cattle\Nari\image_225x225_56.jpg,Nari,33
cattle\Punganur\image_299x168_14.jpg,Punganur,39
cattle\siri\image_205x161_36.jpg,siri,64
cattle\Nari\image_154x326_47.jpg,Nari,33
cattle\Jaffrabadi\Jaffrabadi_62.png,Jaffrabadi,15
cattle\Ongole\Ongole_129.jpg,Ongole,36
cattle\Tharparkar\Tharparkar_75.jpg,Tharparkar,48
cattle\Dangi\image_275x183_49.jpg,Dangi,7
cattle\Toda\Toda_100.jpg,Toda,49
cattle\gaolao\Cattle_production_PPTX.jpg,gaolao,57
cattle\Mewati\image_240x210_55.jpg,Mewati,30
cattle\dagri\image_262x192_2.jpg,dagri,55
cattle\Dangi\image_259x194_8.jpg,Dangi,7
cattle\Umblachery\image_201x251_47.jpg,Umblachery,50
cattle\Rathi\00000219.jpg,Rathi,41
cattle\Gir\Gir_272.jpg,Gir,9
cattle\Konkan Kapila\image_258x195_12.jpg,Konkan Kapila,23
cattle\Khillari\Khillari_31.jpg,Khillari,22
cattle\Brown_Swiss\Brown_Swiss_2.jpg,Brown_Swiss,6
cattle\Ladakhi\image_241x209_55.jpg,Ladakhi,26
cattle\Tharparkar\Tharparkar_33.jpg,Tharparkar,48
cattle\Shweta Kapila\image_194x259_57 (2).jpg,Shweta Kapila,46
cattle\dagri\Figure_2_from_Deoni_cattle_breed_of_.jpg,dagri,55
cattle\Rathi\00000053.jpg,Rathi,41
cattle\Umblachery\image_259x195_1 (2).jpg,Umblachery,50
cattle\malvi\image_259x194_42.jpg,malvi,60
cattle\gangatari\image_265x190_23.jpg,gangatari,56
cattle\nagori\image_226x223_38.jpg,nagori,62
cattle\thutho\image_288x175_57.jpg,thutho,65
cattle\Tharparkar\Tharparkar_127.jpg,Tharparkar,48
cattle\Dangi\00000070.jpg,Dangi,7
cattle\Hallikar\Hallikar_72.png,Hallikar,11
cattle\motu\image_195x259_52.jpg,motu,61
cattle\Red_Sindhi\Red_Sindhi_80.jpg,Red_Sindhi,44
cattle\Hallikar\Hallikar_92.png,Hallikar,11
cattle\Banni\00000015.jpg,Banni,3
cattle\Mehsana\Mehsana_37.png,Mehsana,29
cattle\Mehsana\Mehsana_10.jpg,Mehsana,29
cattle\Sahiwal\Sahiwal_96.jpg,Sahiwal,45
cattle\Himachali Pahari\Goumatha_-_The_Living_God_on_X_.jpg,Himachali Pahari,13
cattle\Lakhimi\image_259x194_7 (2).jpg,Lakhimi,27
cattle\Kasargod\00000035.jpg,Kasargod,19
cattle\motu\image_259x194_35.jpg,motu,61
cattle\siri\image_265x190_37.jpg,siri,64
cattle\badri\image_168x300_10.jpg,badri,53
cattle\nagori\image_168x300_5 (2).jpg,nagori,62
cattle\Ayrshire\Ayrshire_186.jpg,Ayrshire,2
cattle\Banni\00000282.jpg,Banni,3
cattle\Vechur\00000040.jpg,Vechur,51
cattle\Umblachery\image_300x168_44 (2).jpg,Umblachery,50
cattle\Nari\image_251x201_24.jpg,Nari,33
cattle\Konkan Kapila\image_275x183_9.jpg,Konkan Kapila,23
cattle\gangatari\image_190x266_54.jpg,gangatari,56
cattle\Umblachery\image_224x225_28.jpg,Umblachery,50
cattle\Nimari\00000394.jpg,Nimari,35
cattle\Sahiwal\Sahiwal_384.png,Sahiwal,45
cattle\Mehsana\Mehsana_92.jpg,Mehsana,29
cattle\ponwar\image_259x194_11.jpg,ponwar,63
cattle\Tharparkar\Tharparkar_154.png,Tharparkar,48
cattle\Gir\Gir_297.jpg,Gir,9
cattle\Umblachery\image_259x194_12 (2).jpg,Umblachery,50
cattle\Kenkatha\image_180x148_66.jpg,Kenkatha,20
cattle\Ayrshire\Ayrshire_132.jpg,Ayrshire,2
cattle\Krishna_Valley\Krishna_Valley_98.jpg,Krishna_Valley,25
cattle\Amritmahal\image_259x194_33.jpg,Amritmahal,1
cattle\kherigarh\image_250x202_1.jpg,kherigarh,59
cattle\Umblachery\image_225x225_23 (2).jpg,Umblachery,50
cattle\badri\image_194x259_43.jpg,badri,53
cattle\badri\Types_of_Desi_Cow_Breeds_in_India_.jpg,badri,53
cattle\motu\image_259x194_27.jpg,motu,61
cattle\Ladakhi\image_300x168_45.jpg,Ladakhi,26
cattle\Deoni\Deoni_94.png,Deoni,8
cattle\Gir\Gir_95.jpg,Gir,9
cattle\Sahiwal\Sahiwal_140.jpg,Sahiwal,45
cattle\Punganur\image_300x168_36.jpg,Punganur,39
cattle\Murrah\Murrah_90.png,Murrah,31
cattle\Tharparkar\Tharparkar_174.png,Tharparkar,48
cattle\Ladakhi\image_239x211_54.jpg,Ladakhi,26
cattle\Kosali\image_225x225_5.jpg,Kosali,24
cattle\gaolao\Ongole_114.png,gaolao,57
cattle\Krishna_Valley\Krishna_Valley_32.jpg,Krishna_Valley,25
cattle\Nagpuri\Nagpuri_149.jpg,Nagpuri,32
cattle\Kosali\image_194x259_6.jpg,Kosali,24
cattle\Bhadawari\Bhadawari_35.jpg,Bhadawari,5
cattle\Mehsana\Mehsana_45.jpeg,Mehsana,29
cattle\Red_Dane\Red_Dane_98.jpg,Red_Dane,43
cattle\Punganur\Punganur_Cows_A_Guide_to_Owning_and_ (1).jpg,Punganur,39
cattle\Khariar\image_225x225_2 (2).jpg,Khariar,21
cattle\Amritmahal\Amritmahal_64.jpg,Amritmahal,1
cattle\malvi\image_299x168_70.jpg,malvi,60
cattle\Murrah\Murrah_29.jpg,Murrah,31
cattle\Jaffrabadi\Jaffrabadi_91.jpg,Jaffrabadi,15
cattle\ponwar\image_259x194_31.jpg,ponwar,63
cattle\Mehsana\Mehsana_32.png,Mehsana,29
cattle\Nimari\00000379.jpg,Nimari,35
cattle\Nili_Ravi\Nili_Ravi_40.jpg,Nili_Ravi,34
cattle\Tharparkar\Tharparkar_43.jpg,Tharparkar,48
cattle\Holstein_Friesian\Holstein_Friesian_30.jpg,Holstein_Friesian,14
cattle\Ongole\Ongole_182.jpg,Ongole,36
cattle\kherigarh\image_248x203_1.jpg,kherigarh,59
cattle\Lakhimi\image_194x259_25.jpg,Lakhimi,27
cattle\ghumsari\Ongole_159.jpg,ghumsari,58
cattle\Hariana\Hariana_5.jpg,Hariana,12
cattle\Kosali\image_259x194_4 (2).jpg,Kosali,24
cattle\Bhadawari\Bhadawari_21.jpg,Bhadawari,5
cattle\gaolao\Ongole_73.png,gaolao,57
cattle\Ongole\Ongole_17.jpg,Ongole,36
cattle\Kankrej\Kankrej_95.jpg,Kankrej,18
cattle\Mewati\image_152x331_50.jpg,Mewati,30
cattle\Kenkatha\image_250x202_15.jpg,Kenkatha,20
cattle\Nili_Ravi\Nili_Ravi_1.jpg,Nili_Ravi,34
cattle\Kosali\image_322x157_1.jpg,Kosali,24
cattle\Brown_Swiss\Brown_Swiss_101.jpg,Brown_Swiss,6
cattle\Gir\Gir_76.jpg,Gir,9
cattle\Khillari\Khillari_87.png,Khillari,22
cattle\Alambadi\Alambadi_21.png,Alambadi,0
cattle\badri\image_168x300_2.jpg,badri,53
cattle\Sahiwal\Sahiwal_136.jpg,Sahiwal,45
cattle\Gir\Gir_82.jpg,Gir,9
cattle\Gir\Gir_345.png,Gir,9
cattle\Nimari\image_168x299_49.jpg,Nimari,35
cattle\Purnea\image_180x128_62 (2).jpg,Purnea,40
cattle\Khillari\Khillari_10.jpg,Khillari,22
cattle\Murrah\Murrah_96.png,Murrah,31
cattle\Banni\00000043.jpg,Banni,3
cattle\Purnea\image_251x200_20 (2).jpg,Purnea,40
cattle\Red_Sindhi\Red_Sindhi_156.jpg,Red_Sindhi,44
cattle\gaolao\0009.jpg,gaolao,57
cattle\Punganur\image_259x194_41.jpg,Punganur,39
cattle\Hallikar\Hallikar_163.png,Hallikar,11
cattle\dagri\ezgif-frame-079.jpg,dagri,55
cattle\Lakhimi\image_225x225_51.jpg,Lakhimi,27
cattle\Nagpuri\Nagpuri_74.jpg,Nagpuri,32
cattle\Khillari\Khillari_86.png,Khillari,22
cattle\Guernsey\Guernsey_117.jpg,Guernsey,10
cattle\Jersey\Jersey_166.jpg,Jersey,16
cattle\Mewati\image_168x300_42.jpg,Mewati,30
cattle\Amritmahal\Amritmahal_48.png,Amritmahal,1
cattle\malvi\image_214x235_62.jpg,malvi,60
cattle\Jersey\Jersey_195.jpg,Jersey,16
cattle\motu\image_195x259_48.jpg,motu,61
cattle\Poda Thirupu\image_256x197_29.jpg,Poda Thirupu,37
cattle\Shweta Kapila\image_200x200_40.jpg,Shweta Kapila,46
cattle\Nimari\00000002.jpg,Nimari,35
cattle\ghumsari\image_180x137_54.jpg,ghumsari,58
cattle\Gir\Gir_311.png,Gir,9
cattle\Umblachery\image_168x300_36.jpg,Umblachery,50
cattle\ponwar\image_275x183_41.jpg,ponwar,63
cattle\Kenkatha\image_229x221_49.jpg,Kenkatha,20
cattle\badri\Aanchal_-_Naturally_Pure_-_Badri_cows_.jpg,badri,53
cattle\thutho\image_259x194_9 (3).jpg,thutho,65
cattle\Red_Dane\Red_Dane_76.jpg,Red_Dane,43
cattle\Ladakhi\image_246x205_53.jpg,Ladakhi,26
cattle\Sahiwal\Sahiwal_94.png,Sahiwal,45
cattle\Nimari\Screenshot (1023).png,Nimari,35
cattle\gaolao\Ongole_167.png,gaolao,57
cattle\Tharparkar\Tharparkar_168.png,Tharparkar,48
cattle\Kosali\image_259x194_8 (2).jpg,Kosali,24
cattle\dagri\image_225x225_21.jpg,dagri,55
cattle\Hariana\Hariana_52.jpg,Hariana,12
cattle\Pulikulam\Pulikulam_15.jpg,Pulikulam,38
cattle\ponwar\image_275x183_39.jpg,ponwar,63
cattle\ghumsari\image_194x259_6.jpg,ghumsari,58
cattle\Gir\Gir_286.jpg,Gir,9
cattle\ponwar\image_322x157_63.jpg,ponwar,63
cattle\Ayrshire\Ayrshire_12.jpg,Ayrshire,2
cattle\Amritmahal\image_259x194_36.jpg,Amritmahal,1
cattle\Gir\Gir_273.jpg,Gir,9
cattle\Red_Sindhi\Red_Sindhi_154.png,Red_Sindhi,44
cattle\thutho\image_259x194_22.jpg,thutho,65
cattle\Red kandhari\image_225x225_13.jpg,Red kandhari,42
cattle\Holstein_Friesian\Holstein_Friesian_312.jpg,Holstein_Friesian,14
cattle\Mewati\image_168x300_20.jpg,Mewati,30
cattle\Gir\Gir_281.jpg,Gir,9
cattle\Alambadi\Alambadi_65.png,Alambadi,0
cattle\Murrah\Murrah_25.jpg,Murrah,31
cattle\Hariana\Hariana_60.jpg,Hariana,12
cattle\badri\The_Journey_of_A2_Badri_Cow_Ghee_What_.jpg,badri,53
cattle\Ongole\Ongole_159.jpg,Ongole,36
cattle\Mewati\image_275x184_44.jpg,Mewati,30
cattle\Kangayam\image_201x251_31.jpg,Kangayam,17
cattle\Nari\image_194x259_19.jpg,Nari,33
cattle\Kankrej\Kankrej_114.jpg,Kankrej,18
cattle\motu\image_259x194_33.jpg,motu,61
cattle\Ladakhi\image_263x192_2.jpg,Ladakhi,26
cattle\Hallikar\Hallikar_51.png,Hallikar,11
cattle\gangatari\image_300x168_59.jpg,gangatari,56
cattle\Nari\image_168x300_59.jpg,Nari,33
cattle\Jersey\Jersey_171.jpg,Jersey,16
cattle\Gir\Gir_105.jpg,Gir,9
cattle\Vechur\00000183.jpg,Vechur,51
cattle\Khillari\Khillari_1.JPG,Khillari,22
cattle\Kankrej\Kankrej_131.jpg,Kankrej,18
cattle\Kosali\image_259x194_3 (2).jpg,Kosali,24
cattle\Kankrej\Kankrej_141.jpg,Kankrej,18
cattle\Nagpuri\Nagpuri_183.jpg,Nagpuri,32
cattle\Ayrshire\Ayrshire_85.jpg,Ayrshire,2
cattle\Red kandhari\Visually_searched_image (3).jpg,Red kandhari,42
cattle\Malnad_gidda\Screenshot (1148).png,Malnad_gidda,28
cattle\motu\image_259x194_30.jpg,motu,61
cattle\siri\image_259x194_51.jpg,siri,64
cattle\bachaur\image_238x212_1.jpg,bachaur,52
cattle\Hallikar\Hallikar_13.jpg,Hallikar,11
cattle\Amritmahal\Amritmahal_90.jpg,Amritmahal,1
cattle\bachaur\image_170x170_74.jpg,bachaur,52
cattle\ponwar\image_303x166_9.jpg,ponwar,63
cattle\Khillari\Khillari_13.jpg,Khillari,22
cattle\Kankrej\Kankrej_79.jpg,Kankrej,18
cattle\Ongole\Ongole_12.jpg,Ongole,36
cattle\ghumsari\Department_of_animal_husbandry_and_dairying.jpg,ghumsari,58
cattle\Red kandhari\image_275x183_17.jpg,Red kandhari,42
cattle\Konkan Kapila\image_225x225_2.jpg,Konkan Kapila,23
cattle\thutho\image_261x193_1.jpg,thutho,65
cattle\Sahiwal\Sahiwal_245.jpg,Sahiwal,45
cattle\Nimari\Screenshot (1028).png,Nimari,35
cattle\gangatari\Screenshot 2025-09-24 191810.png,gangatari,56
cattle\Khariar\image_259x194_7 (2).jpg,Khariar,21
cattle\ponwar\image_225x225_48 (2).jpg,ponwar,63
cattle\Murrah\Murrah_89.jpg,Murrah,31
cattle\Toda\Toda_7.jpg,Toda,49
cattle\Purnea\image_225x224_59.jpg,Purnea,40
cattle\Alambadi\Alambadi_82.jpg,Alambadi,0
cattle\Malnad_gidda\Screenshot (1135).png,Malnad_gidda,28
cattle\Ladakhi\image_300x168_2 (2).jpg,Ladakhi,26
cattle\Rathi\Screenshot (973).png,Rathi,41
cattle\Kangayam\image_237x213_50.jpg,Kangayam,17
cattle\Purnea\image_259x194_19 (2).jpg,Purnea,40
cattle\Kankrej\Kankrej_134.jpg,Kankrej,18
cattle\bhelai\ezgif-frame-009.jpg,bhelai,54
cattle\Mewati\image_220x229_52.jpg,Mewati,30
cattle\Khariar\image_168x300_8.jpg,Khariar,21
cattle\Jersey\Jersey_192.jpg,Jersey,16
cattle\Tharparkar\Tharparkar_213.png,Tharparkar,48
cattle\Deoni\Deoni_60.png,Deoni,8
cattle\Ayrshire\Ayrshire_126.jpg,Ayrshire,2
cattle\siri\image_259x194_12.jpg,siri,64
cattle\Red_Sindhi\Red_Sindhi_49.jpg,Red_Sindhi,44
cattle\Amritmahal\Amritmahal_9.png,Amritmahal,1
cattle\Hariana\Hariana_4.JPG,Hariana,12
cattle\ghumsari\image_259x194_7.jpg,ghumsari,58
cattle\ghumsari\image_168x300_11 (2).jpg,ghumsari,58
cattle\kherigarh\image_278x181_7 (2).jpg,kherigarh,59
cattle\bachaur\Untitled.jpg,bachaur,52
cattle\Hallikar\Hallikar_118.jpg,Hallikar,11
cattle\Umblachery\image_259x194_6 (3).jpg,Umblachery,50
cattle\siri\image_266x190_1.jpg,siri,64
cattle\thutho\image_259x194_14 (3).jpg,thutho,65
cattle\siri\image_234x215_54.jpg,siri,64
cattle\Alambadi\Alambadi_32.png,Alambadi,0
cattle\Red_Dane\Red_Dane_62.jpg,Red_Dane,43
cattle\motu\Visually_searched_image.jpg,motu,61
cattle\badri\image_300x168_30.jpg,badri,53
cattle\siri\image_168x300_38.jpg,siri,64
cattle\Murrah\Murrah_152.jpg,Murrah,31
cattle\Sahiwal\Sahiwal_220.jpg,Sahiwal,45
cattle\Bargur\Bargur_38.png,Bargur,4
cattle\Holstein_Friesian\Holstein_Friesian_55.jpg,Holstein_Friesian,14
cattle\Gir\Gir_185.png,Gir,9
cattle\Umblachery\Umblachery_22.png,Umblachery,50
cattle\Mewati\image_259x194_19 (2).jpg,Mewati,30
cattle\Kankrej\Kankrej_126.jpg,Kankrej,18
cattle\Ongole\Ongole_34.png,Ongole,36
cattle\Red_Sindhi\Red_Sindhi_59.png,Red_Sindhi,44
cattle\Poda Thirupu\image_169x299_39.jpg,Poda Thirupu,37
cattle\Kosali\image_195x259_1.jpg,Kosali,24
cattle\Amritmahal\image_275x183_60.jpg,Amritmahal,1
cattle\Nari\image_197x256_61.jpg,Nari,33
cattle\Sahiwal\Sahiwal_368.png,Sahiwal,45
cattle\Ladakhi\image_259x194_12 (2).jpg,Ladakhi,26
cattle\Deoni\Deoni_10.jpg,Deoni,8
cattle\Umblachery\Umblachery_56.jpg,Umblachery,50
cattle\Gir\Gir_250.jpg,Gir,9
cattle\Toda\Toda_72.jpg,Toda,49
cattle\Red_Dane\Red_Dane_141.jpg,Red_Dane,43
cattle\Himachali Pahari\Pahadi_Cow_ghee_Himhaat (2).jpg,Himachali Pahari,13
cattle\Toda\Toda_2.jpg,Toda,49
cattle\Tharparkar\Tharparkar_11.jpg,Tharparkar,48
cattle\Ayrshire\Ayrshire_192.jpg,Ayrshire,2
cattle\Hallikar\Hallikar_97.jpg,Hallikar,11
cattle\Murrah\Murrah_53.jpg,Murrah,31
cattle\Jersey\Jersey_179.jpg,Jersey,16
cattle\gangatari\image_187x269_51.jpg,gangatari,56
cattle\Konkan Kapila\image_259x194_12 (2).jpg,Konkan Kapila,23
cattle\Punganur\Dwarf_Divine_and_Draught_resistant_.jpg,Punganur,39
cattle\Sahiwal\Sahiwal_443.jpg,Sahiwal,45
cattle\Red_Sindhi\Red_Sindhi_130.png,Red_Sindhi,44
cattle\Mewati\image_201x251_52.jpg,Mewati,30
cattle\Kangayam\Kangayam_79.jpg,Kangayam,17
cattle\Hallikar\Hallikar_183.jpg,Hallikar,11
cattle\Poda Thirupu\image_168x300_12.jpg,Poda Thirupu,37
cattle\Bargur\Bargur_32.png,Bargur,4
cattle\Bargur\Bargur_60.jpg,Bargur,4
cattle\Umblachery\image_300x168_42 (2).jpg,Umblachery,50
cattle\Gir\Gir_280.jpg,Gir,9
cattle\Konkan Kapila\image_263x191_16.jpg,Konkan Kapila,23
cattle\gaolao\Shri_Sai_Seva_Charitable_Trust.jpg,gaolao,57
cattle\thutho\image_259x194_17.jpg,thutho,65
cattle\Tharparkar\Tharparkar_187.png,Tharparkar,48
cattle\Ladakhi\image_225x225_4 (2).jpg,Ladakhi,26
cattle\Jersey\Jersey_78.jpg,Jersey,16
cattle\Surti\Surti_35.jpg,Surti,47
cattle\Jaffrabadi\Jaffrabadi_51.jpg,Jaffrabadi,15
cattle\Nagpuri\Nagpuri_41.jpg,Nagpuri,32
cattle\bhelai\ezgif-frame-130.jpg,bhelai,54
cattle\Sahiwal\Sahiwal_314.jpg,Sahiwal,45
cattle\Red kandhari\image_267x189_2.jpg,Red kandhari,42
cattle\Poda Thirupu\image_225x225_45.jpg,Poda Thirupu,37
cattle\Deoni\Deoni_68.png,Deoni,8
cattle\Gir\Gir_34.jpg,Gir,9
cattle\ponwar\image_259x194_22 (3).jpg,ponwar,63
cattle\Purnea\image_300x168_51 (2).jpg,Purnea,40
cattle\Krishna_Valley\Krishna_Valley_10.jpg,Krishna_Valley,25
cattle\Banni\00000196.jpg,Banni,3
cattle\Nari\image_194x259_64.jpg,Nari,33
cattle\siri\image_237x213_64.jpg,siri,64
cattle\Ayrshire\Ayrshire_44.jpg,Ayrshire,2
cattle\Gir\Gir_74.jpg,Gir,9
cattle\Purnea\image_235x214_68.jpg,Purnea,40
cattle\Alambadi\Alambadi_48.png,Alambadi,0
cattle\Guernsey\Guernsey_29.jpg,Guernsey,10
cattle\Nimari\00000375.jpg,Nimari,35
cattle\Guernsey\Guernsey_4.jpg,Guernsey,10
cattle\bhelai\ezgif-frame-011.jpg,bhelai,54
cattle\Gir\Gir_163.png,Gir,9
cattle\Hallikar\Hallikar_121.jpg,Hallikar,11
cattle\Hallikar\Hallikar_2.jpg,Hallikar,11
cattle\Sahiwal\Sahiwal_407.jpg,Sahiwal,45
cattle\Khariar\image_259x194_13 (2).jpg,Khariar,21
cattle\nagori\image_299x168_44.jpg,nagori,62
cattle\Ladakhi\image_275x183_4.jpg,Ladakhi,26
cattle\Deoni\Deoni_48.jpg,Deoni,8
cattle\Gir\Gir_150.jpg,Gir,9
cattle\Rathi\00000259.jpg,Rathi,41
cattle\Red kandhari\image_259x194_10.jpg,Red kandhari,42
cattle\Gir\Gir_199.jpg,Gir,9
cattle\Kankrej\Kankrej_128.jpg,Kankrej,18
cattle\badri\Badri_cow_hi-res_stock_photography_and_.jpg,badri,53
cattle\ponwar\image_299x168_13.jpg,ponwar,63
cattle\Kankrej\Kankrej_175.png,Kankrej,18
cattle\Konkan Kapila\image_200x200_1.jpg,Konkan Kapila,23
cattle\Jersey\Jersey_96.jpg,Jersey,16
cattle\Brown_Swiss\Brown_Swiss_63.jpg,Brown_Swiss,6
cattle\gangatari\Screenshot 2025-09-24 191256.png,gangatari,56
cattle\Gir\Gir_80.jpg,Gir,9
cattle\bachaur\image_275x183_8.jpg,bachaur,52
cattle\thutho\image_299x168_37.jpg,thutho,65
cattle\nagori\image_168x300_6.jpg,nagori,62
cattle\Alambadi\Alambadi_84.png,Alambadi,0
cattle\Red kandhari\image_303x166_54.jpg,Red kandhari,42
cattle\Alambadi\Alambadi_36.png,Alambadi,0
cattle\Jaffrabadi\Jaffrabadi_36.png,Jaffrabadi,15
cattle\Poda Thirupu\image_289x175_59.jpg,Poda Thirupu,37
cattle\Kasargod\00000378.jpg,Kasargod,19
cattle\Khillari\Khillari_65.jpg,Khillari,22
cattle\Brown_Swiss\Brown_Swiss_6.jpg,Brown_Swiss,6
cattle\Hariana\Hariana_100.jpg,Hariana,12
cattle\Pulikulam\Pulikulam_21.jpg,Pulikulam,38
cattle\Jaffrabadi\Jaffrabadi_28.jpg,Jaffrabadi,15
cattle\Nagpuri\Nagpuri_197.png,Nagpuri,32
cattle\Nimari\00000397.JPG,Nimari,35
cattle\Bargur\Bargur_3.JPG,Bargur,4
cattle\Gir\Gir_46.jpg,Gir,9
cattle\bhelai\ezgif-frame-084.jpg,bhelai,54
cattle\Red_Dane\Red_Dane_83.jpg,Red_Dane,43
cattle\bachaur\image_259x194_42.jpg,bachaur,52
cattle\Nagpuri\Nagpuri_169.png,Nagpuri,32
cattle\Holstein_Friesian\Holstein_Friesian_16.jpg,Holstein_Friesian,14
cattle\Surti\Surti_42.jpg,Surti,47
cattle\Sahiwal\Sahiwal_395.jpg,Sahiwal,45
cattle\Purnea\image_236x194_57.jpg,Purnea,40
cattle\siri\image_270x187_30.jpg,siri,64
cattle\dagri\image_259x194_16 (2).jpg,dagri,55
cattle\Ladakhi\image_195x259_49.jpg,Ladakhi,26
cattle\Poda Thirupu\image_300x168_39.jpg,Poda Thirupu,37
cattle\gaolao\0419.jpg,gaolao,57
cattle\Kenkatha\image_205x217_35.jpg,Kenkatha,20
cattle\Murrah\Murrah_70.jpg,Murrah,31
cattle\Nari\image_222x227_29.jpg,Nari,33
cattle\Red_Dane\Red_Dane_163.jpg,Red_Dane,43
cattle\Nari\image_234x215_57.jpg,Nari,33
cattle\Surti\Surti_61.jpg,Surti,47
cattle\bachaur\_.jpg,bachaur,52
cattle\Ladakhi\image_266x189_8.jpg,Ladakhi,26
cattle\Holstein_Friesian\Holstein_Friesian_225.jpg,Holstein_Friesian,14
cattle\Mewati\image_259x194_23 (3).jpg,Mewati,30
cattle\Gir\Gir_290.jpg,Gir,9
cattle\Kasargod\00000227.jpg,Kasargod,19
cattle\Umblachery\image_225x225_23.jpg,Umblachery,50
cattle\Banni\00000032.jpg,Banni,3
cattle\Toda\Toda_30.jpg,Toda,49
cattle\Sahiwal\Sahiwal_313.jpg,Sahiwal,45
cattle\Hariana\Hariana_57.jpg,Hariana,12
cattle\Himachali Pahari\image_259x194_13 (2).jpg,Himachali Pahari,13
cattle\kherigarh\image_246x205_8.jpg,kherigarh,59
cattle\motu\image_250x202_3.jpg,motu,61
cattle\Nari\image_251x201_32.jpg,Nari,33
cattle\Bhadawari\Bhadawari_77.jpg,Bhadawari,5
cattle\ponwar\image_270x186_42.jpg,ponwar,63
cattle\Kangayam\Kangayam_5.jpg,Kangayam,17
cattle\Lakhimi\image_168x300_4.jpg,Lakhimi,27
cattle\Konkan Kapila\image_259x194_8 (2).jpg,Konkan Kapila,23
cattle\Holstein_Friesian\Holstein_Friesian_197.jpg,Holstein_Friesian,14
cattle\Guernsey\Guernsey_82.jpg,Guernsey,10
cattle\Shweta Kapila\image_225x225_20.jpg,Shweta Kapila,46
cattle\Kasargod\Screenshot (994).png,Kasargod,19
cattle\Amritmahal\Amritmahal_45.png,Amritmahal,1
cattle\bachaur\image_259x194_43.jpg,bachaur,52
cattle\Purnea\image_238x211_56 (2).jpg,Purnea,40
cattle\Brown_Swiss\Brown_Swiss_194.jpg,Brown_Swiss,6
cattle\ponwar\image_266x190_1.jpg,ponwar,63
cattle\Kosali\image_194x260_3.jpg,Kosali,24
cattle\Mewati\image_180x180_55.jpg,Mewati,30
cattle\gaolao\Cattle_Breeds_cattle_breed_of_india_.jpg,gaolao,57
cattle\Khariar\image_168x300_4.jpg,Khariar,21
cattle\Red kandhari\image_259x195_53.jpg,Red kandhari,42
cattle\Gir\Gir_215.jpg,Gir,9
cattle\motu\image_259x194_19 (2).jpg,motu,61
cattle\Poda Thirupu\image_168x300_45.jpg,Poda Thirupu,37
cattle\Red_Dane\Red_Dane_8.jpg,Red_Dane,43
cattle\thutho\image_225x224_51.jpg,thutho,65
cattle\Sahiwal\Sahiwal_378.jpg,Sahiwal,45
cattle\Kangayam\image_168x299_33.jpg,Kangayam,17
cattle\ponwar\image_268x188_44.jpg,ponwar,63
cattle\Gir\Gir_305.jpg,Gir,9
cattle\Kangayam\image_299x168_54.jpg,Kangayam,17
cattle\gaolao\0144.jpg,gaolao,57
cattle\Alambadi\Alambadi_71.png,Alambadi,0
cattle\Nili_Ravi\Nili_Ravi_57.jpg,Nili_Ravi,34
cattle\Ayrshire\Ayrshire_101.jpg,Ayrshire,2
cattle\Punganur\Punganur_Cow_at_Best_Price_in_Pedana_.jpg,Punganur,39
cattle\Ongole\Ongole_174.jpg,Ongole,36
cattle\Lakhimi\image_259x194_4 (2).jpg,Lakhimi,27
cattle\motu\image_272x185_53.jpg,motu,61
cattle\Nari\image_174x289_59.jpg,Nari,33
cattle\Gir\Gir_372.png,Gir,9
cattle\Banni\00000081.jpg,Banni,3
cattle\Gir\Gir_166.jpg,Gir,9
cattle\nagori\image_168x300_1.jpg,nagori,62
cattle\Hariana\Hariana_45.jpg,Hariana,12
cattle\Pulikulam\Pulikulam_10.jpg,Pulikulam,38
cattle\Holstein_Friesian\Holstein_Friesian_282.jpg,Holstein_Friesian,14
cattle\Amritmahal\Amritmahal_23.png,Amritmahal,1
cattle\Punganur\Baba_Ramdev_Ashram_buys_Punganur_cow_.jpg,Punganur,39
cattle\Gir\Gir_68.jpg,Gir,9
cattle\Kankrej\Kankrej_165.jpg,Kankrej,18
cattle\Dangi\image_252x200_20.jpg,Dangi,7
cattle\Ladakhi\Visually_searched_image (3).jpg,Ladakhi,26
cattle\gaolao\0064.jpg,gaolao,57
cattle\Mewati\image_168x300_44 (2).jpg,Mewati,30
cattle\Ayrshire\Ayrshire_224.jpg,Ayrshire,2
cattle\gangatari\image_259x194_21.jpg,gangatari,56
cattle\Guernsey\Guernsey_114.jpg,Guernsey,10
cattle\Poda Thirupu\image_194x259_52.jpg,Poda Thirupu,37
cattle\Kenkatha\image_259x194_12 (2).jpg,Kenkatha,20
cattle\Sahiwal\Sahiwal_442.jpg,Sahiwal,45
cattle\Gir\Gir_307.jpg,Gir,9
cattle\Holstein_Friesian\Holstein_Friesian_146.jpg,Holstein_Friesian,14
cattle\Tharparkar\Tharparkar_146.jpg,Tharparkar,48
cattle\Ladakhi\image_259x194_5.jpg,Ladakhi,26
cattle\Sahiwal\Sahiwal_206.jpg,Sahiwal,45
cattle\motu\image_300x168_39.jpg,motu,61
cattle\Holstein_Friesian\Holstein_Friesian_283.jpg,Holstein_Friesian,14
cattle\Pulikulam\Pulikulam_113.jpg,Pulikulam,38
cattle\Guernsey\Guernsey_52.jpg,Guernsey,10
cattle\Himachali Pahari\image_225x225_49.jpg,Himachali Pahari,13
cattle\gangatari\image_225x225_29.jpg,gangatari,56
cattle\Mehsana\Mehsana_67.jpg,Mehsana,29
cattle\Nari\image_194x259_55.jpg,Nari,33
cattle\Punganur\INDIAN_COWS_BREED_LIKE_PUNGANUR_COW_.jpg,Punganur,39
cattle\Nari\image_300x168_67.jpg,Nari,33
cattle\Ongole\Ongole_185.png,Ongole,36
cattle\Hallikar\Hallikar_117.jpg,Hallikar,11
cattle\Dangi\image_168x300_44.jpg,Dangi,7
cattle\gaolao\0294.jpg,gaolao,57
cattle\gangatari\image_274x184_47.jpg,gangatari,56
cattle\Mehsana\Mehsana_76.jpg,Mehsana,29
cattle\Nili_Ravi\Nili_Ravi_3.jpg,Nili_Ravi,34
cattle\Amritmahal\Amritmahal_30.png,Amritmahal,1
cattle\Sahiwal\Sahiwal_41.jpg,Sahiwal,45
cattle\Jersey\Jersey_123.jpg,Jersey,16
cattle\Toda\Toda_119.jpg,Toda,49
cattle\ghumsari\image_168x300_13.jpg,ghumsari,58
cattle\Khillari\Khillari_91.png,Khillari,22
cattle\Jersey\Jersey_2.jpg,Jersey,16
cattle\thutho\image_275x183_47.jpg,thutho,65
cattle\Vechur\00000353.jpg,Vechur,51
cattle\siri\image_259x194_10.jpg,siri,64
cattle\Purnea\image_150x150_76.jpg,Purnea,40
cattle\Red_Dane\Red_Dane_68.jpg,Red_Dane,43
cattle\Poda Thirupu\image_259x194_23.jpg,Poda Thirupu,37
cattle\Purnea\image_259x194_14 (3).jpg,Purnea,40
cattle\Kankrej\Kankrej_130.jpg,Kankrej,18
cattle\Tharparkar\Tharparkar_113.jpg,Tharparkar,48
cattle\Krishna_Valley\Krishna_Valley_128.jpg,Krishna_Valley,25
cattle\Bargur\Bargur_84.jpg,Bargur,4
cattle\Holstein_Friesian\Holstein_Friesian_203.jpg,Holstein_Friesian,14
cattle\Poda Thirupu\image_168x300_40.jpg,Poda Thirupu,37
cattle\Krishna_Valley\Krishna_Valley_2.jpg,Krishna_Valley,25
cattle\Red_Sindhi\Red_Sindhi_138.png,Red_Sindhi,44
cattle\ghumsari\image_259x195_1.jpg,ghumsari,58
cattle\dagri\image_224x225_25.jpg,dagri,55
cattle\Red_Sindhi\Red_Sindhi_136.png,Red_Sindhi,44
cattle\Mewati\image_168x300_9.jpg,Mewati,30
cattle\Sahiwal\Sahiwal_45.jpg,Sahiwal,45
cattle\Brown_Swiss\Brown_Swiss_151.jpg,Brown_Swiss,6
cattle\Vechur\00000307.jpg,Vechur,51
cattle\thutho\image_259x194_38.jpg,thutho,65
cattle\Mewati\image_259x194_24.jpg,Mewati,30
cattle\Vechur\00000372.jpg,Vechur,51
cattle\Sahiwal\Sahiwal_157.jpg,Sahiwal,45
cattle\Himachali Pahari\image_168x300_51.jpg,Himachali Pahari,13
cattle\siri\image_275x183_39.jpg,siri,64
cattle\Guernsey\Guernsey_67.jpg,Guernsey,10
cattle\Kankrej\Kankrej_113.jpg,Kankrej,18
cattle\Jaffrabadi\Jaffrabadi_81.jpg,Jaffrabadi,15
cattle\Shweta Kapila\image_259x194_24.jpg,Shweta Kapila,46
cattle\Deoni\Deoni_2.JPG,Deoni,8
cattle\Sahiwal\Sahiwal_109.jpg,Sahiwal,45
cattle\Sahiwal\Sahiwal_24.jpg,Sahiwal,45
cattle\Red_Dane\Red_Dane_119.jpg,Red_Dane,43
cattle\Kangayam\image_168x300_27.jpg,Kangayam,17
cattle\Punganur\image_168x300_22.jpg,Punganur,39
cattle\Hallikar\Hallikar_43.png,Hallikar,11
cattle\Red_Sindhi\Red_Sindhi_40.jpg,Red_Sindhi,44
cattle\malvi\image_225x225_3.jpg,malvi,60
cattle\Poda Thirupu\image_300x168_3.jpg,Poda Thirupu,37
cattle\Bhadawari\Bhadawari_54.jpg,Bhadawari,5
cattle\Rathi\00000218.jpg,Rathi,41
cattle\Bargur\Bargur_15.png,Bargur,4
cattle\Pulikulam\Pulikulam_49.jpg,Pulikulam,38
cattle\Hallikar\Hallikar_33.png,Hallikar,11
cattle\Nagpuri\Nagpuri_73.jpg,Nagpuri,32
cattle\Red_Dane\Red_Dane_92.jpg,Red_Dane,43
cattle\Bargur\image_259x194_28.jpg,Bargur,4
cattle\Kenkatha\image_300x168_48.jpg,Kenkatha,20
cattle\Kangayam\Kangayam_58.jpg,Kangayam,17
cattle\Kankrej\Kankrej_30.png,Kankrej,18
cattle\motu\image_327x154_54.jpg,motu,61
cattle\siri\image_205x164_30.jpg,siri,64
cattle\thutho\image_225x225_49.jpg,thutho,65
cattle\Vechur\00000371.jpg,Vechur,51
cattle\Ayrshire\Ayrshire_61.jpg,Ayrshire,2
cattle\Red_Dane\Red_Dane_43.jpg,Red_Dane,43
cattle\gangatari\image_225x225_34.jpg,gangatari,56
cattle\Red kandhari\image_326x155_65.jpg,Red kandhari,42
cattle\Ongole\Ongole_63.png,Ongole,36
cattle\Umblachery\Umblachery_9.png,Umblachery,50
cattle\Jaffrabadi\Jaffrabadi_34.png,Jaffrabadi,15
cattle\Malnad_gidda\00000129.jpg,Malnad_gidda,28
cattle\Umblachery\image_300x168_45.jpg,Umblachery,50
cattle\Rathi\00000251.jpg,Rathi,41
cattle\Konkan Kapila\image_259x194_7.jpg,Konkan Kapila,23
cattle\Kankrej\Kankrej_52.jpg,Kankrej,18
cattle\Ayrshire\Ayrshire_1.jpg,Ayrshire,2
cattle\Bhadawari\Bhadawari_73.jpg,Bhadawari,5
cattle\dagri\image_225x225_18.jpg,dagri,55
cattle\Red_Sindhi\Red_Sindhi_8.jpg,Red_Sindhi,44
cattle\Konkan Kapila\image_257x196_4.jpg,Konkan Kapila,23
cattle\Banni\00000085.jpg,Banni,3
cattle\Tharparkar\Tharparkar_29.jpg,Tharparkar,48
cattle\Gir\Gir_343.png,Gir,9
cattle\Sahiwal\Sahiwal_216.jpg,Sahiwal,45
cattle\Alambadi\Alambadi_2.png,Alambadi,0
cattle\Kankrej\Kankrej_150.jpg,Kankrej,18
cattle\Toda\Toda_41.jpg,Toda,49
cattle\Jaffrabadi\Jaffrabadi_98.jpeg,Jaffrabadi,15
cattle\Holstein_Friesian\Holstein_Friesian_294.jpg,Holstein_Friesian,14
cattle\ponwar\image_259x194_22.jpg,ponwar,63
cattle\Poda Thirupu\image_259x194_26.jpg,Poda Thirupu,37
cattle\Amritmahal\image_234x215_66.jpg,Amritmahal,1
cattle\Ongole\Ongole_184.jpg,Ongole,36
cattle\Ayrshire\Ayrshire_184.jpg,Ayrshire,2
cattle\gaolao\0239.jpg,gaolao,57
cattle\kherigarh\image_228x221_9.jpg,kherigarh,59
cattle\ghumsari\image_259x194_39.jpg,ghumsari,58
cattle\Brown_Swiss\Brown_Swiss_92.jpg,Brown_Swiss,6
cattle\Shweta Kapila\image_300x168_36.jpg,Shweta Kapila,46
cattle\gaolao\0169.jpg,gaolao,57
cattle\Amritmahal\Amritmahal_67.png,Amritmahal,1
cattle\ghumsari\image_168x300_9 (2).jpg,ghumsari,58
cattle\Bargur\Bargur_41.png,Bargur,4
cattle\Mehsana\Mehsana_6.png,Mehsana,29
cattle\ghumsari\image_299x168_42.jpg,ghumsari,58
cattle\motu\image_265x190_11.jpg,motu,61
cattle\Malnad_gidda\00000194.jpg,Malnad_gidda,28
cattle\Gir\Gir_149.jpg,Gir,9
cattle\Ayrshire\Ayrshire_15.jpg,Ayrshire,2
cattle\Nili_Ravi\Nili_Ravi_68.jpg,Nili_Ravi,34
cattle\Hallikar\Hallikar_164.jpg,Hallikar,11
cattle\motu\image_324x156_61.jpg,motu,61
cattle\ponwar\image_299x168_18.jpg,ponwar,63
cattle\thutho\image_300x168_56.jpg,thutho,65
cattle\Sahiwal\Sahiwal_361.png,Sahiwal,45
cattle\Umblachery\Umblachery_52.jpg,Umblachery,50
cattle\Kenkatha\Visually_searched_image (4).jpg,Kenkatha,20
cattle\bhelai\Screenshot 2025-09-24 183247.png,bhelai,54
cattle\Punganur\image_168x300_26.jpg,Punganur,39
cattle\Holstein_Friesian\Holstein_Friesian_53.jpg,Holstein_Friesian,14
cattle\ghumsari\Ghumsari_Breed_of_cattle_is_one_of_the_.jpg,ghumsari,58
cattle\Ayrshire\Ayrshire_29.jpg,Ayrshire,2
cattle\gaolao\Gaolao_Cow_Cattle_Information_Apni_.jpg,gaolao,57
cattle\Tharparkar\Tharparkar_140.jpg,Tharparkar,48
cattle\thutho\image_259x194_35.jpg,thutho,65
cattle\Ongole\Ongole_29.png,Ongole,36
cattle\Holstein_Friesian\Holstein_Friesian_43.jpg,Holstein_Friesian,14
cattle\Ongole\Ongole_68.jpg,Ongole,36
cattle\motu\image_300x168_59.jpg,motu,61
cattle\Ongole\Ongole_40.png,Ongole,36
cattle\Holstein_Friesian\Holstein_Friesian_247.jpg,Holstein_Friesian,14
cattle\Gir\Gir_210.jpg,Gir,9
cattle\Kankrej\Kankrej_151.jpg,Kankrej,18
cattle\Rathi\00000046.jpg,Rathi,41
cattle\dagri\image_259x194_6 (2).jpg,dagri,55
cattle\Red_Sindhi\Red_Sindhi_67.jpg,Red_Sindhi,44
cattle\Nagpuri\Nagpuri_21.jpg,Nagpuri,32
cattle\Holstein_Friesian\Holstein_Friesian_316.jpg,Holstein_Friesian,14
cattle\kherigarh\Visually_searched_image.jpg,kherigarh,59
cattle\Brown_Swiss\Brown_Swiss_156.jpg,Brown_Swiss,6
cattle\Dangi\00000133.jpg,Dangi,7
cattle\Red kandhari\image_259x194_21.jpg,Red kandhari,42
cattle\Umblachery\Umblachery_14.jpg,Umblachery,50
cattle\thutho\image_300x168_45.jpg,thutho,65
cattle\Purnea\image_299x169_50 (2).jpg,Purnea,40
cattle\Purnea\image_296x170_51 (2).jpg,Purnea,40
cattle\Tharparkar\Tharparkar_96.jpg,Tharparkar,48
cattle\Mewati\Visually_searched_image (3).jpg,Mewati,30
cattle\Gir\Gir_197.jpg,Gir,9
cattle\Sahiwal\Sahiwal_299.jpg,Sahiwal,45
cattle\Gir\Gir_13.jPG,Gir,9
cattle\Kenkatha\image_128x128_60.jpg,Kenkatha,20
cattle\Gir\Gir_78.png,Gir,9
cattle\Hallikar\Hallikar_40.jpeg,Hallikar,11
cattle\Deoni\Deoni_4.png,Deoni,8
cattle\Poda Thirupu\image_259x194_3.jpg,Poda Thirupu,37
cattle\Ladakhi\image_259x194_9.jpg,Ladakhi,26
cattle\Kankrej\Kankrej_172.jpg,Kankrej,18
cattle\bhelai\Screenshot 2025-09-24 182715.png,bhelai,54
cattle\thutho\image_259x194_9 (2).jpg,thutho,65
cattle\Bargur\image_259x194_30.jpg,Bargur,4
cattle\Guernsey\Guernsey_75.jpg,Guernsey,10
cattle\Red_Sindhi\Red_Sindhi_31.jpg,Red_Sindhi,44
cattle\Tharparkar\Tharparkar_74.png,Tharparkar,48
cattle\Jaffrabadi\Jaffrabadi_56.jpg,Jaffrabadi,15
cattle\Purnea\image_259x194_17.jpg,Purnea,40
cattle\bachaur\image_247x204_4.jpg,bachaur,52
cattle\Himachali Pahari\image_214x235_56.jpg,Himachali Pahari,13
cattle\Shweta Kapila\image_259x194_49.jpg,Shweta Kapila,46
cattle\Khariar\image_276x183_1 (2).jpg,Khariar,21
cattle\malvi\image_236x157_77.jpg,malvi,60
cattle\Ayrshire\Ayrshire_185.jpg,Ayrshire,2
cattle\Kangayam\image_194x259_46.jpg,Kangayam,17
cattle\motu\image_300x168_41.jpg,motu,61
cattle\motu\image_224x224_44.jpg,motu,61
cattle\siri\image_205x161_35.jpg,siri,64
cattle\Krishna_Valley\Krishna_Valley_73.jpg,Krishna_Valley,25
cattle\Kankrej\Kankrej_108.jpg,Kankrej,18
cattle\Ayrshire\Ayrshire_158.jpg,Ayrshire,2
cattle\Kenkatha\image_299x168_43.jpg,Kenkatha,20
cattle\Purnea\image_255x197_51.jpg,Purnea,40
cattle\Punganur\Mahanandi_Gouloka.jpg,Punganur,39
cattle\Brown_Swiss\Brown_Swiss_134.jpg,Brown_Swiss,6
cattle\Nili_Ravi\Nili_Ravi_38.jpg,Nili_Ravi,34
cattle\bhelai\Screenshot 2025-09-24 183304.png,bhelai,54
cattle\Red kandhari\image_275x183_15 (2).jpg,Red kandhari,42
cattle\Kankrej\Kankrej_148.png,Kankrej,18
cattle\Kangayam\Kangayam_13.jpg,Kangayam,17
cattle\Umblachery\image_168x300_25.jpg,Umblachery,50
cattle\Kasargod\00000387.jpg,Kasargod,19
cattle\Jersey\Jersey_60.jpg,Jersey,16
cattle\Red_Sindhi\Red_Sindhi_89.jpg,Red_Sindhi,44
cattle\Punganur\image_259x195_45.jpg,Punganur,39
cattle\Nagpuri\Nagpuri_147.jpg,Nagpuri,32
cattle\Gir\Gir_226.jpg,Gir,9
cattle\Kankrej\Kankrej_60.png,Kankrej,18
cattle\thutho\image_194x259_55.jpg,thutho,65
cattle\ghumsari\image_225x225_41.jpg,ghumsari,58
cattle\Purnea\image_194x259_49 (2).jpg,Purnea,40
cattle\Bargur\Bargur_58.jpg,Bargur,4
cattle\Sahiwal\Sahiwal_174.jpg,Sahiwal,45
cattle\Banni\00000186.jpg,Banni,3
cattle\gaolao\0269.jpg,gaolao,57
cattle\Vechur\00000064.jpg,Vechur,51
cattle\Purnea\image_150x335_58.jpg,Purnea,40
cattle\Nagpuri\Nagpuri_195.jpg,Nagpuri,32
cattle\Khariar\image_225x225_3.jpg,Khariar,21
cattle\Holstein_Friesian\Holstein_Friesian_262.jpg,Holstein_Friesian,14
cattle\Punganur\image_168x300_9.jpg,Punganur,39
cattle\Kangayam\Kangayam_98.png,Kangayam,17
cattle\Kasargod\00000388.jpg,Kasargod,19
cattle\Nagpuri\Nagpuri_68.jpeg,Nagpuri,32
cattle\Vechur\Screenshot (293).png,Vechur,51
cattle\Holstein_Friesian\Holstein_Friesian_181.jpg,Holstein_Friesian,14
cattle\Guernsey\Guernsey_28.jpg,Guernsey,10
cattle\Hallikar\Hallikar_86.jpg,Hallikar,11
cattle\Toda\Toda_90.jpg,Toda,49
cattle\Gir\Gir_106.jpg,Gir,9
cattle\Sahiwal\Sahiwal_401.jpg,Sahiwal,45
cattle\Kankrej\Kankrej_103.jpg,Kankrej,18
cattle\Sahiwal\Sahiwal_130.jpg,Sahiwal,45
cattle\badri\image_168x299_17.jpg,badri,53
cattle\Konkan Kapila\image_277x182_1.jpg,Konkan Kapila,23
cattle\Mehsana\Mehsana_30.png,Mehsana,29
cattle\Holstein_Friesian\Holstein_Friesian_113.jpg,Holstein_Friesian,14
cattle\Mehsana\Mehsana_51.png,Mehsana,29
cattle\Ayrshire\Ayrshire_64.jpg,Ayrshire,2
cattle\Ladakhi\image_100x100_64.jpg,Ladakhi,26
cattle\Umblachery\Umblachery_15.jpg,Umblachery,50
cattle\Ongole\Ongole_19.jpg,Ongole,36
cattle\Umblachery\image_299x168_46.jpg,Umblachery,50
cattle\dagri\image_194x259_44.jpg,dagri,55
cattle\Himachali Pahari\image_225x225_33.jpg,Himachali Pahari,13
cattle\Jersey\Jersey_9.jpg,Jersey,16
cattle\Shweta Kapila\image_168x300_55.jpg,Shweta Kapila,46
cattle\Kankrej\Kankrej_127.jpg,Kankrej,18
cattle\Brown_Swiss\Brown_Swiss_148.jpg,Brown_Swiss,6
cattle\Lakhimi\image_168x300_14.jpg,Lakhimi,27
cattle\Mewati\image_259x194_11 (4).jpg,Mewati,30
cattle\Tharparkar\Tharparkar_134.jpg,Tharparkar,48
cattle\Sahiwal\Sahiwal_352.png,Sahiwal,45
cattle\Murrah\Murrah_84.jpg,Murrah,31
cattle\ponwar\image_259x194_46.jpg,ponwar,63
cattle\Red_Dane\Red_Dane_37.jpg,Red_Dane,43
cattle\kherigarh\image_259x194_6.jpg,kherigarh,59
cattle\Hallikar\Hallikar_147.jpg,Hallikar,11
cattle\Poda Thirupu\image_259x194_27.jpg,Poda Thirupu,37
cattle\gangatari\Screenshot 2025-09-24 191618.png,gangatari,56
cattle\Kenkatha\image_168x300_58.jpg,Kenkatha,20
cattle\Holstein_Friesian\Holstein_Friesian_7.jpg,Holstein_Friesian,14
cattle\Nagpuri\Nagpuri_113.jpg,Nagpuri,32
cattle\Nagpuri\Nagpuri_69.png,Nagpuri,32
cattle\Konkan Kapila\image_299x169_2.jpg,Konkan Kapila,23
cattle\Nagpuri\Nagpuri_57.jpg,Nagpuri,32
cattle\Nari\image_299x168_68.jpg,Nari,33
cattle\malvi\image_259x194_26.jpg,malvi,60
cattle\Sahiwal\Sahiwal_199.jpg,Sahiwal,45
cattle\Jersey\Jersey_144.jpg,Jersey,16
cattle\Jersey\Jersey_88.jpg,Jersey,16
cattle\Jersey\Jersey_67.jpg,Jersey,16
cattle\Ongole\Ongole_179.jpg,Ongole,36
cattle\Holstein_Friesian\Holstein_Friesian_10.jpg,Holstein_Friesian,14
cattle\Kasargod\00000394.jpg,Kasargod,19
cattle\Khillari\Khillari_93.png,Khillari,22
cattle\Gir\Gir_135.jpg,Gir,9
cattle\Brown_Swiss\Brown_Swiss_34.jpg,Brown_Swiss,6
cattle\ponwar\image_276x183_36.jpg,ponwar,63
cattle\Khariar\image_259x194_20.jpg,Khariar,21
cattle\Sahiwal\Sahiwal_398.jpg,Sahiwal,45
cattle\Krishna_Valley\Krishna_Valley_66.jpg,Krishna_Valley,25
cattle\Purnea\image_215x234_57.jpg,Purnea,40
cattle\Mewati\image_257x196_3.jpg,Mewati,30
cattle\Red_Dane\Red_Dane_32.jpg,Red_Dane,43
cattle\Hariana\Hariana_44.png,Hariana,12
cattle\Pulikulam\Pulikulam_52.jpg,Pulikulam,38
cattle\Umblachery\image_259x194_17 (2).jpg,Umblachery,50
cattle\Hallikar\Hallikar_116.jpg,Hallikar,11
cattle\ghumsari\image_300x168_39.jpg,ghumsari,58
cattle\bachaur\image_242x208_5.jpg,bachaur,52
cattle\Amritmahal\Amritmahal_86.png,Amritmahal,1
cattle\Holstein_Friesian\Holstein_Friesian_324.jpg,Holstein_Friesian,14
cattle\Deoni\Deoni_78.png,Deoni,8
cattle\gangatari\image_250x202_15.jpg,gangatari,56
cattle\Bargur\Bargur_43.png,Bargur,4
cattle\gaolao\20_Most_Popular_Cows_Of_Indian_Breed_.jpg,gaolao,57
cattle\Krishna_Valley\Krishna_Valley_106.jpg,Krishna_Valley,25
cattle\Gir\Gir_103.jpg,Gir,9
cattle\Purnea\image_259x194_49.jpg,Purnea,40
cattle\gangatari\Deoni_Dairy_Knowledge_Portal.jpg,gangatari,56
cattle\Kangayam\image_168x300_32.jpg,Kangayam,17
cattle\Kangayam\Kangayam_101.jpg,Kangayam,17
cattle\Murrah\Murrah_59.jpg,Murrah,31
cattle\Purnea\image_225x225_58 (3).jpg,Purnea,40
cattle\Nagpuri\Nagpuri_78.jpg,Nagpuri,32
cattle\bachaur\image_221x229_13.jpg,bachaur,52
cattle\Dangi\00000101.jpg,Dangi,7
cattle\Ladakhi\image_278x181_2.jpg,Ladakhi,26
cattle\Tharparkar\Tharparkar_165.png,Tharparkar,48
cattle\Mewati\image_259x194_29.jpg,Mewati,30
cattle\Brown_Swiss\Brown_Swiss_197.jpg,Brown_Swiss,6
cattle\kherigarh\image_215x192_10.jpg,kherigarh,59
cattle\Purnea\image_275x183_42 (2).jpg,Purnea,40
cattle\Gir\Gir_17.png,Gir,9
cattle\Nimari\00000369.jpg,Nimari,35
cattle\Banni\00000126.jpg,Banni,3
cattle\Banni\00000295.jpg,Banni,3
cattle\siri\image_245x205_46.jpg,siri,64
cattle\malvi\image_256x197_25.jpg,malvi,60
cattle\Punganur\image_299x168_17.jpg,Punganur,39
cattle\Banni\00000287.jpg,Banni,3
cattle\ghumsari\image_259x194_33.jpg,ghumsari,58
cattle\Konkan Kapila\image_274x184_3.jpg,Konkan Kapila,23
cattle\badri\image_187x269_54.jpg,badri,53
cattle\Hariana\Hariana_53.png,Hariana,12
cattle\Rathi\00000308.jpg,Rathi,41
cattle\Sahiwal\Sahiwal_258.jpg,Sahiwal,45
cattle\Malnad_gidda\00000033.jpg,Malnad_gidda,28
cattle\Pulikulam\Pulikulam_61.jpg,Pulikulam,38
cattle\Deoni\Deoni_12.jpg,Deoni,8
cattle\Jersey\Jersey_57.jpg,Jersey,16
cattle\Punganur\image_168x300_19.jpg,Punganur,39
cattle\Umblachery\image_168x300_35.jpg,Umblachery,50
cattle\Lakhimi\image_168x300_1.jpg,Lakhimi,27
cattle\Gir\Gir_275.jpg,Gir,9
cattle\Holstein_Friesian\Holstein_Friesian_278.jpg,Holstein_Friesian,14
cattle\nagori\image_168x300_25.jpg,nagori,62
cattle\Mehsana\Mehsana_78.jpeg,Mehsana,29
cattle\thutho\image_259x194_41.jpg,thutho,65
cattle\badri\Breeds_of_cattle_buffalo_Agriculture.jpg,badri,53
cattle\Red_Sindhi\Red_Sindhi_65.png,Red_Sindhi,44
cattle\Ayrshire\Ayrshire_45.jpg,Ayrshire,2
cattle\siri\image_245x206_44.jpg,siri,64
cattle\Jersey\Jersey_175.jpg,Jersey,16
cattle\Umblachery\image_259x194_14 (3).jpg,Umblachery,50
cattle\Mewati\image_259x194_10 (3).jpg,Mewati,30
cattle\Red kandhari\image_225x225_17.jpg,Red kandhari,42
cattle\bachaur\image_266x190_30.jpg,bachaur,52
cattle\bachaur\image_279x181_2.jpg,bachaur,52
cattle\Nili_Ravi\Nili_Ravi_56.jpg,Nili_Ravi,34
cattle\Red_Sindhi\Red_Sindhi_163.png,Red_Sindhi,44
cattle\Banni\00000116.jpg,Banni,3
cattle\Hallikar\Hallikar_50.png,Hallikar,11
cattle\Tharparkar\Tharparkar_56.jpg,Tharparkar,48
cattle\malvi\image_218x231_2.jpg,malvi,60
cattle\Kankrej\Kankrej_152.jpg,Kankrej,18
cattle\Pulikulam\Pulikulam_45.jpg,Pulikulam,38
cattle\Purnea\image_259x194_2 (2).jpg,Purnea,40
cattle\Purnea\image_194x259_48 (2).jpg,Purnea,40
cattle\Hallikar\Hallikar_142.jpg,Hallikar,11
cattle\Sahiwal\Sahiwal_334.jpg,Sahiwal,45
cattle\Konkan Kapila\image_275x183_8.jpg,Konkan Kapila,23
cattle\Sahiwal\Sahiwal_312.png,Sahiwal,45
cattle\bhelai\ezgif-frame-027.jpg,bhelai,54
cattle\Ayrshire\Ayrshire_146.jpg,Ayrshire,2
cattle\gaolao\Breeds_of_Cattle_Oklahoma_State_.jpg,gaolao,57
cattle\Kankrej\Kankrej_44.png,Kankrej,18
cattle\Ongole\Ongole_158.jpg,Ongole,36
cattle\nagori\image_259x195_20.jpg,nagori,62
cattle\Red kandhari\image_254x199_47.jpg,Red kandhari,42
cattle\Kankrej\Kankrej_140.jpg,Kankrej,18
cattle\Mewati\image_265x190_8.jpg,Mewati,30
cattle\Ayrshire\Ayrshire_154.jpg,Ayrshire,2
cattle\Khillari\Khillari_82.png,Khillari,22
cattle\Konkan Kapila\image_264x191_9.jpg,Konkan Kapila,23
cattle\nagori\image_194x259_23.jpg,nagori,62
cattle\bhelai\image_50x50_1.jpg,bhelai,54
cattle\Amritmahal\Amritmahal_63.jpg,Amritmahal,1
cattle\Red kandhari\image_303x166_55.jpg,Red kandhari,42
cattle\Punganur\image_168x300_23.jpg,Punganur,39
cattle\Krishna_Valley\Krishna_Valley_14.jpg,Krishna_Valley,25
cattle\Brown_Swiss\Brown_Swiss_99.jpg,Brown_Swiss,6
cattle\nagori\image_225x225_35.jpg,nagori,62
cattle\Sahiwal\Sahiwal_364.jpg,Sahiwal,45
cattle\Nagpuri\Nagpuri_125.jpg,Nagpuri,32
cattle\kherigarh\image_278x181_8.jpg,kherigarh,59
cattle\Sahiwal\Sahiwal_408.jpg,Sahiwal,45
cattle\ponwar\Visually_searched_image (3).jpg,ponwar,63
cattle\Holstein_Friesian\Holstein_Friesian_185.jpg,Holstein_Friesian,14
cattle\Khariar\image_259x194_12 (2).jpg,Khariar,21
cattle\Poda Thirupu\image_259x194_34.jpg,Poda Thirupu,37
cattle\bhelai\ezgif-frame-141.jpg,bhelai,54
cattle\Pulikulam\Pulikulam_22.jpg,Pulikulam,38
cattle\Purnea\image_259x194_8 (2).jpg,Purnea,40
cattle\Jersey\Jersey_79.jpg,Jersey,16
cattle\Ladakhi\image_208x208_43.jpg,Ladakhi,26
cattle\Konkan Kapila\image_194x259_4.jpg,Konkan Kapila,23
cattle\Mewati\image_259x194_11 (2).jpg,Mewati,30
cattle\ponwar\image_225x225_47.jpg,ponwar,63
cattle\Sahiwal\Sahiwal_328.jpg,Sahiwal,45
cattle\Toda\Toda_1.jpg,Toda,49
cattle\Mewati\image_257x196_7.jpg,Mewati,30
cattle\thutho\image_259x194_31.jpg,thutho,65
cattle\thutho\image_150x150_59.jpg,thutho,65
cattle\Shweta Kapila\image_168x300_32.jpg,Shweta Kapila,46
cattle\bachaur\Dagri_cow_gets_national_recognition_.jpg,bachaur,52
cattle\Ongole\Ongole_92.png,Ongole,36
cattle\Vechur\00000163.jpg,Vechur,51
cattle\malvi\image_266x190_33.jpg,malvi,60
cattle\Red_Dane\Red_Dane_114.jpg,Red_Dane,43
cattle\Sahiwal\Sahiwal_405.jpg,Sahiwal,45
cattle\Poda Thirupu\image_168x300_5.jpg,Poda Thirupu,37
cattle\badri\image_300x168_22.jpg,badri,53
cattle\Surti\Surti_23.jpg,Surti,47
cattle\Purnea\image_259x194_16 (4).jpg,Purnea,40
cattle\Kenkatha\image_205x212_36.jpg,Kenkatha,20
cattle\ponwar\image_228x221_49.jpg,ponwar,63
cattle\Nagpuri\Nagpuri_64.png,Nagpuri,32
cattle\badri\Badri_Cow_Bulls_With_Long_Horns_ (3).jpg,badri,53
cattle\Shweta Kapila\image_234x133_68.jpg,Shweta Kapila,46
cattle\Sahiwal\Sahiwal_122.jpg,Sahiwal,45
cattle\Holstein_Friesian\Holstein_Friesian_153.jpg,Holstein_Friesian,14
cattle\Rathi\00000374.jpeg,Rathi,41
cattle\motu\image_238x211_64.jpg,motu,61
cattle\Konkan Kapila\image_225x225_1.jpg,Konkan Kapila,23
cattle\siri\image_300x168_60.jpg,siri,64
cattle\Bhadawari\Bhadawari_2.jpg,Bhadawari,5
cattle\Sahiwal\Sahiwal_52.jpg,Sahiwal,45
cattle\Red_Sindhi\Red_Sindhi_169.png,Red_Sindhi,44
cattle\Nagpuri\Nagpuri_8.jpg,Nagpuri,32
cattle\Brown_Swiss\Brown_Swiss_38.jpg,Brown_Swiss,6
cattle\gangatari\image_300x168_58.jpg,gangatari,56
cattle\Sahiwal\Sahiwal_424.jpg,Sahiwal,45
cattle\Sahiwal\Sahiwal_234.jpg,Sahiwal,45
cattle\Nagpuri\Nagpuri_30.png,Nagpuri,32
cattle\Amritmahal\Amritmahal_10.png,Amritmahal,1
cattle\Kosali\image_187x269_4.jpg,Kosali,24
cattle\Red_Sindhi\Red_Sindhi_106.jpg,Red_Sindhi,44
cattle\badri\Visually_searched_image.jpg,badri,53
cattle\Kenkatha\image_225x225_45.jpg,Kenkatha,20
cattle\Ongole\Ongole_10.jpg,Ongole,36
cattle\Sahiwal\Sahiwal_156.png,Sahiwal,45
cattle\Kankrej\Kankrej_18.png,Kankrej,18
cattle\Gir\Gir_235.jpg,Gir,9
cattle\Ongole\Ongole_147.jpg,Ongole,36
cattle\Purnea\image_282x178_66.jpg,Purnea,40
cattle\Khariar\image_259x194_26.jpg,Khariar,21
cattle\Jersey\Jersey_45.jpg,Jersey,16
cattle\Ongole\Ongole_173.jpg,Ongole,36
cattle\Lakhimi\image_259x194_8 (2).jpg,Lakhimi,27
cattle\Lakhimi\image_194x259_30.jpg,Lakhimi,27
cattle\Nagpuri\Nagpuri_87.jpg,Nagpuri,32
cattle\Malnad_gidda\00000159.jpg,Malnad_gidda,28
cattle\Kankrej\Kankrej_10.jpg,Kankrej,18
cattle\Guernsey\Guernsey_73.jpg,Guernsey,10
cattle\Red_Sindhi\Red_Sindhi_58.jpg,Red_Sindhi,44
cattle\Nili_Ravi\Nili_Ravi_17.jpg,Nili_Ravi,34
cattle\Bargur\image_268x188_48.jpg,Bargur,4
cattle\Ayrshire\Ayrshire_21.jpg,Ayrshire,2
cattle\Tharparkar\Tharparkar_15.jpg,Tharparkar,48
cattle\Kosali\image_300x168_2 (2).jpg,Kosali,24
cattle\Ongole\Ongole_67.jpg,Ongole,36
cattle\Nimari\Screenshot (1019).png,Nimari,35
cattle\thutho\image_259x194_33.jpg,thutho,65
cattle\gaolao\Maharashtra_Livestock_Development_Board.jpg,gaolao,57
cattle\Sahiwal\Sahiwal_441.jpg,Sahiwal,45
cattle\Nari\image_183x275_66.jpg,Nari,33
cattle\Ladakhi\image_201x251_1.jpg,Ladakhi,26
cattle\Tharparkar\Tharparkar_177.jpg,Tharparkar,48
cattle\Toda\Toda_3.jpg,Toda,49
cattle\Guernsey\Guernsey_61.jpg,Guernsey,10
cattle\Mewati\image_244x207_54.jpg,Mewati,30
cattle\malvi\image_201x250_66.jpg,malvi,60
cattle\Jaffrabadi\Jaffrabadi_7.jpg,Jaffrabadi,15
cattle\Konkan Kapila\image_259x194_12.jpg,Konkan Kapila,23
cattle\siri\image_205x164_31.jpg,siri,64
cattle\Kasargod\00000256.jpg,Kasargod,19
cattle\Gir\Gir_308.jpg,Gir,9
cattle\Kenkatha\image_183x275_56.jpg,Kenkatha,20
cattle\Deoni\Deoni_9.jpg,Deoni,8
cattle\Hallikar\Hallikar_135.jpg,Hallikar,11
cattle\Vechur\00000121.JPG,Vechur,51
cattle\Kankrej\Kankrej_87.jpg,Kankrej,18
cattle\siri\Visually_searched_image (2).jpg,siri,64
cattle\Dangi\00000161.jpg,Dangi,7
cattle\Purnea\Visually_searched_image (6).jpg,Purnea,40
cattle\dagri\ezgif-frame-073.jpg,dagri,55
cattle\Holstein_Friesian\Holstein_Friesian_77.jpg,Holstein_Friesian,14
cattle\Gir\Gir_211.jpg,Gir,9
cattle\Ayrshire\Ayrshire_127.jpg,Ayrshire,2
cattle\Umblachery\Umblachery_24.png,Umblachery,50
cattle\Purnea\image_259x194_11.jpg,Purnea,40
cattle\Brown_Swiss\Brown_Swiss_186.jpg,Brown_Swiss,6
cattle\Ongole\Ongole_132.jpg,Ongole,36
cattle\ghumsari\image_168x300_11.jpg,ghumsari,58
cattle\Himachali Pahari\image_259x194_12 (2).jpg,Himachali Pahari,13
cattle\Sahiwal\Sahiwal_434.jpg,Sahiwal,45
cattle\Red_Dane\Red_Dane_117.jpg,Red_Dane,43
cattle\Red kandhari\image_275x183_19.jpg,Red kandhari,42
cattle\Nagpuri\Nagpuri_76.jpg,Nagpuri,32
cattle\Ladakhi\image_248x203_56.jpg,Ladakhi,26
cattle\ponwar\image_259x194_26 (3).jpg,ponwar,63
cattle\Gir\Gir_102.jpg,Gir,9
cattle\Kangayam\Kangayam_69.jpg,Kangayam,17
cattle\Kangayam\image_201x251_35.jpg,Kangayam,17
cattle\Gir\Gir_204.jpg,Gir,9
cattle\Sahiwal\Sahiwal_269.jpg,Sahiwal,45
cattle\ponwar\image_259x194_21.jpg,ponwar,63
cattle\Ongole\Ongole_162.jpg,Ongole,36
cattle\Red kandhari\image_264x191_47.jpg,Red kandhari,42
cattle\Nimari\Screenshot (1050).png,Nimari,35
cattle\Mehsana\Mehsana_44.png,Mehsana,29
cattle\Konkan Kapila\image_259x194_5.jpg,Konkan Kapila,23
cattle\Nagpuri\Nagpuri_70.jpg,Nagpuri,32
cattle\Toda\Toda_73.jpg,Toda,49
cattle\malvi\image_225x225_47 (2).jpg,malvi,60
cattle\gaolao\0444.jpg,gaolao,57
cattle\Kangayam\image_168x300_26.jpg,Kangayam,17
cattle\ponwar\image_259x194_28 (2).jpg,ponwar,63
cattle\Vechur\00000301.jpg,Vechur,51
cattle\Sahiwal\Sahiwal_321.jpg,Sahiwal,45
cattle\Brown_Swiss\Brown_Swiss_20.jpg,Brown_Swiss,6
cattle\Konkan Kapila\image_259x194_8.jpg,Konkan Kapila,23
cattle\Umblachery\Umblachery_37.jpg,Umblachery,50
cattle\Ladakhi\image_230x220_5.jpg,Ladakhi,26
cattle\Kankrej\Kankrej_15.png,Kankrej,18
cattle\bhelai\ezgif-frame-068.jpg,bhelai,54
cattle\Surti\Surti_55.png,Surti,47
cattle\ghumsari\image_168x300_14.jpg,ghumsari,58
cattle\gaolao\Indian_Cow_Breeds_Amrithadhara_.jpg,gaolao,57
cattle\Red kandhari\image_299x168_44.jpg,Red kandhari,42
cattle\Mewati\image_256x197_2 (2).jpg,Mewati,30
cattle\Alambadi\Alambadi_44.png,Alambadi,0
cattle\Deoni\Deoni_73.png,Deoni,8
cattle\Ayrshire\Ayrshire_75.jpg,Ayrshire,2
cattle\Konkan Kapila\image_286x176_4.jpg,Konkan Kapila,23
cattle\Murrah\Murrah_102.jpg,Murrah,31
cattle\Hariana\Hariana_16.jpg,Hariana,12
cattle\Deoni\Deoni_97.jpg,Deoni,8
cattle\thutho\image_299x168_59.jpg,thutho,65
cattle\siri\image_194x259_31.jpg,siri,64
cattle\Holstein_Friesian\Holstein_Friesian_135.jpg,Holstein_Friesian,14
cattle\Khillari\Khillari_84.jpg,Khillari,22
cattle\Kangayam\image_225x225_21.jpg,Kangayam,17
cattle\Rathi\00000180.jpg,Rathi,41
cattle\Kankrej\Kankrej_81.png,Kankrej,18
cattle\Banni\00000075.jpg,Banni,3
cattle\Nari\Visually_searched_image (2).jpg,Nari,33
cattle\Deoni\Deoni_27.jpg,Deoni,8
cattle\Umblachery\Umblachery_66.png,Umblachery,50
cattle\Red kandhari\image_267x189_8.jpg,Red kandhari,42
cattle\ponwar\image_266x190_40.jpg,ponwar,63
cattle\gangatari\image_265x190_48.jpg,gangatari,56
cattle\kherigarh\image_237x212_9.jpg,kherigarh,59
cattle\Hariana\Hariana_38.png,Hariana,12
cattle\Brown_Swiss\Brown_Swiss_77.jpg,Brown_Swiss,6
cattle\siri\image_261x193_64.jpg,siri,64
cattle\siri\image_194x259_35.jpg,siri,64
cattle\Ayrshire\Ayrshire_7.jpg,Ayrshire,2
cattle\Holstein_Friesian\Holstein_Friesian_175.jpg,Holstein_Friesian,14
cattle\Ladakhi\image_194x259_2 (2).jpg,Ladakhi,26
cattle\Bargur\Bargur_93.jpg,Bargur,4
cattle\Kenkatha\image_265x190_42.jpg,Kenkatha,20
cattle\Red kandhari\image_275x183_9 (2).jpg,Red kandhari,42
cattle\Red_Sindhi\Red_Sindhi_55.jpg,Red_Sindhi,44
cattle\Tharparkar\Tharparkar_126.jpg,Tharparkar,48
cattle\Hallikar\Hallikar_65.png,Hallikar,11
cattle\siri\image_275x183_55.jpg,siri,64
cattle\kherigarh\image_257x196_5.jpg,kherigarh,59
cattle\nagori\image_252x200_25.jpg,nagori,62
cattle\ghumsari\image_224x224_3.jpg,ghumsari,58
cattle\motu\image_194x259_46.jpg,motu,61
cattle\Jersey\Jersey_111.jpg,Jersey,16
cattle\Red_Sindhi\Red_Sindhi_23.jpg,Red_Sindhi,44
cattle\Umblachery\image_194x259_49 (2).jpg,Umblachery,50
cattle\Umblachery\image_237x213_54.jpg,Umblachery,50
cattle\Gir\Gir_193.png,Gir,9
cattle\Red_Dane\Red_Dane_161.jpg,Red_Dane,43
cattle\Red kandhari\image_298x169_41.jpg,Red kandhari,42
cattle\Gir\Gir_117.jpg,Gir,9
cattle\Ayrshire\Ayrshire_206.jpg,Ayrshire,2
cattle\Khariar\image_259x194_14.jpg,Khariar,21
cattle\Red kandhari\Visually_searched_image.jpg,Red kandhari,42
cattle\Purnea\image_150x335_58 (2).jpg,Purnea,40
cattle\Alambadi\Alambadi_30.jpg,Alambadi,0
cattle\Umblachery\image_250x167_37.jpg,Umblachery,50
cattle\badri\image_300x168_19.jpg,badri,53
cattle\dagri\image_259x194_16.jpg,dagri,55
cattle\Mewati\image_260x194_3.jpg,Mewati,30
cattle\Purnea\image_277x182_39.jpg,Purnea,40
cattle\Ladakhi\image_225x225_1.jpg,Ladakhi,26
cattle\Kankrej\Kankrej_65.png,Kankrej,18
cattle\Mewati\image_194x259_26.jpg,Mewati,30
cattle\gangatari\Punganur_cattle_cattle_farmers_.jpg,gangatari,56
cattle\Brown_Swiss\Brown_Swiss_111.jpg,Brown_Swiss,6
cattle\Dangi\image_259x194_12.jpg,Dangi,7
cattle\motu\image_205x212_47.jpg,motu,61
cattle\Purnea\image_266x189_39 (2).jpg,Purnea,40
cattle\Nari\image_259x194_44 (2).jpg,Nari,33
cattle\Kosali\image_168x300_8.jpg,Kosali,24
cattle\Dangi\image_168x300_53.jpg,Dangi,7
cattle\Lakhimi\image_168x300_20.jpg,Lakhimi,27
cattle\Ongole\Ongole_148.jpg,Ongole,36
cattle\Bargur\image_270x150_44.jpg,Bargur,4
cattle\Murrah\Murrah_38.jpg,Murrah,31
cattle\Kenkatha\image_225x224_32.jpg,Kenkatha,20
cattle\Red_Sindhi\Red_Sindhi_77.jpg,Red_Sindhi,44
cattle\Ladakhi\image_194x259_51.jpg,Ladakhi,26
cattle\nagori\image_300x168_49.jpg,nagori,62
cattle\Amritmahal\Amritmahal_41.png,Amritmahal,1
cattle\thutho\image_259x194_6.jpg,thutho,65
cattle\Kankrej\Kankrej_4.JPG,Kankrej,18
cattle\Ongole\Ongole_60.png,Ongole,36
cattle\Bargur\Bargur_59.jpg,Bargur,4
cattle\Ayrshire\Ayrshire_68.jpg,Ayrshire,2
cattle\Nagpuri\Nagpuri_157.png,Nagpuri,32
cattle\bachaur\image_225x225_12.jpg,bachaur,52
cattle\Sahiwal\Sahiwal_302.jpg,Sahiwal,45
cattle\Tharparkar\Tharparkar_156.jpg,Tharparkar,48
cattle\Ongole\Ongole_175.jpg,Ongole,36
cattle\Umblachery\image_275x183_57.jpg,Umblachery,50
cattle\Murrah\Murrah_14.jpeg,Murrah,31
cattle\thutho\image_225x225_64.jpg,thutho,65
cattle\Toda\Toda_91.jpg,Toda,49
cattle\ponwar\image_266x189_24.jpg,ponwar,63
cattle\nagori\image_259x194_24.jpg,nagori,62
cattle\Toda\Toda_10.jpg,Toda,49
cattle\gaolao\Hariana_cattle_CABI_Compendium.jpg,gaolao,57
cattle\Sahiwal\Sahiwal_73.png,Sahiwal,45
cattle\nagori\image_194x259_49.jpg,nagori,62
cattle\nagori\image_168x300_57.jpg,nagori,62
cattle\kherigarh\image_226x223_1.jpg,kherigarh,59
cattle\bhelai\Screenshot 2025-09-24 180934.png,bhelai,54
cattle\Amritmahal\Amritmahal_20.png,Amritmahal,1
cattle\Poda Thirupu\image_225x225_32.jpg,Poda Thirupu,37
cattle\Kenkatha\image_225x225_29 (2).jpg,Kenkatha,20
cattle\Purnea\image_259x194_12.jpg,Purnea,40
cattle\Shweta Kapila\image_168x299_30.jpg,Shweta Kapila,46
cattle\Red_Dane\Red_Dane_66.jpg,Red_Dane,43
cattle\Poda Thirupu\image_194x259_53.jpg,Poda Thirupu,37
cattle\Sahiwal\Sahiwal_31.jpg,Sahiwal,45
cattle\Holstein_Friesian\Holstein_Friesian_263.jpg,Holstein_Friesian,14
cattle\Konkan Kapila\image_167x301_9.jpg,Konkan Kapila,23
cattle\Kankrej\Kankrej_6.jpg,Kankrej,18
cattle\siri\image_219x168_62.jpg,siri,64
cattle\Sahiwal\Sahiwal_374.jpg,Sahiwal,45
cattle\Ayrshire\Ayrshire_138.jpg,Ayrshire,2
cattle\ponwar\image_299x168_14.jpg,ponwar,63
cattle\Kasargod\00000138.jpg,Kasargod,19
cattle\Mehsana\Mehsana_84.jpg,Mehsana,29
cattle\Kangayam\Kangayam_22.jpg,Kangayam,17
cattle\Ladakhi\image_259x194_10 (2).jpg,Ladakhi,26
cattle\Red kandhari\image_300x168_32.jpg,Red kandhari,42
cattle\siri\image_204x246_67.jpg,siri,64
cattle\Nari\image_208x242_58.jpg,Nari,33
cattle\Khariar\image_259x194_6 (2).jpg,Khariar,21
cattle\Toda\Toda_51.jpg,Toda,49
cattle\Amritmahal\image_275x183_62.jpg,Amritmahal,1
cattle\Holstein_Friesian\Holstein_Friesian_189.jpg,Holstein_Friesian,14
cattle\Konkan Kapila\image_256x197_2.jpg,Konkan Kapila,23
cattle\bachaur\image_259x194_6.jpg,bachaur,52
cattle\Hallikar\Hallikar_75.png,Hallikar,11
cattle\Nagpuri\Nagpuri_24.jpg,Nagpuri,32
cattle\Kankrej\Kankrej_22.jpg,Kankrej,18
cattle\Mewati\image_259x194_6.jpg,Mewati,30
cattle\thutho\image_247x204_57.jpg,thutho,65
cattle\motu\image_300x168_38 (2).jpg,motu,61
cattle\Krishna_Valley\Krishna_Valley_25.jpg,Krishna_Valley,25
cattle\Umblachery\image_168x300_22.jpg,Umblachery,50
cattle\Brown_Swiss\Brown_Swiss_71.jpg,Brown_Swiss,6
cattle\Umblachery\image_259x194_20 (2).jpg,Umblachery,50
cattle\Punganur\cute_cows_.jpg,Punganur,39
cattle\Dangi\00000149.jpg,Dangi,7
cattle\Purnea\Visually_searched_image (4).jpg,Purnea,40
cattle\Jersey\Jersey_89.jpg,Jersey,16
cattle\nagori\image_205x342_59.jpg,nagori,62
cattle\bhelai\ezgif-frame-001.jpg,bhelai,54
cattle\Deoni\Deoni_64.png,Deoni,8
cattle\Jaffrabadi\Jaffrabadi_50.png,Jaffrabadi,15
cattle\Khillari\Khillari_37.png,Khillari,22
cattle\Tharparkar\Tharparkar_118.png,Tharparkar,48
cattle\dagri\image_275x183_55.jpg,dagri,55
cattle\Poda Thirupu\image_168x300_41 (3).jpg,Poda Thirupu,37
cattle\Sahiwal\Sahiwal_356.png,Sahiwal,45
cattle\Holstein_Friesian\Holstein_Friesian_291.jpg,Holstein_Friesian,14
cattle\Kasargod\00000392.jpg,Kasargod,19
cattle\Mehsana\Mehsana_2.png,Mehsana,29
cattle\ponwar\image_300x168_54.jpg,ponwar,63
cattle\Rathi\00000391.jpg,Rathi,41
cattle\Vechur\00000119.jpg,Vechur,51
cattle\Bargur\image_268x188_49.jpg,Bargur,4
cattle\Hallikar\Hallikar_185.jpg,Hallikar,11
cattle\ponwar\image_259x194_21 (3).jpg,ponwar,63
cattle\Holstein_Friesian\Holstein_Friesian_51.jpg,Holstein_Friesian,14
cattle\Red_Dane\Red_Dane_14.jpg,Red_Dane,43
cattle\bhelai\ezgif-frame-082.jpg,bhelai,54
cattle\Nili_Ravi\Nili_Ravi_37.jpg,Nili_Ravi,34
cattle\Poda Thirupu\image_194x259_52 (2).jpg,Poda Thirupu,37
cattle\Deoni\Deoni_15.jpg,Deoni,8
cattle\Pulikulam\Pulikulam_58.jpg,Pulikulam,38
cattle\Brown_Swiss\Brown_Swiss_32.jpg,Brown_Swiss,6
cattle\badri\image_259x194_52.jpg,badri,53
cattle\Ayrshire\Ayrshire_121.jpg,Ayrshire,2
cattle\Ayrshire\Ayrshire_113.jpg,Ayrshire,2
cattle\Jaffrabadi\Jaffrabadi_6.jpg,Jaffrabadi,15
cattle\Nagpuri\Nagpuri_120.jpg,Nagpuri,32
cattle\Nimari\Screenshot (1029).png,Nimari,35
cattle\Hallikar\Hallikar_180.jpeg,Hallikar,11
cattle\Poda Thirupu\image_275x183_61.jpg,Poda Thirupu,37
cattle\Sahiwal\Sahiwal_214.jpg,Sahiwal,45
cattle\Kankrej\Kankrej_43.jpg,Kankrej,18
cattle\badri\Badri_Cow_Ghee_.jpg,badri,53
cattle\Sahiwal\Sahiwal_158.png,Sahiwal,45
cattle\Rathi\00000200.jpg,Rathi,41
cattle\Nari\image_225x225_55.jpg,Nari,33
cattle\thutho\image_259x194_13 (2).jpg,thutho,65
cattle\bhelai\IMPORTANT_BREEDS_OF_CATTLE (2).jpg,bhelai,54
cattle\Umblachery\image_339x148_49.jpg,Umblachery,50
cattle\Shweta Kapila\image_225x225_34.jpg,Shweta Kapila,46
cattle\Sahiwal\Sahiwal_233.jpg,Sahiwal,45
cattle\Jersey\Jersey_128.jpg,Jersey,16
cattle\Red_Sindhi\Red_Sindhi_146.jpg,Red_Sindhi,44
cattle\Malnad_gidda\Screenshot (1166).png,Malnad_gidda,28
cattle\Tharparkar\Tharparkar_16.jpg,Tharparkar,48
cattle\Kankrej\Kankrej_139.jpg,Kankrej,18
cattle\ponwar\Visually_searched_image (2).jpg,ponwar,63
cattle\Ayrshire\Ayrshire_155.jpg,Ayrshire,2
cattle\Bhadawari\Bhadawari_5.jpg,Bhadawari,5
cattle\Banni\00000148.jpg,Banni,3
cattle\ponwar\image_300x168_6.jpg,ponwar,63
cattle\thutho\image_265x190_3.jpg,thutho,65
cattle\Krishna_Valley\Krishna_Valley_111.jpg,Krishna_Valley,25
cattle\Nari\image_254x199_30.jpg,Nari,33
cattle\Tharparkar\Tharparkar_190.png,Tharparkar,48
cattle\Amritmahal\Amritmahal_14.png,Amritmahal,1
cattle\Krishna_Valley\Krishna_Valley_20.jpg,Krishna_Valley,25
cattle\Amritmahal\Amritmahal_50.png,Amritmahal,1
cattle\nagori\image_168x300_14.jpg,nagori,62
cattle\Pulikulam\Pulikulam_79.jpg,Pulikulam,38
cattle\Shweta Kapila\image_217x232_53.jpg,Shweta Kapila,46
cattle\malvi\image_225x225_49.jpg,malvi,60
cattle\Brown_Swiss\Brown_Swiss_22.jpg,Brown_Swiss,6
cattle\Dangi\image_225x225_36.jpg,Dangi,7
cattle\Himachali Pahari\image_226x223_40.jpg,Himachali Pahari,13
cattle\Alambadi\Alambadi_79.jpg,Alambadi,0
cattle\Krishna_Valley\Krishna_Valley_120.jpg,Krishna_Valley,25
cattle\malvi\image_252x200_36.jpg,malvi,60
cattle\Red kandhari\image_246x205_58.jpg,Red kandhari,42
cattle\gaolao\0069.jpg,gaolao,57
cattle\Murrah\Murrah_142.jpg,Murrah,31
cattle\Poda Thirupu\image_259x194_31.jpg,Poda Thirupu,37
cattle\Mewati\image_168x300_43.jpg,Mewati,30
cattle\Mewati\image_299x168_50.jpg,Mewati,30
cattle\Kangayam\Kangayam_87.jpg,Kangayam,17
cattle\Red kandhari\image_300x168_48.jpg,Red kandhari,42
cattle\Punganur\image_50x50_70.jpg,Punganur,39
cattle\thutho\image_276x183_60.jpg,thutho,65
cattle\Jersey\Jersey_3.jpg,Jersey,16
cattle\Ongole\Ongole_135.jpg,Ongole,36
cattle\ponwar\image_223x226_49.jpg,ponwar,63
cattle\Mehsana\Mehsana_63.jpg,Mehsana,29
cattle\thutho\image_259x195_3.jpg,thutho,65
cattle\Shweta Kapila\image_259x194_32 (2).jpg,Shweta Kapila,46
cattle\Khillari\Khillari_42.jpg,Khillari,22
cattle\motu\image_293x172_46.jpg,motu,61
cattle\Khariar\image_225x224_8.jpg,Khariar,21
cattle\Poda Thirupu\image_236x177_38.jpg,Poda Thirupu,37
cattle\Guernsey\Guernsey_47.jpg,Guernsey,10
cattle\ghumsari\image_259x194_6.jpg,ghumsari,58
cattle\Holstein_Friesian\Holstein_Friesian_34.jpg,Holstein_Friesian,14
cattle\Khariar\image_259x194_7 (3).jpg,Khariar,21
cattle\Purnea\image_266x190_1 (2).jpg,Purnea,40
cattle\Shweta Kapila\image_225x225_36.jpg,Shweta Kapila,46
cattle\Nili_Ravi\Nili_Ravi_35.jpg,Nili_Ravi,34
cattle\Himachali Pahari\image_223x226_8.jpg,Himachali Pahari,13
cattle\Sahiwal\Sahiwal_411.png,Sahiwal,45
cattle\Kankrej\Kankrej_50.png,Kankrej,18
cattle\Red_Sindhi\Red_Sindhi_51.jpg,Red_Sindhi,44
cattle\Himachali Pahari\image_275x183_43.jpg,Himachali Pahari,13
cattle\bhelai\ezgif-frame-005.jpg,bhelai,54
cattle\Punganur\image_46x68_85.jpg,Punganur,39
cattle\Shweta Kapila\image_148x340_65.jpg,Shweta Kapila,46
cattle\Nagpuri\Nagpuri_28.jpg,Nagpuri,32
cattle\Shweta Kapila\image_195x259_41.jpg,Shweta Kapila,46
cattle\Red kandhari\image_226x223_19.jpg,Red kandhari,42
cattle\dagri\ezgif-frame-072.jpg,dagri,55
cattle\Lakhimi\image_225x224_30 (2).jpg,Lakhimi,27
cattle\Tharparkar\Tharparkar_89.jpg,Tharparkar,48
cattle\Poda Thirupu\image_259x194_12.jpg,Poda Thirupu,37
cattle\Tharparkar\Tharparkar_86.jpg,Tharparkar,48
cattle\thutho\image_200x168_64.jpg,thutho,65
cattle\Mewati\image_259x194_20 (3).jpg,Mewati,30
cattle\Sahiwal\Sahiwal_61.jpg,Sahiwal,45
cattle\Ayrshire\Ayrshire_134.jpg,Ayrshire,2
cattle\Purnea\image_259x194_15 (2).jpg,Purnea,40
cattle\Kangayam\image_225x225_17.jpg,Kangayam,17
cattle\Red_Dane\Red_Dane_81.jpg,Red_Dane,43
cattle\kherigarh\image_276x182_9.jpg,kherigarh,59
cattle\kherigarh\image_274x184_2.jpg,kherigarh,59
cattle\Ladakhi\image_259x194_6.jpg,Ladakhi,26
cattle\Dangi\image_300x168_23.jpg,Dangi,7
cattle\Mehsana\Mehsana_28.jpg,Mehsana,29
cattle\Kasargod\Screenshot (989).png,Kasargod,19
cattle\ponwar\image_299x168_37.jpg,ponwar,63
cattle\Malnad_gidda\00000025.jpg,Malnad_gidda,28
cattle\Kenkatha\image_300x168_52.jpg,Kenkatha,20
cattle\Ladakhi\image_233x216_41.jpg,Ladakhi,26
cattle\Purnea\image_259x194_14 (5).jpg,Purnea,40
cattle\Punganur\image_300x168_9.jpg,Punganur,39
cattle\ponwar\image_259x194_7.jpg,ponwar,63
cattle\motu\image_191x264_61.jpg,motu,61
cattle\Kankrej\Kankrej_93.jpg,Kankrej,18
cattle\Konkan Kapila\image_275x183_6.jpg,Konkan Kapila,23
cattle\Murrah\Murrah_163.jpg,Murrah,31
cattle\Lakhimi\image_300x168_37.jpg,Lakhimi,27
cattle\Konkan Kapila\image_168x300_2.jpg,Konkan Kapila,23
cattle\Kasargod\00000398.jpg,Kasargod,19
cattle\Sahiwal\Sahiwal_181.jpg,Sahiwal,45
cattle\ponwar\image_259x194_9.jpg,ponwar,63
cattle\badri\image_259x194_53.jpg,badri,53
cattle\gangatari\Gangatiri_cattle_-_Alchetron_The_Free_.jpg,gangatari,56
cattle\Pulikulam\Pulikulam_128.jpg,Pulikulam,38
cattle\motu\image_275x183_47.jpg,motu,61
cattle\Rathi\00000310.jpg,Rathi,41
cattle\Holstein_Friesian\Holstein_Friesian_5.jpg,Holstein_Friesian,14
cattle\Ladakhi\image_225x225_5.jpg,Ladakhi,26
cattle\Punganur\Punganur_-_Surabhivana_Gaushala_.jpg,Punganur,39
cattle\Mewati\image_259x194_15 (3).jpg,Mewati,30
cattle\Mewati\image_259x194_15.jpg,Mewati,30
cattle\Tharparkar\Tharparkar_162.png,Tharparkar,48
cattle\Umblachery\image_275x183_35.jpg,Umblachery,50
cattle\Pulikulam\Pulikulam_65.jpg,Pulikulam,38
cattle\Ayrshire\Ayrshire_150.jpg,Ayrshire,2
cattle\Nagpuri\Nagpuri_72.png,Nagpuri,32
cattle\thutho\image_259x194_36.jpg,thutho,65
cattle\malvi\image_275x183_44.jpg,malvi,60
cattle\Sahiwal\Sahiwal_95.jpg,Sahiwal,45
cattle\badri\image_168x300_11.jpg,badri,53
cattle\Surti\Surti_2.jpg,Surti,47
cattle\Nari\image_290x174_48.jpg,Nari,33
cattle\Jersey\Jersey_65.jpg,Jersey,16
cattle\Toda\Toda_12.jpg,Toda,49
cattle\Mewati\image_259x194_19 (3).jpg,Mewati,30
cattle\Holstein_Friesian\Holstein_Friesian_195.jpg,Holstein_Friesian,14
cattle\Kangayam\Kangayam_60.jpg,Kangayam,17
cattle\Umblachery\image_168x300_37.jpg,Umblachery,50
cattle\Sahiwal\Sahiwal_425.jpg,Sahiwal,45
cattle\Khariar\image_168x300_7.jpg,Khariar,21
cattle\Guernsey\Guernsey_22.jpg,Guernsey,10
cattle\Konkan Kapila\image_222x227_5.jpg,Konkan Kapila,23
cattle\Deoni\Deoni_96.jpg,Deoni,8
cattle\bhelai\ezgif-frame-142.jpg,bhelai,54
cattle\badri\Hetha_Organics_Himalayan_PahadiBadri_.jpg,badri,53
cattle\Red_Dane\Red_Dane_109.jpg,Red_Dane,43
cattle\Tharparkar\Tharparkar_186.jpg,Tharparkar,48
cattle\malvi\image_174x289_69.jpg,malvi,60
cattle\Hallikar\Hallikar_145.jpg,Hallikar,11
cattle\Rathi\00000007.jpg,Rathi,41
cattle\Sahiwal\Sahiwal_193.jpg,Sahiwal,45
cattle\Umblachery\Umblachery_50.png,Umblachery,50
cattle\dagri\image_259x194_15 (2).jpg,dagri,55
cattle\nagori\image_201x251_36.jpg,nagori,62
cattle\Alambadi\Alambadi_74.jpg,Alambadi,0
cattle\Tharparkar\Tharparkar_62.jpeg,Tharparkar,48
cattle\Kenkatha\image_300x168_39.jpg,Kenkatha,20
cattle\Red_Dane\Red_Dane_3.jpg,Red_Dane,43
cattle\ponwar\image_299x168_12.jpg,ponwar,63
cattle\Brown_Swiss\Brown_Swiss_62.jpg,Brown_Swiss,6
cattle\Sahiwal\Sahiwal_282.png,Sahiwal,45
cattle\Kasargod\00000009.jpg,Kasargod,19
cattle\Ongole\Ongole_177.png,Ongole,36
cattle\Ayrshire\Ayrshire_115.jpg,Ayrshire,2
cattle\Hallikar\Hallikar_47.jpg,Hallikar,11
cattle\Nimari\00000096.jpg,Nimari,35
cattle\Sahiwal\Sahiwal_391.jpg,Sahiwal,45
cattle\Nili_Ravi\Nili_Ravi_81.jpg,Nili_Ravi,34
cattle\gangatari\image_259x194_27.jpg,gangatari,56
cattle\gangatari\image_225x225_28.jpg,gangatari,56
cattle\Tharparkar\Tharparkar_136.jpg,Tharparkar,48
cattle\Alambadi\Alambadi_12.jpg,Alambadi,0
cattle\kherigarh\image_225x225_2.jpg,kherigarh,59
cattle\Surti\Surti_63.jpg,Surti,47
cattle\Ongole\Ongole_36.png,Ongole,36
cattle\Sahiwal\Sahiwal_382.png,Sahiwal,45
cattle\Gir\Gir_266.jpg,Gir,9
cattle\Dangi\image_225x224_47.jpg,Dangi,7
cattle\gangatari\Punganur_cattle_cattle_farmers_ (2).jpg,gangatari,56
cattle\Ayrshire\Ayrshire_119.jpg,Ayrshire,2
cattle\Murrah\Murrah_50.jpg,Murrah,31
cattle\Gir\Gir_374.png,Gir,9
cattle\nagori\image_299x168_45.jpg,nagori,62
cattle\Rathi\00000196.png,Rathi,41
cattle\Purnea\image_259x194_46.jpg,Purnea,40
cattle\Punganur\image_50x50_65.jpg,Punganur,39
cattle\Toda\Toda_25.jpg,Toda,49
cattle\Red_Dane\Red_Dane_164.jpg,Red_Dane,43
cattle\Lakhimi\image_300x168_42.jpg,Lakhimi,27
cattle\siri\image_225x225_48.jpg,siri,64
cattle\Krishna_Valley\Krishna_Valley_85.jpg,Krishna_Valley,25
cattle\Ayrshire\Ayrshire_103.jpg,Ayrshire,2
cattle\Konkan Kapila\image_225x225_1 (2).jpg,Konkan Kapila,23
cattle\Malnad_gidda\00000191.jpg,Malnad_gidda,28
cattle\Ladakhi\image_259x194_7.jpg,Ladakhi,26
cattle\Umblachery\image_300x168_43.jpg,Umblachery,50
cattle\Poda Thirupu\image_168x300_47.jpg,Poda Thirupu,37
cattle\Purnea\image_266x190_32.jpg,Purnea,40
cattle\Alambadi\Alambadi_45.png,Alambadi,0
cattle\Ongole\Ongole_189.jpg,Ongole,36
cattle\ponwar\image_259x194_24 (2).jpg,ponwar,63
cattle\Khariar\image_259x194_11 (2).jpg,Khariar,21
cattle\Bhadawari\Bhadawari_47.jpg,Bhadawari,5
cattle\Nari\image_220x229_30.jpg,Nari,33
cattle\Tharparkar\Tharparkar_128.jpg,Tharparkar,48
cattle\Konkan Kapila\image_267x189_5.jpg,Konkan Kapila,23
cattle\Sahiwal\Sahiwal_357.png,Sahiwal,45
cattle\Umblachery\image_259x194_3.jpg,Umblachery,50
cattle\Ayrshire\Ayrshire_234.jpg,Ayrshire,2
cattle\Red_Dane\Red_Dane_41.jpg,Red_Dane,43
cattle\Malnad_gidda\Screenshot (1121).png,Malnad_gidda,28
cattle\ghumsari\image_259x194_35.jpg,ghumsari,58
cattle\Sahiwal\Sahiwal_8.JPG,Sahiwal,45
cattle\Vechur\00000092.jpg,Vechur,51
cattle\bachaur\image_225x225_10.jpg,bachaur,52
cattle\Dangi\image_299x168_31.jpg,Dangi,7
cattle\Lakhimi\image_259x194_47.jpg,Lakhimi,27
cattle\Mewati\image_275x183_45.jpg,Mewati,30
cattle\Tharparkar\Tharparkar_148.png,Tharparkar,48
cattle\Surti\Surti_66.jpg,Surti,47
cattle\kherigarh\image_259x194_8.jpg,kherigarh,59
cattle\Purnea\image_194x259_65.jpg,Purnea,40
cattle\Brown_Swiss\Brown_Swiss_75.jpg,Brown_Swiss,6
cattle\gangatari\image_194x259_55.jpg,gangatari,56
cattle\Brown_Swiss\Brown_Swiss_206.jpg,Brown_Swiss,6
cattle\ghumsari\image_259x194_40.jpg,ghumsari,58
cattle\Ayrshire\Ayrshire_204.jpg,Ayrshire,2
cattle\Khillari\Khillari_59.png,Khillari,22
cattle\Murrah\Murrah_58.jpg,Murrah,31
cattle\Banni\00000014.png,Banni,3
cattle\Gir\Gir_186.jpg,Gir,9
cattle\malvi\image_233x216_18.jpg,malvi,60
cattle\Lakhimi\image_225x225_50.jpg,Lakhimi,27
cattle\Sahiwal\Sahiwal_186.jpg,Sahiwal,45
cattle\Murrah\Murrah_121.jpg,Murrah,31
cattle\malvi\image_259x194_31.jpg,malvi,60
cattle\Sahiwal\Sahiwal_224.jpg,Sahiwal,45
cattle\Brown_Swiss\Brown_Swiss_136.jpg,Brown_Swiss,6
cattle\Ongole\Ongole_6.jpg,Ongole,36
cattle\Sahiwal\Sahiwal_91.jpg,Sahiwal,45
cattle\Kosali\image_262x193_1.jpg,Kosali,24
cattle\Poda Thirupu\image_259x194_14 (2).jpg,Poda Thirupu,37
cattle\Poda Thirupu\image_168x299_46.jpg,Poda Thirupu,37
cattle\Nari\image_225x225_26.jpg,Nari,33
cattle\Murrah\Murrah_78.jpg,Murrah,31
cattle\Khillari\Khillari_85.jpg,Khillari,22
cattle\Hariana\Hariana_56.jpg,Hariana,12
cattle\Krishna_Valley\Krishna_Valley_7.jpg,Krishna_Valley,25
cattle\Bargur\Bargur_31.png,Bargur,4
cattle\Umblachery\image_250x201_56.jpg,Umblachery,50
cattle\Kosali\image_259x194_10 (2).jpg,Kosali,24
cattle\Sahiwal\Sahiwal_221.jpg,Sahiwal,45
cattle\Sahiwal\Sahiwal_40.jpg,Sahiwal,45
cattle\Kosali\image_224x225_5.jpg,Kosali,24
cattle\Red kandhari\image_199x253_59.jpg,Red kandhari,42
cattle\ghumsari\Native_Cow_Breeds_.jpg,ghumsari,58
cattle\Murrah\Murrah_15.jpg,Murrah,31
cattle\Khariar\image_259x194_2.jpg,Khariar,21
cattle\Banni\00000094.jpg,Banni,3
cattle\Dangi\00000007.jpg,Dangi,7
cattle\Brown_Swiss\Brown_Swiss_15.jpg,Brown_Swiss,6
cattle\Umblachery\image_168x300_45.jpg,Umblachery,50
cattle\Ongole\Ongole_88.jpg,Ongole,36
cattle\Purnea\image_290x174_47 (2).jpg,Purnea,40
cattle\Murrah\Murrah_156.jpg,Murrah,31
cattle\Rathi\00000040.jpg,Rathi,41
cattle\Ongole\Ongole_23.jpg,Ongole,36
cattle\Guernsey\Guernsey_1.jpg,Guernsey,10
cattle\siri\image_221x146_63.jpg,siri,64
cattle\Deoni\Deoni_82.jpg,Deoni,8
cattle\Red_Dane\Red_Dane_121.jpg,Red_Dane,43
cattle\Kenkatha\image_300x168_51.jpg,Kenkatha,20
cattle\Tharparkar\Tharparkar_37.png,Tharparkar,48
cattle\Kangayam\image_226x223_8.jpg,Kangayam,17
cattle\Holstein_Friesian\Holstein_Friesian_138.jpg,Holstein_Friesian,14
cattle\Holstein_Friesian\Holstein_Friesian_70.jpg,Holstein_Friesian,14
cattle\Khariar\image_266x190_2.jpg,Khariar,21
cattle\Holstein_Friesian\Holstein_Friesian_165.jpg,Holstein_Friesian,14
cattle\Banni\00000101.jpg,Banni,3
cattle\Kankrej\Kankrej_80.jpg,Kankrej,18
cattle\ghumsari\image_194x259_4.jpg,ghumsari,58
cattle\Kankrej\Kankrej_122.jpg,Kankrej,18
cattle\Jersey\Jersey_86.jpg,Jersey,16
cattle\Shweta Kapila\image_239x211_54.jpg,Shweta Kapila,46
cattle\Himachali Pahari\image_259x194_9 (2).jpg,Himachali Pahari,13
cattle\Surti\Surti_58.jpg,Surti,47
cattle\Tharparkar\Tharparkar_4.JPG,Tharparkar,48
cattle\Ayrshire\Ayrshire_170.jpg,Ayrshire,2
cattle\siri\image_250x178_42.jpg,siri,64
cattle\Deoni\Deoni_36.jpg,Deoni,8
cattle\Holstein_Friesian\Holstein_Friesian_261.jpg,Holstein_Friesian,14
cattle\Nili_Ravi\Nili_Ravi_67.png,Nili_Ravi,34
cattle\Himachali Pahari\image_278x181_46.jpg,Himachali Pahari,13
cattle\Mehsana\Mehsana_8.png,Mehsana,29
cattle\gaolao\Gaolao_Cow_breed_from_Vidharbha_A_dual_.jpg,gaolao,57
cattle\Poda Thirupu\image_194x259_56.jpg,Poda Thirupu,37
cattle\Banni\00000097.jpg,Banni,3
cattle\Red_Sindhi\Red_Sindhi_88.jpg,Red_Sindhi,44
cattle\gaolao\Registered_cattle_breeds_in_India_ (1).jpg,gaolao,57
cattle\Shweta Kapila\image_128x128_69.jpg,Shweta Kapila,46
cattle\Himachali Pahari\image_259x195_2 (2).jpg,Himachali Pahari,13
cattle\Deoni\Deoni_71.jpg,Deoni,8
cattle\Malnad_gidda\Screenshot (1111).png,Malnad_gidda,28
cattle\Ongole\Ongole_181.jpg,Ongole,36
cattle\Amritmahal\Amritmahal_25.png,Amritmahal,1
cattle\Ayrshire\Ayrshire_165.jpg,Ayrshire,2
cattle\Malnad_gidda\Screenshot (1119).png,Malnad_gidda,28
cattle\Gir\Gir_92.png,Gir,9
cattle\Gir\Gir_63.jpg,Gir,9
cattle\Red_Dane\Red_Dane_60.jpg,Red_Dane,43
cattle\Hariana\Hariana_63.jpg,Hariana,12
cattle\malvi\image_297x170_57.jpg,malvi,60
cattle\Shweta Kapila\image_259x194_40.jpg,Shweta Kapila,46
cattle\Shweta Kapila\image_168x300_33.jpg,Shweta Kapila,46
cattle\Ongole\Ongole_49.png,Ongole,36
cattle\Alambadi\Alambadi_14.png,Alambadi,0
cattle\Malnad_gidda\Screenshot (1130).png,Malnad_gidda,28
cattle\Kenkatha\image_259x194_17 (3).jpg,Kenkatha,20
cattle\Umblachery\Umblachery_36.png,Umblachery,50
cattle\Khillari\Khillari_12.jpg,Khillari,22
cattle\Brown_Swiss\Brown_Swiss_46.jpg,Brown_Swiss,6
cattle\Kenkatha\image_275x183_7.jpg,Kenkatha,20
cattle\Kangayam\image_225x225_14.jpg,Kangayam,17
cattle\Himachali Pahari\image_300x168_43.jpg,Himachali Pahari,13
cattle\Poda Thirupu\image_168x300_3.jpg,Poda Thirupu,37
cattle\Poda Thirupu\image_259x194_11.jpg,Poda Thirupu,37
cattle\gaolao\Ongole_115.png,gaolao,57
cattle\Kenkatha\image_277x182_56.jpg,Kenkatha,20
cattle\Gir\Gir_51.jpg,Gir,9
cattle\Mewati\image_168x300_12.jpg,Mewati,30
cattle\Kankrej\Kankrej_137.jpg,Kankrej,18
cattle\Red_Dane\Red_Dane_80.jpg,Red_Dane,43
cattle\Brown_Swiss\Brown_Swiss_86.jpg,Brown_Swiss,6
cattle\Toda\Toda_63.jpg,Toda,49
cattle\dagri\image_225x225_22.jpg,dagri,55
cattle\Konkan Kapila\image_259x194_15.jpg,Konkan Kapila,23
cattle\Alambadi\Alambadi_18.png,Alambadi,0
cattle\Umblachery\image_168x300_26.jpg,Umblachery,50
cattle\Kangayam\image_272x186_40.jpg,Kangayam,17
cattle\Ayrshire\Ayrshire_11.jpg,Ayrshire,2
cattle\Tharparkar\Tharparkar_175.png,Tharparkar,48
cattle\Amritmahal\Amritmahal_82.jpg,Amritmahal,1
cattle\nagori\image_225x225_40.jpg,nagori,62
cattle\Red_Sindhi\Red_Sindhi_155.png,Red_Sindhi,44
cattle\Gir\Gir_133.jpg,Gir,9
cattle\Rathi\00000243.jpg,Rathi,41
cattle\Bargur\image_225x225_53.jpg,Bargur,4
cattle\Sahiwal\Sahiwal_141.jpeg,Sahiwal,45
cattle\Pulikulam\Pulikulam_70.jpg,Pulikulam,38
cattle\gaolao\Herd_Zebu_Cattle_Possibly_Ongole_.jpg,gaolao,57
cattle\Gir\Gir_336.png,Gir,9
cattle\bachaur\image_200x150_65.jpg,bachaur,52
cattle\Mewati\image_318x159_53.jpg,Mewati,30
cattle\Malnad_gidda\00000071.jpg,Malnad_gidda,28
cattle\Red_Dane\Red_Dane_148.jpg,Red_Dane,43
cattle\Pulikulam\Pulikulam_33.png,Pulikulam,38
cattle\Shweta Kapila\image_259x194_25.jpg,Shweta Kapila,46
cattle\Murrah\Murrah_165.jpg,Murrah,31
cattle\badri\Badri_Cow_Stock_Photos_-_Free_Royalty_ (2).jpg,badri,53
cattle\Holstein_Friesian\Holstein_Friesian_58.jpg,Holstein_Friesian,14
cattle\Purnea\image_259x194_6.jpg,Purnea,40
cattle\Gir\Gir_53.jpg,Gir,9
cattle\Gir\Gir_146.jpg,Gir,9
cattle\nagori\image_259x194_47.jpg,nagori,62
cattle\Jersey\Jersey_122.jpg,Jersey,16
cattle\Red kandhari\image_259x195_48.jpg,Red kandhari,42
cattle\malvi\image_300x168_69.jpg,malvi,60
cattle\bhelai\Screenshot 2025-09-24 183134.png,bhelai,54
cattle\Lakhimi\image_194x259_41.jpg,Lakhimi,27
cattle\ponwar\image_259x194_21 (2).jpg,ponwar,63
cattle\Tharparkar\Tharparkar_85.jpg,Tharparkar,48
cattle\Gir\Gir_94.jpg,Gir,9
cattle\Sahiwal\Sahiwal_376.png,Sahiwal,45
cattle\Hallikar\Hallikar_144.jpg,Hallikar,11
cattle\Deoni\Deoni_84.png,Deoni,8
cattle\Purnea\image_272x185_36 (2).jpg,Purnea,40
cattle\Jersey\Jersey_130.jpg,Jersey,16
cattle\Hariana\Hariana_48.jpg,Hariana,12
cattle\Hariana\Hariana_70.jpg,Hariana,12
cattle\motu\image_273x184_55.jpg,motu,61
cattle\ponwar\image_213x237_59.jpg,ponwar,63
cattle\Konkan Kapila\image_299x168_4.jpg,Konkan Kapila,23
cattle\Konkan Kapila\image_259x194_4.jpg,Konkan Kapila,23
cattle\Kankrej\Kankrej_85.jpg,Kankrej,18
cattle\Ladakhi\image_225x225_4.jpg,Ladakhi,26
cattle\Himachali Pahari\image_275x183_3.jpg,Himachali Pahari,13
cattle\Bhadawari\Bhadawari_30.jpg,Bhadawari,5
cattle\Deoni\Deoni_63.png,Deoni,8
cattle\gangatari\Screenshot 2025-09-24 191223.png,gangatari,56
cattle\Holstein_Friesian\Holstein_Friesian_31.jpg,Holstein_Friesian,14
cattle\motu\image_150x150_64.jpg,motu,61
cattle\motu\image_335x150_56.jpg,motu,61
cattle\Konkan Kapila\image_299x168_8.jpg,Konkan Kapila,23
cattle\Umblachery\image_299x169_50.jpg,Umblachery,50
cattle\Dangi\00000052.jpg,Dangi,7
cattle\kherigarh\image_276x183_2.jpg,kherigarh,59
cattle\malvi\image_168x300_7.jpg,malvi,60
cattle\gaolao\Ongole_102.png,gaolao,57
cattle\Ayrshire\Ayrshire_233.jpg,Ayrshire,2
cattle\Ongole\Ongole_71.png,Ongole,36
cattle\Malnad_gidda\Screenshot (1116).png,Malnad_gidda,28
cattle\Gir\Gir_180.jpg,Gir,9
cattle\Mewati\image_187x269_44 (2).jpg,Mewati,30
cattle\badri\Badri_Cow_Long_Horns_Tethered_By_Stock_ (3).jpg,badri,53
cattle\dagri\image_259x194_17.jpg,dagri,55
cattle\Jersey\Jersey_63.jpg,Jersey,16
cattle\Hallikar\Hallikar_31.png,Hallikar,11
cattle\nagori\image_208x242_47.jpg,nagori,62
cattle\Rathi\Screenshot (967).png,Rathi,41
cattle\Gir\Gir_354.png,Gir,9
cattle\Poda Thirupu\image_289x175_58.jpg,Poda Thirupu,37
cattle\Holstein_Friesian\Holstein_Friesian_208.jpg,Holstein_Friesian,14
cattle\siri\image_150x335_60.jpg,siri,64
cattle\Shweta Kapila\image_266x190_25.jpg,Shweta Kapila,46
cattle\Pulikulam\Pulikulam_50.jpg,Pulikulam,38
cattle\Kenkatha\image_225x224_48.jpg,Kenkatha,20
cattle\Khillari\Khillari_50.jpg,Khillari,22
cattle\Dangi\image_335x150_53.jpg,Dangi,7
cattle\Kangayam\Kangayam_21.jpg,Kangayam,17
cattle\Khariar\image_225x225_8.jpg,Khariar,21
cattle\gaolao\Welcome_to_insprmcoop_insprmcoop.jpg,gaolao,57
cattle\Ayrshire\Ayrshire_188.jpg,Ayrshire,2
cattle\Shweta Kapila\image_259x194_28 (2).jpg,Shweta Kapila,46
cattle\siri\image_205x161_38.jpg,siri,64
cattle\Sahiwal\Sahiwal_396.jpg,Sahiwal,45
cattle\Alambadi\Alambadi_99.jpg,Alambadi,0
cattle\thutho\image_300x168_47.jpg,thutho,65
cattle\Tharparkar\Tharparkar_185.jpg,Tharparkar,48
cattle\Khillari\Khillari_80.png,Khillari,22
cattle\Mewati\image_259x194_11 (3).jpg,Mewati,30
cattle\Ladakhi\image_246x204_8.jpg,Ladakhi,26
cattle\Tharparkar\Tharparkar_124.jpg,Tharparkar,48
cattle\Sahiwal\Sahiwal_230.jpeg,Sahiwal,45
cattle\Nili_Ravi\Nili_Ravi_18.jpg,Nili_Ravi,34
cattle\Khariar\image_270x186_11.jpg,Khariar,21
cattle\Sahiwal\Sahiwal_203.jpg,Sahiwal,45
cattle\Guernsey\Guernsey_85.jpg,Guernsey,10
cattle\Kangayam\Kangayam_15.jpg,Kangayam,17
cattle\Shweta Kapila\image_259x194_23.jpg,Shweta Kapila,46
cattle\Jersey\Jersey_84.jpg,Jersey,16
cattle\nagori\image_225x225_40 (2).jpg,nagori,62
cattle\ghumsari\image_195x259_27.jpg,ghumsari,58
cattle\Punganur\image_225x225_51.jpg,Punganur,39
cattle\Sahiwal\Sahiwal_187.jpg,Sahiwal,45
cattle\bhelai\Screenshot 2025-09-24 183037.png,bhelai,54
cattle\Purnea\image_259x194_7 (4).jpg,Purnea,40
cattle\Himachali Pahari\image_259x194_21.jpg,Himachali Pahari,13
cattle\Kenkatha\image_257x196_5.jpg,Kenkatha,20
cattle\Shweta Kapila\image_299x168_41.jpg,Shweta Kapila,46
cattle\Shweta Kapila\image_300x168_37.jpg,Shweta Kapila,46
cattle\Kenkatha\image_225x225_47 (2).jpg,Kenkatha,20
cattle\Ayrshire\Ayrshire_105.jpg,Ayrshire,2
cattle\Deoni\Deoni_86.png,Deoni,8
cattle\Gir\Gir_295.jpg,Gir,9
cattle\Poda Thirupu\image_225x225_44.jpg,Poda Thirupu,37
cattle\Purnea\image_275x183_41.jpg,Purnea,40
cattle\Krishna_Valley\Krishna_Valley_124.jpg,Krishna_Valley,25
cattle\Malnad_gidda\00000091.jpg,Malnad_gidda,28
cattle\badri\Breeding_Of_Badri_Cows_Will_Improve_In_.jpg,badri,53
cattle\Red kandhari\image_257x196_49.jpg,Red kandhari,42
cattle\bhelai\Screenshot 2025-09-24 183301.png,bhelai,54
cattle\Holstein_Friesian\Holstein_Friesian_213.jpg,Holstein_Friesian,14
cattle\bhelai\ezgif-frame-014.jpg,bhelai,54
cattle\dagri\image_259x194_7.jpg,dagri,55
cattle\gangatari\image_259x194_32.jpg,gangatari,56
cattle\Jaffrabadi\Jaffrabadi_103.jpg,Jaffrabadi,15
cattle\Malnad_gidda\Screenshot (1167).png,Malnad_gidda,28
cattle\Sahiwal\Sahiwal_189.jpg,Sahiwal,45
cattle\Kosali\image_228x221_6.jpg,Kosali,24
cattle\Umblachery\image_168x300_23.jpg,Umblachery,50
cattle\kherigarh\image_275x183_6 (3).jpg,kherigarh,59
cattle\Mewati\image_259x194_11.jpg,Mewati,30
cattle\Mehsana\Mehsana_26.png,Mehsana,29
cattle\Rathi\00000384.jpg,Rathi,41
cattle\Ayrshire\Ayrshire_90.jpg,Ayrshire,2
cattle\Malnad_gidda\00000105.jpg,Malnad_gidda,28
cattle\Toda\Toda_110.jpg,Toda,49
cattle\Poda Thirupu\image_194x259_55.jpg,Poda Thirupu,37
cattle\Gir\Gir_42.jpg,Gir,9
cattle\Poda Thirupu\image_225x224_57.jpg,Poda Thirupu,37
cattle\Kasargod\00000240.jpg,Kasargod,19
cattle\ghumsari\image_242x208_54.jpg,ghumsari,58
cattle\Banni\00000272.jpg,Banni,3
cattle\Tharparkar\Tharparkar_114.jpg,Tharparkar,48
cattle\Guernsey\Guernsey_68.jpg,Guernsey,10
cattle\Kosali\image_194x259_5.jpg,Kosali,24
cattle\Amritmahal\Amritmahal_60.jpg,Amritmahal,1
cattle\motu\image_259x194_18 (2).jpg,motu,61
cattle\Himachali Pahari\image_299x168_41.jpg,Himachali Pahari,13
cattle\ghumsari\image_200x200_45.jpg,ghumsari,58
cattle\Khariar\image_259x194_3.jpg,Khariar,21
cattle\Hallikar\Hallikar_61.png,Hallikar,11
cattle\Bargur\Bargur_67.jpeg,Bargur,4
cattle\Kankrej\Kankrej_9.jpg,Kankrej,18
cattle\ghumsari\image_168x300_16.jpg,ghumsari,58
cattle\Holstein_Friesian\Holstein_Friesian_106.jpg,Holstein_Friesian,14
cattle\Brown_Swiss\Brown_Swiss_203.jpg,Brown_Swiss,6
cattle\Kankrej\Kankrej_129.jpg,Kankrej,18
cattle\Murrah\Murrah_35.jpg,Murrah,31
cattle\Banni\00000212.png,Banni,3
cattle\Purnea\image_259x194_7 (3).jpg,Purnea,40
cattle\Brown_Swiss\Brown_Swiss_125.jpg,Brown_Swiss,6
cattle\malvi\image_168x300_4.jpg,malvi,60
cattle\Vechur\00000031.jpg,Vechur,51
cattle\Banni\00000011.JPG,Banni,3
cattle\Nagpuri\Nagpuri_49.jpg,Nagpuri,32
cattle\Murrah\Murrah_124.jpg,Murrah,31
cattle\motu\image_275x183_52.jpg,motu,61
cattle\Bargur\Bargur_76.jpg,Bargur,4
cattle\Punganur\image_168x300_7.jpeg,Punganur,39
cattle\Holstein_Friesian\Holstein_Friesian_168.jpg,Holstein_Friesian,14
cattle\Ongole\Ongole_102.png,Ongole,36
cattle\gangatari\Gangatiri_cow_Gangatiri_cow_Drawing_.jpg,gangatari,56
cattle\malvi\image_224x225_12.jpg,malvi,60
cattle\Brown_Swiss\Brown_Swiss_64.jpg,Brown_Swiss,6
cattle\Gir\Gir_23.png,Gir,9
cattle\Jaffrabadi\Jaffrabadi_89.png,Jaffrabadi,15
cattle\malvi\image_275x183_43.jpg,malvi,60
cattle\bachaur\image_269x187_10.jpg,bachaur,52
cattle\Ladakhi\image_267x189_4.jpg,Ladakhi,26
cattle\ponwar\image_275x183_42.jpg,ponwar,63
cattle\siri\image_219x164_25.jpg,siri,64
cattle\Pulikulam\Pulikulam_26.png,Pulikulam,38
cattle\Ongole\Ongole_21.jpg,Ongole,36
cattle\Purnea\image_259x194_23.jpg,Purnea,40
cattle\dagri\Indigenous_Cattle_Breeds_ (5).jpg,dagri,55
cattle\Murrah\Murrah_99.png,Murrah,31
cattle\Vechur\00000243.jpg,Vechur,51
cattle\ghumsari\image_194x259_8.jpg,ghumsari,58
cattle\Ayrshire\Ayrshire_149.jpg,Ayrshire,2
cattle\Hallikar\Hallikar_120.jpg,Hallikar,11
cattle\Shweta Kapila\image_194x259_41.jpg,Shweta Kapila,46
cattle\Sahiwal\Sahiwal_127.jpg,Sahiwal,45
cattle\Mehsana\Mehsana_1.png,Mehsana,29
cattle\Holstein_Friesian\Holstein_Friesian_199.jpg,Holstein_Friesian,14
cattle\Hariana\Hariana_20.png,Hariana,12
cattle\Gir\Gir_351.png,Gir,9
cattle\Kenkatha\image_221x228_34.jpg,Kenkatha,20
cattle\siri\image_291x173_61.jpg,siri,64
cattle\Ladakhi\image_236x214_1.jpg,Ladakhi,26
cattle\ghumsari\Screenshot 2025-09-24 191810.png,ghumsari,58
cattle\bhelai\ezgif-frame-098.jpg,bhelai,54
cattle\Surti\Surti_56.png,Surti,47
cattle\Khariar\image_300x168_2 (2).jpg,Khariar,21
cattle\Bargur\Bargur_62.jpg,Bargur,4
cattle\Jersey\Jersey_104.jpg,Jersey,16
cattle\Bhadawari\Bhadawari_36.jpg,Bhadawari,5
cattle\Bargur\Bargur_66.jpg,Bargur,4
cattle\Purnea\image_266x189_39.jpg,Purnea,40
cattle\Bhadawari\Bhadawari_81.jpg,Bhadawari,5
cattle\Shweta Kapila\image_259x194_26 (2).jpg,Shweta Kapila,46
cattle\Kangayam\Kangayam_24.jpg,Kangayam,17
cattle\Sahiwal\Sahiwal_305.jpg,Sahiwal,45
cattle\motu\image_259x194_16 (2).jpg,motu,61
cattle\Purnea\image_168x300_56 (2).jpg,Purnea,40
cattle\Purnea\image_300x168_48.jpg,Purnea,40
cattle\Holstein_Friesian\Holstein_Friesian_29.jpg,Holstein_Friesian,14
cattle\Holstein_Friesian\Holstein_Friesian_289.jpg,Holstein_Friesian,14
cattle\Brown_Swiss\Brown_Swiss_97.jpg,Brown_Swiss,6
cattle\Nili_Ravi\Nili_Ravi_10.jpg,Nili_Ravi,34
cattle\Hallikar\Hallikar_133.jpg,Hallikar,11
cattle\bhelai\ezgif-frame-002.jpg,bhelai,54
cattle\Ayrshire\Ayrshire_135.jpg,Ayrshire,2
cattle\gaolao\Ongole_119.png,gaolao,57
cattle\ponwar\image_259x194_17 (2).jpg,ponwar,63
cattle\Gir\Gir_327.png,Gir,9
cattle\Holstein_Friesian\Holstein_Friesian_326.jpg,Holstein_Friesian,14
cattle\ponwar\image_299x168_56.jpg,ponwar,63
cattle\Malnad_gidda\Screenshot (1128).png,Malnad_gidda,28
cattle\Guernsey\Guernsey_10.jpg,Guernsey,10
cattle\Amritmahal\Amritmahal_5.jpg,Amritmahal,1
cattle\Hallikar\Hallikar_21.jpg,Hallikar,11
cattle\Bargur\Bargur_75.jpg,Bargur,4
cattle\Purnea\image_300x168_52 (2).jpg,Purnea,40
cattle\Himachali Pahari\image_168x300_52.jpg,Himachali Pahari,13
cattle\Hallikar\Hallikar_14.jpg,Hallikar,11
cattle\Sahiwal\Sahiwal_138.jpg,Sahiwal,45
cattle\Nari\image_194x259_22.jpg,Nari,33
cattle\Bargur\image_225x225_54.jpg,Bargur,4
cattle\Himachali Pahari\Image_of_Brown_Cow_Looking_In_Camera_At_.jpg,Himachali Pahari,13
cattle\Sahiwal\Sahiwal_244.jpg,Sahiwal,45
cattle\Ladakhi\image_251x201_3.jpg,Ladakhi,26
cattle\Brown_Swiss\Brown_Swiss_27.jpg,Brown_Swiss,6
cattle\Kenkatha\image_225x224_34.jpg,Kenkatha,20
cattle\Purnea\image_281x179_38.jpg,Purnea,40
cattle\Himachali Pahari\Types_of_Desi_Cow_Breeds_in_India_.jpg,Himachali Pahari,13
cattle\Lakhimi\image_225x225_28 (2).jpg,Lakhimi,27
cattle\bhelai\ezgif-frame-070.jpg,bhelai,54
cattle\Bargur\Bargur_36.png,Bargur,4
cattle\Mehsana\Mehsana_68.jpg,Mehsana,29
cattle\Hallikar\Hallikar_52.png,Hallikar,11
cattle\Jersey\Jersey_37.jpg,Jersey,16
cattle\Tharparkar\Tharparkar_182.jpg,Tharparkar,48
cattle\Khillari\Khillari_102.jpg,Khillari,22
cattle\nagori\image_259x194_29 (2).jpg,nagori,62
cattle\bhelai\image_50x50_1 (2).jpg,bhelai,54
cattle\gaolao\Ongole_107.png,gaolao,57
cattle\Kenkatha\image_259x194_23.jpg,Kenkatha,20
cattle\Khariar\image_259x194_12.jpg,Khariar,21
cattle\nagori\image_259x194_16.jpg,nagori,62
cattle\Red kandhari\image_225x225_53.jpg,Red kandhari,42
cattle\Himachali Pahari\image_168x300_3.jpg,Himachali Pahari,13
cattle\Gir\Gir_5.jPG,Gir,9
cattle\bachaur\image_251x201_3.jpg,bachaur,52
cattle\Nimari\Screenshot (1020).png,Nimari,35
cattle\Kasargod\00000175.jpg,Kasargod,19
cattle\Tharparkar\Tharparkar_130.jpg,Tharparkar,48
cattle\Vechur\00000143.jpg,Vechur,51
cattle\ghumsari\image_194x259_48.jpg,ghumsari,58
cattle\Rathi\Screenshot (957).png,Rathi,41
cattle\Lakhimi\image_259x194_2 (2).jpg,Lakhimi,27
cattle\Kankrej\Kankrej_94.png,Kankrej,18
cattle\Vechur\00000117.jpg,Vechur,51
cattle\Kenkatha\image_250x167_45.jpeg,Kenkatha,20
cattle\Alambadi\Alambadi_90.png,Alambadi,0
cattle\Malnad_gidda\Screenshot (1126).png,Malnad_gidda,28
cattle\Himachali Pahari\Visually_searched_image.jpg,Himachali Pahari,13
cattle\Ladakhi\image_254x198_5.jpg,Ladakhi,26
cattle\Mewati\image_237x213_45.jpg,Mewati,30
cattle\Gir\Gir_375.png,Gir,9
cattle\bachaur\image_225x225_9.jpg,bachaur,52
cattle\Ayrshire\Ayrshire_109.jpg,Ayrshire,2
cattle\Toda\Toda_11.jpg,Toda,49
cattle\Umblachery\image_235x214_55.jpg,Umblachery,50
cattle\Surti\Surti_46.jpg,Surti,47
cattle\Tharparkar\Tharparkar_67.jpg,Tharparkar,48
cattle\Purnea\image_245x206_53 (2).jpg,Purnea,40
cattle\Malnad_gidda\Screenshot (1165).png,Malnad_gidda,28
cattle\siri\image_266x190_1 (2).jpg,siri,64
cattle\bhelai\ezgif-frame-075.jpg,bhelai,54
cattle\Rathi\00000133.jpg,Rathi,41
cattle\Sahiwal\Sahiwal_223.jpg,Sahiwal,45
cattle\Ladakhi\image_288x175_1.jpg,Ladakhi,26
cattle\Sahiwal\Sahiwal_163.jpg,Sahiwal,45
cattle\siri\image_259x194_9 (2).jpg,siri,64
cattle\badri\image_300x168_26.jpg,badri,53
cattle\Holstein_Friesian\Holstein_Friesian_184.jpg,Holstein_Friesian,14
cattle\Himachali Pahari\image_193x261_1.jpg,Himachali Pahari,13
cattle\Shweta Kapila\image_275x183_48.jpg,Shweta Kapila,46
cattle\Holstein_Friesian\Holstein_Friesian_144.jpg,Holstein_Friesian,14
cattle\kherigarh\image_269x188_1.jpg,kherigarh,59
cattle\motu\image_217x232_43.jpg,motu,61
cattle\Mewati\image_309x163_49.jpg,Mewati,30
cattle\Hallikar\Hallikar_132.jpg,Hallikar,11
cattle\Purnea\image_272x185_37.jpg,Purnea,40
cattle\Punganur\punganurucow_.jpg,Punganur,39
cattle\thutho\image_224x225_52.jpg,thutho,65
cattle\Poda Thirupu\image_169x298_43.jpg,Poda Thirupu,37
cattle\Tharparkar\Tharparkar_111.jpg,Tharparkar,48
cattle\Kosali\Visually_searched_image.jpg,Kosali,24
cattle\badri\image_300x168_27.jpg,badri,53
cattle\Sahiwal\Sahiwal_388.jpg,Sahiwal,45
cattle\Nari\image_168x300_41.jpg,Nari,33
cattle\Amritmahal\Amritmahal_62.png,Amritmahal,1
cattle\Ayrshire\Ayrshire_179.jpg,Ayrshire,2
cattle\Khariar\image_225x225_1 (2).jpg,Khariar,21
cattle\nagori\image_225x225_39.jpg,nagori,62
cattle\Kangayam\image_213x237_28.jpg,Kangayam,17
cattle\Umblachery\image_259x194_11 (2).jpg,Umblachery,50
cattle\ponwar\image_300x168_42.jpg,ponwar,63
cattle\Poda Thirupu\image_194x259_51.jpg,Poda Thirupu,37
cattle\bachaur\image_259x194_45.jpg,bachaur,52
cattle\Ongole\Ongole_24.png,Ongole,36
cattle\bachaur\image_259x194_7.jpg,bachaur,52
cattle\ponwar\image_300x168_50.jpg,ponwar,63
cattle\nagori\image_169x298_9.jpg,nagori,62
cattle\Ayrshire\Ayrshire_211.jpg,Ayrshire,2
cattle\gangatari\Gangatiri_cows_produce_more_milk_making_.jpg,gangatari,56
cattle\Brown_Swiss\Brown_Swiss_131.jpg,Brown_Swiss,6
cattle\Khariar\image_168x300_2 (2).jpg,Khariar,21
cattle\Red kandhari\image_278x181_21.jpg,Red kandhari,42
cattle\Sahiwal\Sahiwal_119.png,Sahiwal,45
cattle\Himachali Pahari\image_299x168_42.jpg,Himachali Pahari,13
cattle\Gir\Gir_64.jpg,Gir,9
cattle\Nagpuri\Nagpuri_162.png,Nagpuri,32
cattle\Gir\Gir_294.jpg,Gir,9
cattle\Sahiwal\Sahiwal_188.jpg,Sahiwal,45
cattle\Red kandhari\image_247x204_59.jpg,Red kandhari,42
cattle\Sahiwal\Sahiwal_172.jpg,Sahiwal,45
cattle\Malnad_gidda\Screenshot (1153).png,Malnad_gidda,28
cattle\Jaffrabadi\Jaffrabadi_80.jpg,Jaffrabadi,15
cattle\Himachali Pahari\image_259x194_16 (2).jpg,Himachali Pahari,13
cattle\Mehsana\Mehsana_64.jpg,Mehsana,29
cattle\Poda Thirupu\image_250x202_63.jpg,Poda Thirupu,37
cattle\Kangayam\Kangayam_17.jpg,Kangayam,17
cattle\ghumsari\image_150x150_1.jpg,ghumsari,58
cattle\kherigarh\image_243x208_1.jpg,kherigarh,59
cattle\Bargur\Bargur_88.jpg,Bargur,4
cattle\bhelai\ezgif-frame-078.jpg,bhelai,54
cattle\Gir\Gir_256.jpg,Gir,9
cattle\Red_Dane\Red_Dane_105.jpg,Red_Dane,43
cattle\Alambadi\Alambadi_59.png,Alambadi,0
cattle\Murrah\Murrah_150.jpg,Murrah,31
cattle\Gir\Gir_72.jpg,Gir,9
cattle\Ayrshire\Ayrshire_97.jpg,Ayrshire,2
cattle\Kenkatha\image_225x225_44 (2).jpg,Kenkatha,20
cattle\Brown_Swiss\Brown_Swiss_159.jpg,Brown_Swiss,6
cattle\Nili_Ravi\Nili_Ravi_78.jpg,Nili_Ravi,34
cattle\Hallikar\Hallikar_87.png,Hallikar,11
cattle\Ongole\Ongole_47.png,Ongole,36
cattle\Shweta Kapila\image_259x194_33 (2).jpg,Shweta Kapila,46
cattle\Red kandhari\image_275x183_16.jpg,Red kandhari,42
cattle\Krishna_Valley\Krishna_Valley_75.jpg,Krishna_Valley,25
cattle\Purnea\image_300x168_49 (2).jpg,Purnea,40
cattle\Shweta Kapila\image_174x131_60.jpg,Shweta Kapila,46
cattle\Kosali\image_275x183_1.jpg,Kosali,24
cattle\Surti\Surti_13.png,Surti,47
cattle\Himachali Pahari\image_225x225_34.jpg,Himachali Pahari,13
cattle\motu\image_259x194_31.jpg,motu,61
cattle\thutho\image_259x194_25.jpg,thutho,65
cattle\Toda\Toda_54.jpg,Toda,49
cattle\Umblachery\image_259x194_4.jpg,Umblachery,50
cattle\Banni\00000206.jpg,Banni,3
cattle\Kosali\image_275x183_3.jpg,Kosali,24
cattle\Ongole\Ongole_85.png,Ongole,36
cattle\thutho\image_275x183_52.jpg,thutho,65
cattle\Shweta Kapila\image_168x300_24.jpg,Shweta Kapila,46
cattle\bachaur\image_259x194_47.jpg,bachaur,52
cattle\Kankrej\Kankrej_112.jpg,Kankrej,18
cattle\Toda\Toda_5.jpg,Toda,49
cattle\Mehsana\Mehsana_72.jpg,Mehsana,29
cattle\Holstein_Friesian\Holstein_Friesian_12.jpg,Holstein_Friesian,14
cattle\Konkan Kapila\image_269x187_11.jpg,Konkan Kapila,23
cattle\Mewati\image_168x300_48.jpg,Mewati,30
cattle\nagori\image_168x300_6 (2).jpg,nagori,62
cattle\Banni\00000052.jpg,Banni,3
cattle\bhelai\ezgif-frame-087.jpg,bhelai,54
cattle\Bargur\Bargur_78.jpg,Bargur,4
cattle\ponwar\image_242x209_59.jpg,ponwar,63
cattle\Red_Sindhi\Red_Sindhi_141.png,Red_Sindhi,44
cattle\Purnea\image_194x260_64.jpg,Purnea,40
cattle\ponwar\image_275x183_41 (2).jpg,ponwar,63
cattle\Kenkatha\image_168x300_50.jpg,Kenkatha,20
cattle\Bhadawari\Bhadawari_69.jpg,Bhadawari,5
cattle\Gir\Gir_346.png,Gir,9
cattle\Khariar\image_194x259_2.jpg,Khariar,21
cattle\Krishna_Valley\Krishna_Valley_45.jpg,Krishna_Valley,25
cattle\Khillari\Khillari_89.jpg,Khillari,22
cattle\Banni\00000157.jpg,Banni,3
cattle\Holstein_Friesian\Holstein_Friesian_317.jpg,Holstein_Friesian,14
cattle\gangatari\Cow_Breeds_10_.jpg,gangatari,56
cattle\Gir\Gir_350.jpg,Gir,9
cattle\Mewati\image_186x271_37.jpg,Mewati,30
cattle\Khillari\Khillari_110.jpg,Khillari,22
cattle\Purnea\image_245x205_55.jpg,Purnea,40
cattle\Umblachery\Umblachery_68.jpg,Umblachery,50
cattle\Himachali Pahari\image_300x168_45.jpg,Himachali Pahari,13
cattle\Punganur\image_225x225_44.jpg,Punganur,39
cattle\gaolao\Ongole_172.png,gaolao,57
cattle\Amritmahal\Amritmahal_53.png,Amritmahal,1
cattle\Bhadawari\Bhadawari_63.jpg,Bhadawari,5
cattle\Pulikulam\Pulikulam_83.jpg,Pulikulam,38
cattle\Khillari\Khillari_66.jpg,Khillari,22
cattle\Jersey\Jersey_160.jpg,Jersey,16
cattle\Ongole\Ongole_8.png,Ongole,36
cattle\Poda Thirupu\image_259x194_17.jpg,Poda Thirupu,37
cattle\Red kandhari\image_321x157_60.jpg,Red kandhari,42
cattle\Kankrej\Kankrej_158.jpg,Kankrej,18
cattle\Holstein_Friesian\Holstein_Friesian_127.jpg,Holstein_Friesian,14
cattle\Mewati\image_259x194_20 (2).jpg,Mewati,30
cattle\Surti\Surti_31.jpg,Surti,47
cattle\dagri\image_168x300_53.jpg,dagri,55
cattle\Ongole\Ongole_165.jpg,Ongole,36
cattle\Nari\image_299x168_50.jpg,Nari,33
cattle\Jaffrabadi\Jaffrabadi_60.jpg,Jaffrabadi,15
cattle\malvi\image_259x194_39.jpg,malvi,60
cattle\Ayrshire\Ayrshire_57.jpg,Ayrshire,2
cattle\Khariar\image_238x212_2.jpg,Khariar,21
cattle\Jersey\Jersey_82.jpg,Jersey,16
cattle\Nili_Ravi\Nili_Ravi_53.jpg,Nili_Ravi,34
cattle\kherigarh\image_221x229_8.jpg,kherigarh,59
cattle\Nagpuri\Nagpuri_1.JPG,Nagpuri,32
cattle\Dangi\image_168x299_45.jpg,Dangi,7
cattle\Purnea\image_271x186_40.jpg,Purnea,40
cattle\Purnea\image_259x194_12 (2).jpg,Purnea,40
cattle\Nagpuri\Nagpuri_56.png,Nagpuri,32
cattle\ponwar\image_300x168_33.jpg,ponwar,63
cattle\Jersey\Jersey_193.jpg,Jersey,16
cattle\Punganur\image_300x168_6.jpg,Punganur,39
cattle\Brown_Swiss\Brown_Swiss_11.jpg,Brown_Swiss,6
cattle\Khariar\image_258x195_1.jpg,Khariar,21
cattle\Nari\Visually_searched_image.jpg,Nari,33
cattle\Holstein_Friesian\Holstein_Friesian_246.jpg,Holstein_Friesian,14
cattle\Holstein_Friesian\Holstein_Friesian_111.jpg,Holstein_Friesian,14
cattle\Guernsey\Guernsey_105.jpg,Guernsey,10
cattle\Ayrshire\Ayrshire_41.jpg,Ayrshire,2
cattle\Gir\Gir_33.jpg,Gir,9
cattle\Ayrshire\Ayrshire_205.jpg,Ayrshire,2
cattle\Red kandhari\image_275x183_16 (2).jpg,Red kandhari,42
cattle\Malnad_gidda\Screenshot (1155).png,Malnad_gidda,28
cattle\Brown_Swiss\Brown_Swiss_39.jpg,Brown_Swiss,6
cattle\Surti\Surti_3.jpg,Surti,47
cattle\Hallikar\Hallikar_149.jpg,Hallikar,11
cattle\Kankrej\Kankrej_34.png,Kankrej,18
cattle\Himachali Pahari\image_194x259_2 (2).jpg,Himachali Pahari,13
cattle\Gir\Gir_296.jpg,Gir,9
cattle\Sahiwal\Sahiwal_237.jpg,Sahiwal,45
cattle\Poda Thirupu\image_168x300_15.jpg,Poda Thirupu,37
cattle\Gir\Gir_190.jpg,Gir,9
cattle\ponwar\image_300x168_30.jpg,ponwar,63
cattle\Bhadawari\Bhadawari_46.jpg,Bhadawari,5
cattle\Krishna_Valley\Krishna_Valley_53.jpg,Krishna_Valley,25
cattle\Tharparkar\Tharparkar_121.jpg,Tharparkar,48
cattle\nagori\image_168x300_30.jpg,nagori,62
cattle\Holstein_Friesian\Holstein_Friesian_327.jpg,Holstein_Friesian,14
cattle\dagri\image_187x269_57.jpg,dagri,55
cattle\Sahiwal\Sahiwal_10.JPG,Sahiwal,45
cattle\Kangayam\Kangayam_25.jpg,Kangayam,17
cattle\kherigarh\image_300x168_1 (2).jpg,kherigarh,59
cattle\Rathi\00000002.jpg,Rathi,41
cattle\Rathi\00000155.jpg,Rathi,41
cattle\thutho\image_194x259_48.jpg,thutho,65
cattle\dagri\Indigenous_Cattle_Breeds_ (4).jpg,dagri,55
cattle\ghumsari\image_194x259_9.jpg,ghumsari,58
cattle\Sahiwal\Sahiwal_182.jpg,Sahiwal,45
cattle\Nili_Ravi\Nili_Ravi_30.jpg,Nili_Ravi,34
cattle\ghumsari\image_168x300_2.jpg,ghumsari,58
cattle\Brown_Swiss\Brown_Swiss_52.jpg,Brown_Swiss,6
cattle\malvi\image_300x168_68.jpg,malvi,60
cattle\Dangi\00000055.jpg,Dangi,7
cattle\Tharparkar\Tharparkar_69.jpg,Tharparkar,48
cattle\Poda Thirupu\image_300x168_5.jpg,Poda Thirupu,37
cattle\Holstein_Friesian\Holstein_Friesian_298.jpg,Holstein_Friesian,14
cattle\dagri\image_266x190_1.jpg,dagri,55
cattle\Toda\Toda_52.jpg,Toda,49
cattle\thutho\image_278x181_54.jpg,thutho,65
cattle\Jaffrabadi\Jaffrabadi_68.jpg,Jaffrabadi,15
cattle\Bhadawari\Bhadawari_74.jpg,Bhadawari,5
cattle\badri\indigenous_Badri_cow_.jpg,badri,53
cattle\Malnad_gidda\Screenshot (1144).png,Malnad_gidda,28
cattle\thutho\image_275x183_62.jpg,thutho,65
cattle\Hariana\Hariana_78.png,Hariana,12
cattle\Ayrshire\Ayrshire_194.jpg,Ayrshire,2
cattle\Vechur\00000176.jpg,Vechur,51
cattle\Umblachery\Umblachery_70.png,Umblachery,50
cattle\Ayrshire\Ayrshire_228.jpg,Ayrshire,2
cattle\Ladakhi\image_210x240_1.jpg,Ladakhi,26
cattle\Sahiwal\Sahiwal_218.png,Sahiwal,45
cattle\Nimari\Screenshot (1026).png,Nimari,35
cattle\Sahiwal\Sahiwal_292.jpg,Sahiwal,45
cattle\Nagpuri\Nagpuri_6.jpg,Nagpuri,32
cattle\Red_Dane\Red_Dane_75.jpg,Red_Dane,43
cattle\Mehsana\Mehsana_17.png,Mehsana,29
cattle\Bargur\Bargur_19.jpg,Bargur,4
cattle\Poda Thirupu\image_183x275_59.jpg,Poda Thirupu,37
cattle\ponwar\image_201x251_50.jpg,ponwar,63
cattle\Mewati\image_168x300_16 (2).jpg,Mewati,30
cattle\badri\Gyr_cattle_-_Wikipedia.jpg,badri,53
cattle\motu\image_259x194_7.jpg,motu,61
cattle\motu\image_225x225_57.jpg,motu,61
cattle\Ayrshire\Ayrshire_58.jpg,Ayrshire,2
cattle\kherigarh\image_275x183_5 (2).jpg,kherigarh,59
cattle\motu\image_259x194_6.jpg,motu,61
cattle\siri\image_300x168_51.jpg,siri,64
cattle\Guernsey\Guernsey_102.jpg,Guernsey,10
cattle\Kankrej\Kankrej_89.jpg,Kankrej,18
cattle\Red_Sindhi\Red_Sindhi_108.jpg,Red_Sindhi,44
cattle\badri\Types_of_Desi_Cow_Breeds_in_India_ (1).jpg,badri,53
cattle\Shweta Kapila\image_168x299_58.jpg,Shweta Kapila,46
cattle\Gir\Gir_47.jpg,Gir,9
cattle\motu\image_259x194_20.jpg,motu,61
cattle\Punganur\Miniature_Punganur_Cow_in_Idukki_.jpg,Punganur,39
cattle\Holstein_Friesian\Holstein_Friesian_3.jpg,Holstein_Friesian,14
cattle\Surti\Surti_64.jpg,Surti,47
cattle\Ladakhi\image_232x217_7.jpg,Ladakhi,26
cattle\Kenkatha\image_266x189_6.jpg,Kenkatha,20
cattle\Poda Thirupu\image_259x194_32.jpg,Poda Thirupu,37
cattle\Murrah\Murrah_128.jpg,Murrah,31
cattle\Holstein_Friesian\Holstein_Friesian_214.jpg,Holstein_Friesian,14
cattle\Himachali Pahari\Brac_AI.jpg,Himachali Pahari,13
cattle\Kangayam\image_210x240_58.jpg,Kangayam,17
cattle\Umblachery\image_259x194_5 (2).jpg,Umblachery,50
cattle\Pulikulam\Pulikulam_84.jpg,Pulikulam,38
cattle\Nimari\00000018.jpg,Nimari,35
cattle\Krishna_Valley\Krishna_Valley_89.jpg,Krishna_Valley,25
cattle\Ongole\Ongole_160.png,Ongole,36
cattle\Krishna_Valley\Krishna_Valley_61.jpg,Krishna_Valley,25
cattle\Ongole\Ongole_172.png,Ongole,36
cattle\Purnea\image_225x225_40 (2).jpg,Purnea,40
cattle\Guernsey\Guernsey_77.jpg,Guernsey,10
cattle\Khillari\Khillari_43.jpg,Khillari,22
cattle\malvi\image_259x194_29.jpg,malvi,60
cattle\Umblachery\Umblachery_47.png,Umblachery,50
cattle\gaolao\0034.jpg,gaolao,57
cattle\badri\image_168x300_4.jpg,badri,53
cattle\Red_Sindhi\Red_Sindhi_61.jpg,Red_Sindhi,44
cattle\motu\image_225x225_45.jpg,motu,61
cattle\Purnea\image_225x225_58 (2).jpg,Purnea,40
cattle\Kankrej\Kankrej_54.jpg,Kankrej,18
cattle\Brown_Swiss\Brown_Swiss_147.jpg,Brown_Swiss,6
cattle\siri\image_226x223_49.jpg,siri,64
cattle\Rathi\00000033.jpeg,Rathi,41
cattle\siri\image_259x194_50.jpg,siri,64
cattle\thutho\image_259x194_7.jpg,thutho,65
cattle\Poda Thirupu\image_260x194_58.jpg,Poda Thirupu,37
cattle\Holstein_Friesian\Holstein_Friesian_268.jpg,Holstein_Friesian,14
cattle\ponwar\image_299x168_16.jpg,ponwar,63
cattle\Nagpuri\Nagpuri_178.jpg,Nagpuri,32
cattle\Krishna_Valley\Krishna_Valley_110.jpg,Krishna_Valley,25
cattle\nagori\image_300x168_41.jpg,nagori,62
cattle\malvi\image_218x231_52.jpg,malvi,60
cattle\Hariana\Hariana_39.jpg,Hariana,12
cattle\Ayrshire\Ayrshire_107.jpg,Ayrshire,2
cattle\Sahiwal\Sahiwal_298.jpg,Sahiwal,45
cattle\Ayrshire\Ayrshire_17.jpg,Ayrshire,2
cattle\Deoni\Deoni_79.png,Deoni,8
cattle\Sahiwal\Sahiwal_55.jpg,Sahiwal,45
cattle\ponwar\image_259x194_19.jpg,ponwar,63
cattle\kherigarh\image_258x196_1 (2).jpg,kherigarh,59
cattle\Lakhimi\image_168x300_16.jpg,Lakhimi,27
cattle\Red_Sindhi\Red_Sindhi_54.jpg,Red_Sindhi,44
cattle\Holstein_Friesian\Holstein_Friesian_285.jpg,Holstein_Friesian,14
cattle\siri\image_259x194_11.jpg,siri,64
cattle\Mewati\image_168x300_40.jpg,Mewati,30
cattle\Gir\Gir_60.jpg,Gir,9
cattle\Dangi\image_300x168_21.jpg,Dangi,7
cattle\Umblachery\Umblachery_12.png,Umblachery,50
cattle\Purnea\image_259x194_13 (3).jpg,Purnea,40
cattle\Hariana\Hariana_115.jpg,Hariana,12
cattle\Alambadi\Alambadi_63.jpg,Alambadi,0
cattle\Bargur\Bargur_10.png,Bargur,4
cattle\Bhadawari\Bhadawari_29.jpg,Bhadawari,5
cattle\Tharparkar\Tharparkar_152.png,Tharparkar,48
cattle\Red kandhari\image_321x157_56.jpg,Red kandhari,42
cattle\Hariana\Hariana_95.jpg,Hariana,12
cattle\Tharparkar\Tharparkar_39.jpg,Tharparkar,48
cattle\Kosali\image_194x259_5 (2).jpg,Kosali,24
cattle\Sahiwal\Sahiwal_421.jpg,Sahiwal,45
cattle\Dangi\00000017.jpg,Dangi,7
cattle\badri\Badri_Cow_Bulls_Long_Horns_Tethered_ (2).jpg,badri,53
cattle\Pulikulam\Pulikulam_125.jpg,Pulikulam,38
cattle\Brown_Swiss\Brown_Swiss_116.jpg,Brown_Swiss,6
cattle\Hallikar\Hallikar_157.jpg,Hallikar,11
cattle\Holstein_Friesian\Holstein_Friesian_41.jpg,Holstein_Friesian,14
cattle\motu\image_259x194_15.jpg,motu,61
cattle\Red_Sindhi\Red_Sindhi_5.JPG,Red_Sindhi,44
cattle\Lakhimi\image_200x142_57.jpg,Lakhimi,27
cattle\Krishna_Valley\Krishna_Valley_129.jpg,Krishna_Valley,25
cattle\Murrah\Murrah_139.jpg,Murrah,31
cattle\Holstein_Friesian\Holstein_Friesian_179.jpg,Holstein_Friesian,14
cattle\Holstein_Friesian\Holstein_Friesian_1.jpg,Holstein_Friesian,14
cattle\Hariana\Hariana_31.png,Hariana,12
cattle\Purnea\image_238x180_52.jpg,Purnea,40
cattle\siri\image_205x161_33.jpg,siri,64
cattle\Kangayam\Kangayam_88.png,Kangayam,17
cattle\Red_Dane\Red_Dane_72.jpg,Red_Dane,43
cattle\Pulikulam\Pulikulam_106.png,Pulikulam,38
cattle\Hallikar\Hallikar_153.jpg,Hallikar,11
cattle\Sahiwal\Sahiwal_264.jpg,Sahiwal,45
cattle\gaolao\0494.jpg,gaolao,57
cattle\Murrah\Murrah_171.jpg,Murrah,31
cattle\Gir\Gir_138.jpg,Gir,9
cattle\Purnea\image_225x225_42.jpg,Purnea,40
cattle\Shweta Kapila\image_291x173_39.jpg,Shweta Kapila,46
cattle\Purnea\image_299x168_54.jpg,Purnea,40
cattle\motu\image_300x168_40.jpg,motu,61
cattle\Ayrshire\Ayrshire_52.jpg,Ayrshire,2
cattle\Gir\Gir_26.jpg,Gir,9
cattle\Jersey\Jersey_1.jpg,Jersey,16
cattle\Red_Sindhi\Red_Sindhi_149.png,Red_Sindhi,44
cattle\Mewati\image_300x168_48.jpg,Mewati,30
cattle\gaolao\0164.jpg,gaolao,57
cattle\Kankrej\Kankrej_116.jpg,Kankrej,18
cattle\Surti\Surti_47.jpg,Surti,47
cattle\Ongole\Ongole_45.png,Ongole,36
cattle\Mewati\image_204x247_48.jpg,Mewati,30
cattle\Holstein_Friesian\Holstein_Friesian_212.jpg,Holstein_Friesian,14
cattle\motu\image_194x259_47.jpg,motu,61
cattle\Ongole\Ongole_9.jpg,Ongole,36
cattle\Poda Thirupu\image_242x208_50.jpg,Poda Thirupu,37
cattle\Nagpuri\Nagpuri_25.jpg,Nagpuri,32
cattle\Alambadi\Alambadi_95.png,Alambadi,0
cattle\Kankrej\Kankrej_3.JPG,Kankrej,18
cattle\Hallikar\Hallikar_95.png,Hallikar,11
cattle\siri\image_229x220_49.jpg,siri,64
cattle\Punganur\image_207x243_56.jpg,Punganur,39
cattle\gangatari\BL_Agro_to_invest_3000_crore_in_UP_.jpg,gangatari,56
cattle\Mewati\image_260x194_2.jpg,Mewati,30
cattle\Krishna_Valley\Krishna_Valley_62.jpg,Krishna_Valley,25
cattle\Kosali\image_168x300_2 (2).jpg,Kosali,24
cattle\Umblachery\image_194x259_50.jpg,Umblachery,50
cattle\Kangayam\image_225x225_18.jpg,Kangayam,17
cattle\Khillari\Khillari_100.png,Khillari,22
cattle\Poda Thirupu\image_225x225_55.jpg,Poda Thirupu,37
cattle\Poda Thirupu\Visually_searched_image (3).jpg,Poda Thirupu,37
cattle\Gir\Gir_348.png,Gir,9
cattle\Tharparkar\Tharparkar_200.jpg,Tharparkar,48
cattle\Lakhimi\Visually_searched_image.jpg,Lakhimi,27
cattle\Kangayam\Kangayam_32.jpg,Kangayam,17
cattle\nagori\image_274x184_51.jpg,nagori,62
cattle\gaolao\Breeds_of_cattle_in_india_PPTX.jpg,gaolao,57
cattle\gangatari\Screenshot 2025-09-24 191640.png,gangatari,56
cattle\Brown_Swiss\Brown_Swiss_224.jpg,Brown_Swiss,6
cattle\Hariana\Hariana_17.png,Hariana,12
cattle\Punganur\image_278x182_54.jpg,Punganur,39
cattle\Ongole\Ongole_116.png,Ongole,36
cattle\siri\image_225x225_49.jpg,siri,64
cattle\Dangi\image_256x197_19.jpg,Dangi,7
cattle\Guernsey\Guernsey_31.jpg,Guernsey,10
cattle\Red_Dane\Red_Dane_15.jpg,Red_Dane,43
cattle\Red_Dane\Red_Dane_77.jpg,Red_Dane,43
cattle\gangatari\image_259x194_18.jpg,gangatari,56
cattle\thutho\image_259x194_14.jpg,thutho,65
cattle\bachaur\Indian_Cows_-_Surabhivana_Gaushala_.jpg,bachaur,52
cattle\Tharparkar\Tharparkar_129.jpg,Tharparkar,48
cattle\Shweta Kapila\image_256x197_23.jpg,Shweta Kapila,46
cattle\Jaffrabadi\Jaffrabadi_58.jpg,Jaffrabadi,15
cattle\Mehsana\Mehsana_54.png,Mehsana,29
cattle\Nimari\Screenshot (1034).png,Nimari,35
cattle\Nari\image_270x187_44.jpg,Nari,33
cattle\Kankrej\Kankrej_8.jpg,Kankrej,18
cattle\Toda\Toda_70.jpg,Toda,49
cattle\bhelai\ezgif-frame-003.jpg,bhelai,54
cattle\Dangi\00000169.jpg,Dangi,7
cattle\Nagpuri\Nagpuri_90.jpg,Nagpuri,32
cattle\Red kandhari\image_275x183_14 (2).jpg,Red kandhari,42
cattle\Hallikar\Hallikar_27.png,Hallikar,11
cattle\nagori\image_247x204_46.jpg,nagori,62
cattle\Poda Thirupu\image_259x194_35.jpg,Poda Thirupu,37
cattle\Nili_Ravi\Nili_Ravi_62.jpg,Nili_Ravi,34
cattle\Umblachery\image_168x300_39.jpg,Umblachery,50
cattle\Sahiwal\Sahiwal_325.jpg,Sahiwal,45
cattle\Sahiwal\Sahiwal_345.png,Sahiwal,45
cattle\nagori\image_168x300_4 (2).jpg,nagori,62
cattle\Purnea\image_275x183_58.jpg,Purnea,40
cattle\nagori\image_168x299_12.jpg,nagori,62
cattle\Khariar\image_250x202_2.jpg,Khariar,21
cattle\Dangi\Screenshot (374).png,Dangi,7
cattle\Khariar\image_259x194_17.jpg,Khariar,21
cattle\gangatari\image_241x209_45.jpg,gangatari,56
cattle\ponwar\image_259x194_30 (2).jpg,ponwar,63
cattle\Red_Dane\Red_Dane_64.jpg,Red_Dane,43
cattle\Khillari\Khillari_14.jpg,Khillari,22
cattle\nagori\image_240x210_54.jpg,nagori,62
cattle\Tharparkar\Tharparkar_125.jpg,Tharparkar,48
cattle\Poda Thirupu\image_168x300_42.jpg,Poda Thirupu,37
cattle\Khillari\Khillari_61.jpg,Khillari,22
cattle\Holstein_Friesian\Holstein_Friesian_81.jpg,Holstein_Friesian,14
cattle\Murrah\Murrah_65.jpg,Murrah,31
cattle\Shweta Kapila\image_168x299_59.jpg,Shweta Kapila,46
cattle\Murrah\Murrah_10.jpg,Murrah,31
cattle\Guernsey\Guernsey_51.jpg,Guernsey,10
cattle\Himachali Pahari\image_201x251_58.jpg,Himachali Pahari,13
cattle\Ayrshire\Ayrshire_219.jpg,Ayrshire,2
cattle\Malnad_gidda\00000134.jpg,Malnad_gidda,28
cattle\Amritmahal\Amritmahal_95.jpg,Amritmahal,1
cattle\ponwar\image_194x259_52.jpg,ponwar,63
cattle\malvi\image_275x183_45 (2).jpg,malvi,60
cattle\thutho\image_194x259_49.jpg,thutho,65
cattle\Banni\00000049.jpg,Banni,3
cattle\siri\image_259x194_6.jpg,siri,64
cattle\Sahiwal\Sahiwal_303.jpg,Sahiwal,45
cattle\Himachali Pahari\Swadeshi_Kamdhenu_Gaushala_Himachal_.jpg,Himachali Pahari,13
cattle\Nili_Ravi\Nili_Ravi_63.jpg,Nili_Ravi,34
cattle\Dangi\00000021.jpg,Dangi,7
cattle\Murrah\Murrah_52.jpg,Murrah,31
cattle\kherigarh\image_266x190_2.jpg,kherigarh,59
cattle\dagri\image_242x208_57.jpg,dagri,55
cattle\Kangayam\Kangayam_51.jpg,Kangayam,17
cattle\Holstein_Friesian\Holstein_Friesian_46.jpg,Holstein_Friesian,14
cattle\Jersey\Jersey_32.jpg,Jersey,16
cattle\Hariana\Hariana_65.png,Hariana,12
cattle\Lakhimi\image_300x168_35 (2).jpg,Lakhimi,27
cattle\Purnea\image_259x194_19.jpg,Purnea,40
cattle\Vechur\00000166.jpg,Vechur,51
cattle\thutho\image_225x225_62.jpg,thutho,65
cattle\Kasargod\Screenshot (995).png,Kasargod,19
cattle\Bhadawari\Bhadawari_24.jpg,Bhadawari,5
cattle\Surti\Surti_17.jpg,Surti,47
cattle\Mewati\image_168x300_46.jpg,Mewati,30
cattle\Jersey\Jersey_159.jpg,Jersey,16
cattle\Alambadi\Alambadi_40.png,Alambadi,0
cattle\Alambadi\Alambadi_9.png,Alambadi,0
cattle\Red_Sindhi\Red_Sindhi_48.jpg,Red_Sindhi,44
cattle\Murrah\Murrah_132.png,Murrah,31
cattle\ghumsari\Visually_searched_image (2).jpg,ghumsari,58
cattle\Shweta Kapila\image_225x225_44.jpg,Shweta Kapila,46
cattle\Jersey\Jersey_109.jpg,Jersey,16
cattle\Red_Dane\Red_Dane_131.jpg,Red_Dane,43
cattle\Red kandhari\image_275x183_15.jpg,Red kandhari,42
cattle\Jersey\Jersey_196.jpg,Jersey,16
cattle\Murrah\Murrah_153.jpg,Murrah,31
cattle\Purnea\image_259x194_48.jpg,Purnea,40
cattle\thutho\image_259x194_20.jpg,thutho,65
cattle\Ayrshire\Ayrshire_195.jpg,Ayrshire,2
cattle\Dangi\Screenshot (351).png,Dangi,7
cattle\Red_Sindhi\Red_Sindhi_39.jpg,Red_Sindhi,44
cattle\Nimari\Screenshot (1046).png,Nimari,35
cattle\Jersey\Jersey_97.jpg,Jersey,16
cattle\Brown_Swiss\Brown_Swiss_104.jpg,Brown_Swiss,6
cattle\Hariana\Hariana_27.jpg,Hariana,12
cattle\Murrah\Murrah_18.jpg,Murrah,31
cattle\Mewati\image_191x264_36.jpg,Mewati,30
cattle\Shweta Kapila\image_225x225_45 (2).jpg,Shweta Kapila,46
cattle\Kasargod\00000003.jpg,Kasargod,19
cattle\Holstein_Friesian\Holstein_Friesian_169.jpg,Holstein_Friesian,14
cattle\Lakhimi\image_300x168_38 (2).jpg,Lakhimi,27
cattle\Kenkatha\image_225x225_45 (2).jpg,Kenkatha,20
cattle\Sahiwal\Sahiwal_143.png,Sahiwal,45
cattle\Nagpuri\Nagpuri_140.jpg,Nagpuri,32
cattle\Umblachery\image_259x194_13 (2).jpg,Umblachery,50
cattle\Himachali Pahari\CATTLE_-_LeafConAgro.jpg,Himachali Pahari,13
cattle\Red_Dane\Red_Dane_79.jpg,Red_Dane,43
cattle\Ladakhi\image_253x199_4.jpg,Ladakhi,26
cattle\Shweta Kapila\image_299x168_42.jpg,Shweta Kapila,46
cattle\bhelai\Screenshot 2025-09-24 183044.png,bhelai,54
cattle\Malnad_gidda\Screenshot (1117).png,Malnad_gidda,28
cattle\Punganur\Visually_searched_image.jpg,Punganur,39
cattle\Red_Sindhi\Red_Sindhi_82.jpg,Red_Sindhi,44
cattle\Ongole\Ongole_75.png,Ongole,36
cattle\Red_Sindhi\Red_Sindhi_151.png,Red_Sindhi,44
cattle\Kangayam\image_183x275_58.jpg,Kangayam,17
cattle\motu\image_225x225_59.jpg,motu,61
cattle\Nagpuri\Nagpuri_128.jpg,Nagpuri,32
cattle\Bhadawari\Bhadawari_37.jpg,Bhadawari,5
cattle\siri\image_225x225_46.jpg,siri,64
cattle\Ongole\Ongole_57.jpg,Ongole,36
cattle\Gir\Gir_147.jpg,Gir,9
cattle\Hallikar\Hallikar_73.png,Hallikar,11
cattle\Shweta Kapila\image_250x188_38.jpg,Shweta Kapila,46
cattle\Tharparkar\Tharparkar_173.jpg,Tharparkar,48
cattle\Holstein_Friesian\Holstein_Friesian_18.jpg,Holstein_Friesian,14
cattle\thutho\image_259x195_25.jpg,thutho,65
cattle\Krishna_Valley\Krishna_Valley_67.jpg,Krishna_Valley,25
cattle\Hallikar\Hallikar_15.jpg,Hallikar,11
cattle\Jaffrabadi\Jaffrabadi_88.jpg,Jaffrabadi,15
cattle\bhelai\ezgif-frame-010.jpg,bhelai,54
cattle\Kankrej\Kankrej_55.png,Kankrej,18
cattle\Nari\image_259x194_40 (2).jpg,Nari,33
cattle\Sahiwal\Sahiwal_289.jpg,Sahiwal,45
cattle\Guernsey\Guernsey_83.jpg,Guernsey,10
cattle\Purnea\image_259x195_1.jpg,Purnea,40
cattle\siri\image_194x259_34.jpg,siri,64
cattle\motu\image_194x259_55.jpg,motu,61
cattle\Holstein_Friesian\Holstein_Friesian_308.jpg,Holstein_Friesian,14
cattle\ponwar\Visually_searched_image.jpg,ponwar,63
cattle\Kangayam\Kangayam_56.png,Kangayam,17
cattle\Kosali\image_255x197_18.jpg,Kosali,24
cattle\Gir\Gir_153.jpg,Gir,9
cattle\Toda\Toda_47.jpg,Toda,49
cattle\Poda Thirupu\image_259x194_6.jpg,Poda Thirupu,37
cattle\Khariar\image_259x194_9.jpg,Khariar,21
cattle\Toda\Toda_64.jpg,Toda,49
cattle\Khariar\image_259x195_1.jpg,Khariar,21
cattle\gaolao\image_69x46_1.jpg,gaolao,57
cattle\nagori\image_242x209_48.jpg,nagori,62
cattle\gaolao\Ongole_171.jpg,gaolao,57
cattle\Guernsey\Guernsey_71.jpg,Guernsey,10
cattle\Poda Thirupu\image_259x195_1.jpg,Poda Thirupu,37
cattle\Pulikulam\Pulikulam_72.jpg,Pulikulam,38
cattle\Hallikar\Hallikar_146.jpg,Hallikar,11
cattle\Krishna_Valley\Krishna_Valley_4.jpg,Krishna_Valley,25
cattle\Red kandhari\image_299x168_50.jpg,Red kandhari,42
cattle\Surti\Surti_15.jpg,Surti,47
cattle\bachaur\image_168x300_3.jpg,bachaur,52
cattle\Kangayam\image_275x183_43.jpg,Kangayam,17
cattle\Sahiwal\Sahiwal_243.jpg,Sahiwal,45
cattle\Red kandhari\image_275x183_10 (2).jpg,Red kandhari,42
cattle\gangatari\Visually_searched_image (2).jpg,gangatari,56
cattle\Bargur\image_265x190_50.jpg,Bargur,4
cattle\Mewati\image_259x194_32.jpg,Mewati,30
cattle\Jaffrabadi\Jaffrabadi_102.png,Jaffrabadi,15
cattle\Gir\Gir_21.jpg,Gir,9
cattle\ponwar\image_259x194_23.jpg,ponwar,63
cattle\Kenkatha\image_279x181_43.jpg,Kenkatha,20
cattle\Krishna_Valley\Krishna_Valley_22.jpg,Krishna_Valley,25
cattle\Punganur\Punganur_Cow_milk_desi_ghee_special_.jpg,Punganur,39
cattle\Banni\00000290.jpg,Banni,3
cattle\Holstein_Friesian\Holstein_Friesian_63.jpg,Holstein_Friesian,14
cattle\Nagpuri\Nagpuri_11.jpg,Nagpuri,32
cattle\thutho\image_275x183_64.jpg,thutho,65
cattle\malvi\image_180x180_73.jpg,malvi,60
cattle\Sahiwal\Sahiwal_410.jpeg,Sahiwal,45
cattle\kherigarh\image_251x201_3.jpg,kherigarh,59
cattle\Nari\image_168x300_40.jpg,Nari,33
cattle\Kenkatha\image_259x194_7.jpg,Kenkatha,20
cattle\Kosali\image_276x183_2.jpg,Kosali,24
cattle\motu\image_225x225_44.jpg,motu,61
cattle\Himachali Pahari\image_276x183_1.jpg,Himachali Pahari,13
cattle\Mewati\image_259x194_8 (3).jpg,Mewati,30
cattle\Ongole\Ongole_118.png,Ongole,36
cattle\Shweta Kapila\image_225x225_45.jpg,Shweta Kapila,46
cattle\Khariar\image_268x188_4.jpg,Khariar,21
cattle\Purnea\image_259x194_11 (5).jpg,Purnea,40
cattle\Poda Thirupu\image_168x300_42 (3).jpg,Poda Thirupu,37
cattle\ghumsari\image_150x335_51.jpg,ghumsari,58
cattle\Purnea\image_208x242_46 (2).jpg,Purnea,40
cattle\Shweta Kapila\image_225x225_43 (2).jpg,Shweta Kapila,46
cattle\Red_Dane\Red_Dane_52.jpg,Red_Dane,43
cattle\Himachali Pahari\image_259x194_8.jpg,Himachali Pahari,13
cattle\bhelai\Belahi_breed_of_Desi_cow_.jpg,bhelai,54
cattle\ponwar\image_225x225_53 (2).jpg,ponwar,63
cattle\Ayrshire\Ayrshire_100.jpg,Ayrshire,2
cattle\Ladakhi\image_299x168_4.jpg,Ladakhi,26
cattle\Holstein_Friesian\Holstein_Friesian_141.jpg,Holstein_Friesian,14
cattle\Hariana\Hariana_118.jpg,Hariana,12
cattle\bachaur\image_265x190_32.jpg,bachaur,52
cattle\Umblachery\image_259x194_18.jpg,Umblachery,50
cattle\Ongole\Ongole_128.png,Ongole,36
cattle\Red_Sindhi\Red_Sindhi_9.png,Red_Sindhi,44
cattle\Holstein_Friesian\Holstein_Friesian_108.jpg,Holstein_Friesian,14
cattle\Mewati\image_224x225_40.jpg,Mewati,30
cattle\Gir\Gir_352.jpg,Gir,9
cattle\badri\image_168x300_13.jpg,badri,53
cattle\Guernsey\Guernsey_13.jpg,Guernsey,10
cattle\Gir\Gir_366.jpg,Gir,9
cattle\Nagpuri\Nagpuri_185.png,Nagpuri,32
cattle\Malnad_gidda\00000100.jpg,Malnad_gidda,28
cattle\Poda Thirupu\image_275x183_46.jpg,Poda Thirupu,37
cattle\Amritmahal\Amritmahal_43.png,Amritmahal,1
cattle\Guernsey\Guernsey_78.jpg,Guernsey,10
cattle\motu\image_192x144_65.jpg,motu,61
cattle\Nagpuri\Nagpuri_102.jpg,Nagpuri,32
cattle\Vechur\00000036.jpg,Vechur,51
cattle\Surti\Surti_5.jpg,Surti,47
cattle\Shweta Kapila\image_200x133_67.jpg,Shweta Kapila,46
cattle\Krishna_Valley\Krishna_Valley_40.jpg,Krishna_Valley,25
cattle\Poda Thirupu\image_168x300_40 (2).jpg,Poda Thirupu,37
cattle\malvi\image_236x135_74.jpg,malvi,60
cattle\Kosali\image_259x194_5.jpg,Kosali,24
cattle\Ladakhi\image_203x248_2.jpg,Ladakhi,26
cattle\Brown_Swiss\Brown_Swiss_188.jpg,Brown_Swiss,6
cattle\Ayrshire\Ayrshire_164.jpg,Ayrshire,2
cattle\Nari\image_259x194_36.jpg,Nari,33
cattle\Jersey\Jersey_26.jpg,Jersey,16
cattle\Holstein_Friesian\Holstein_Friesian_59.jpg,Holstein_Friesian,14
cattle\Holstein_Friesian\Holstein_Friesian_118.jpg,Holstein_Friesian,14
cattle\Hallikar\Hallikar_68.png,Hallikar,11
cattle\Murrah\Murrah_94.png,Murrah,31
cattle\Deoni\Deoni_33.jpg,Deoni,8
cattle\Murrah\Murrah_44.jpg,Murrah,31
cattle\Ayrshire\Ayrshire_151.jpg,Ayrshire,2
cattle\Toda\Toda_50.jpg,Toda,49
cattle\Kenkatha\image_259x194_15 (2).jpg,Kenkatha,20
cattle\Nari\image_259x194_37 (2).jpg,Nari,33
cattle\Kankrej\Kankrej_177.jpg,Kankrej,18
cattle\Malnad_gidda\00000193.jpg,Malnad_gidda,28
cattle\Kosali\image_300x168_3.jpg,Kosali,24
cattle\Rathi\00000382.jpg,Rathi,41
cattle\Holstein_Friesian\Holstein_Friesian_307.jpg,Holstein_Friesian,14
cattle\Lakhimi\image_149x339_52.jpg,Lakhimi,27
cattle\Ongole\Ongole_72.jpg,Ongole,36
cattle\Kenkatha\image_205x367_39.jpg,Kenkatha,20
cattle\Red_Sindhi\Red_Sindhi_28.jpg,Red_Sindhi,44
cattle\Kenkatha\image_225x225_44.jpg,Kenkatha,20
cattle\Hariana\Hariana_74.jpg,Hariana,12
cattle\Himachali Pahari\image_225x225_35.jpg,Himachali Pahari,13
cattle\Holstein_Friesian\Holstein_Friesian_162.jpg,Holstein_Friesian,14
cattle\Jaffrabadi\Jaffrabadi_63.png,Jaffrabadi,15
cattle\Sahiwal\Sahiwal_67.jpg,Sahiwal,45
cattle\siri\image_259x194_20.jpg,siri,64
cattle\Shweta Kapila\image_194x259_40.jpg,Shweta Kapila,46
cattle\Bargur\image_297x170_56.jpg,Bargur,4
cattle\Murrah\Murrah_146.jpg,Murrah,31
cattle\Ayrshire\Ayrshire_22.jpg,Ayrshire,2
cattle\bachaur\Indian_Zebu_Cattle_Breeds.jpg,bachaur,52
cattle\Mehsana\Mehsana_22.png,Mehsana,29
cattle\kherigarh\image_168x299_3.jpg,kherigarh,59
cattle\siri\image_278x181_56.jpg,siri,64
cattle\Krishna_Valley\Krishna_Valley_60.jpg,Krishna_Valley,25
cattle\Red kandhari\image_275x183_14.jpg,Red kandhari,42
cattle\Lakhimi\image_259x194_9.jpg,Lakhimi,27
cattle\Kenkatha\image_225x225_33.jpg,Kenkatha,20
cattle\Kosali\image_259x194_10.jpg,Kosali,24
cattle\Shweta Kapila\image_300x168_56.jpg,Shweta Kapila,46
cattle\Red_Dane\Red_Dane_146.jpg,Red_Dane,43
cattle\Purnea\image_215x234_57 (2).jpg,Purnea,40
cattle\Mewati\image_240x180_27.jpg,Mewati,30
cattle\Hallikar\Hallikar_59.jpg,Hallikar,11
cattle\Purnea\image_259x194_40.jpg,Purnea,40
cattle\Red_Dane\Red_Dane_124.jpg,Red_Dane,43
cattle\Bhadawari\Bhadawari_76.jpg,Bhadawari,5
cattle\Kankrej\Kankrej_143.jpg,Kankrej,18
cattle\gangatari\A_Gangatiri_Bull_Free_Stock_Photo.jpg,gangatari,56
cattle\Ladakhi\image_259x194_8 (2).jpg,Ladakhi,26
cattle\Red kandhari\image_267x189_6.jpg,Red kandhari,42
cattle\Shweta Kapila\image_300x168_35.jpg,Shweta Kapila,46
cattle\Red_Sindhi\Red_Sindhi_42.jpg,Red_Sindhi,44
cattle\thutho\image_225x225_48.jpg,thutho,65
cattle\bachaur\image_318x159_1.jpg,bachaur,52
cattle\Holstein_Friesian\Holstein_Friesian_272.jpg,Holstein_Friesian,14
cattle\Kangayam\Visually_searched_image.jpg,Kangayam,17
cattle\malvi\image_275x183_39.jpg,malvi,60
cattle\Bargur\image_167x301_61.jpg,Bargur,4
cattle\Khariar\image_300x168_5 (3).jpg,Khariar,21
cattle\Purnea\image_259x194_18 (5).jpg,Purnea,40
cattle\malvi\image_224x225_14.jpg,malvi,60
cattle\Himachali Pahari\River_Beas_Himachal_Pradesh_.jpg,Himachali Pahari,13
cattle\Khariar\image_194x259_1 (2).jpg,Khariar,21
cattle\Pulikulam\Pulikulam_114.jpg,Pulikulam,38
cattle\Ongole\Ongole_18.jpg,Ongole,36
cattle\Kankrej\Kankrej_98.jpg,Kankrej,18
cattle\Murrah\Murrah_141.jpg,Murrah,31
cattle\Purnea\image_221x228_43.jpg,Purnea,40
cattle\Nari\image_238x212_55.jpg,Nari,33
cattle\Hallikar\Hallikar_49.png,Hallikar,11
cattle\Ongole\Ongole_43.png,Ongole,36
cattle\Bhadawari\Bhadawari_58.jpg,Bhadawari,5
cattle\Murrah\Murrah_68.jpg,Murrah,31
cattle\ponwar\image_194x260_51.jpg,ponwar,63
cattle\ponwar\image_225x225_55.jpg,ponwar,63
cattle\malvi\image_300x168_2.jpg,malvi,60
cattle\Himachali Pahari\image_168x300_2.jpg,Himachali Pahari,13
cattle\Tharparkar\Tharparkar_205.jpg,Tharparkar,48
cattle\Punganur\image_168x299_22.jpg,Punganur,39
cattle\Hallikar\Hallikar_172.jpeg,Hallikar,11
cattle\Red kandhari\image_283x178_11.jpg,Red kandhari,42
cattle\Nili_Ravi\Nili_Ravi_70.jpg,Nili_Ravi,34
cattle\thutho\image_259x194_12 (3).jpg,thutho,65
cattle\motu\image_259x194_14 (2).jpg,motu,61
cattle\Dangi\00000106.jpg,Dangi,7
cattle\siri\image_194x259_32.jpg,siri,64
cattle\Surti\Surti_20.jpg,Surti,47
cattle\ghumsari\image_300x168_37.jpg,ghumsari,58
cattle\Toda\Toda_111.jpg,Toda,49
cattle\Sahiwal\Sahiwal_435.jpg,Sahiwal,45
cattle\Mewati\image_187x269_43.jpg,Mewati,30
cattle\Krishna_Valley\Krishna_Valley_36.jpg,Krishna_Valley,25
cattle\Malnad_gidda\00000035.jpg,Malnad_gidda,28
cattle\ponwar\image_279x181_40.jpg,ponwar,63
cattle\Amritmahal\image_258x195_32.jpg,Amritmahal,1
cattle\Gir\Gir_65.jpg,Gir,9
cattle\Jersey\Jersey_98.jpg,Jersey,16
cattle\Ayrshire\Ayrshire_161.jpg,Ayrshire,2
cattle\Rathi\00000383.jpg,Rathi,41
cattle\bhelai\ezgif-frame-085.jpg,bhelai,54
cattle\Gir\Gir_206.jpg,Gir,9
cattle\Murrah\Murrah_5.jpg,Murrah,31
cattle\Dangi\image_259x194_20.jpg,Dangi,7
cattle\Nari\image_150x150_67.jpg,Nari,33
cattle\Himachali Pahari\Visually_searched_image (2).jpg,Himachali Pahari,13
cattle\Gir\Gir_35.png,Gir,9
cattle\ghumsari\image_174x290_1.jpg,ghumsari,58
cattle\Vechur\00000093.jpg,Vechur,51
cattle\Hariana\Hariana_36.png,Hariana,12
cattle\Amritmahal\Amritmahal_84.jpg,Amritmahal,1
cattle\Kangayam\Kangayam_33.jpg,Kangayam,17
cattle\Himachali Pahari\image_194x259_4 (2).jpg,Himachali Pahari,13
cattle\malvi\image_168x300_8.jpg,malvi,60
cattle\Khillari\Khillari_55.jpg,Khillari,22
cattle\Lakhimi\image_271x186_51.jpg,Lakhimi,27
cattle\Surti\Surti_26.jpg,Surti,47
cattle\thutho\image_300x168_34.jpg,thutho,65
cattle\ghumsari\image_168x300_11 (3).jpg,ghumsari,58
cattle\Gir\Gir_326.png,Gir,9
cattle\Jaffrabadi\Jaffrabadi_48.png,Jaffrabadi,15
cattle\Shweta Kapila\image_259x194_30 (3).jpg,Shweta Kapila,46
cattle\Guernsey\Guernsey_24.jpg,Guernsey,10
cattle\gaolao\Cow_Suffering_Lumpy_Skin_Disease_Jaipur_.jpg,gaolao,57
cattle\Banni\00000289.jpg,Banni,3
cattle\kherigarh\image_215x194_7.jpg,kherigarh,59
cattle\Kangayam\image_225x225_20.jpg,Kangayam,17
cattle\thutho\image_259x194_42.jpg,thutho,65
cattle\Poda Thirupu\image_259x195_2.jpg,Poda Thirupu,37
cattle\Red kandhari\image_176x176_55.jpg,Red kandhari,42
cattle\Jersey\Jersey_158.jpg,Jersey,16
cattle\Dangi\Screenshot (369).png,Dangi,7
cattle\ghumsari\Ongole_165.jpg,ghumsari,58
cattle\kherigarh\image_259x194_7.jpg,kherigarh,59
cattle\malvi\image_174x290_1.jpg,malvi,60
cattle\Himachali Pahari\Visually_searched_image (3).jpg,Himachali Pahari,13
cattle\Murrah\Murrah_173.jpeg,Murrah,31
cattle\Jersey\Jersey_28.jpg,Jersey,16
cattle\Nagpuri\Nagpuri_39.jpg,Nagpuri,32
cattle\gaolao\Maharashtra_Breed-wise_cattle_census_.jpg,gaolao,57
cattle\Dangi\Screenshot (353).png,Dangi,7
cattle\Umblachery\Umblachery_5.jpg,Umblachery,50
cattle\Guernsey\Guernsey_8.jpg,Guernsey,10
cattle\Nari\image_259x194_38.jpg,Nari,33
cattle\Nimari\Screenshot (1027).png,Nimari,35
cattle\Nimari\Screenshot (1033).png,Nimari,35
cattle\Holstein_Friesian\Holstein_Friesian_152.jpg,Holstein_Friesian,14
cattle\Sahiwal\Sahiwal_63.jpg,Sahiwal,45
cattle\Khillari\Khillari_5.jpg,Khillari,22
cattle\Ladakhi\image_259x195_3.jpg,Ladakhi,26
cattle\Red_Sindhi\Red_Sindhi_105.jpg,Red_Sindhi,44
cattle\Holstein_Friesian\Holstein_Friesian_74.jpg,Holstein_Friesian,14
cattle\bhelai\ezgif-frame-138.jpg,bhelai,54
cattle\bachaur\image_50x50_1.jpg,bachaur,52
cattle\Gir\Gir_313.jpg,Gir,9
cattle\Hariana\Hariana_80.jpg,Hariana,12
cattle\ghumsari\image_299x169_46.jpg,ghumsari,58
cattle\Purnea\image_300x168_60.jpg,Purnea,40
cattle\nagori\image_168x299_13.jpg,nagori,62
cattle\Khillari\Khillari_104.jpg,Khillari,22
cattle\kherigarh\image_265x190_3.jpg,kherigarh,59
cattle\Kenkatha\image_168x300_15.jpg,Kenkatha,20
cattle\Kangayam\image_168x300_30.jpg,Kangayam,17
cattle\Gir\Gir_283.png,Gir,9
cattle\dagri\II_ (2).jpg,dagri,55
cattle\Nari\image_263x191_47.jpg,Nari,33
cattle\gaolao\0469.jpg,gaolao,57
cattle\gangatari\image_201x251_54.jpg,gangatari,56
cattle\ponwar\image_225x225_54 (2).jpg,ponwar,63
cattle\bhelai\ezgif-frame-088.jpg,bhelai,54
cattle\Nari\image_225x225_37.jpg,Nari,33
cattle\Kasargod\00000374.png,Kasargod,19
cattle\nagori\image_225x225_38.jpg,nagori,62
cattle\Kasargod\00000299.jpg,Kasargod,19
cattle\Nari\image_168x300_58.jpg,Nari,33
cattle\Konkan Kapila\image_259x194_5 (2).jpg,Konkan Kapila,23
cattle\Ongole\Ongole_167.png,Ongole,36
cattle\thutho\image_259x194_16.jpg,thutho,65
cattle\Umblachery\image_259x194_20 (3).jpg,Umblachery,50
cattle\Red_Sindhi\Red_Sindhi_44.jpg,Red_Sindhi,44
cattle\gangatari\image_299x169_58.jpg,gangatari,56
cattle\Khariar\image_259x194_18.jpg,Khariar,21
cattle\Gir\Gir_370.png,Gir,9
cattle\gaolao\0019.jpg,gaolao,57
cattle\Pulikulam\Pulikulam_127.jpg,Pulikulam,38
cattle\Kangayam\Kangayam_42.jpg,Kangayam,17
cattle\Nari\image_259x194_30.jpg,Nari,33
cattle\Deoni\Deoni_66.jpg,Deoni,8
cattle\Ladakhi\image_225x225_3 (2).jpg,Ladakhi,26
cattle\Rathi\Screenshot (976).png,Rathi,41
cattle\Nagpuri\Nagpuri_48.jpg,Nagpuri,32
cattle\Kosali\Visually_searched_image (2).jpg,Kosali,24
cattle\Kangayam\Kangayam_11.jpg,Kangayam,17
cattle\siri\Visually_searched_image.jpg,siri,64
cattle\Bhadawari\Bhadawari_43.jpg,Bhadawari,5
cattle\Kasargod\Screenshot (981).png,Kasargod,19
cattle\Lakhimi\image_168x300_47.jpg,Lakhimi,27
cattle\Amritmahal\image_265x190_30.jpg,Amritmahal,1
cattle\Purnea\image_259x194_6 (2).jpg,Purnea,40
cattle\Nari\image_272x185_52.jpg,Nari,33
cattle\Tharparkar\Tharparkar_192.jpg,Tharparkar,48
cattle\Ayrshire\Ayrshire_182.jpg,Ayrshire,2
cattle\kherigarh\image_224x224_2.jpg,kherigarh,59
cattle\Shweta Kapila\image_268x188_28.jpg,Shweta Kapila,46
cattle\Lakhimi\image_194x259_29.jpg,Lakhimi,27
cattle\thutho\image_286x176_58.jpg,thutho,65
cattle\Red_Dane\Red_Dane_96.jpg,Red_Dane,43
cattle\Rathi\00000038.jpg,Rathi,41
cattle\Tharparkar\Tharparkar_71.jpg,Tharparkar,48
cattle\Nimari\Screenshot (1039).png,Nimari,35
cattle\Purnea\image_259x194_10 (4).jpg,Purnea,40
cattle\Ongole\Ongole_69.jpg,Ongole,36
cattle\Alambadi\Alambadi_73.jpg,Alambadi,0
cattle\Kosali\image_299x168_6.jpg,Kosali,24
cattle\Guernsey\Guernsey_76.jpg,Guernsey,10
cattle\Krishna_Valley\Krishna_Valley_46.jpg,Krishna_Valley,25
cattle\Surti\Surti_54.jpg,Surti,47
cattle\malvi\image_300x168_1.jpg,malvi,60
cattle\Surti\Surti_9.jpg,Surti,47
cattle\Alambadi\Alambadi_24.png,Alambadi,0
cattle\dagri\image_168x300_52.jpg,dagri,55
cattle\Brown_Swiss\Brown_Swiss_51.jpg,Brown_Swiss,6
cattle\Kosali\image_194x259_4.jpg,Kosali,24
cattle\Umblachery\image_168x300_38.jpg,Umblachery,50
cattle\Ladakhi\image_245x206_1.jpg,Ladakhi,26
cattle\Himachali Pahari\image_259x194_13.jpg,Himachali Pahari,13
cattle\nagori\image_168x300_8.jpg,nagori,62
cattle\Jaffrabadi\Jaffrabadi_59.jpg,Jaffrabadi,15
cattle\Shweta Kapila\image_259x194_19.jpg,Shweta Kapila,46
cattle\Nili_Ravi\Nili_Ravi_91.jpg,Nili_Ravi,34
cattle\Rathi\00000057.jpg,Rathi,41
cattle\motu\image_271x186_51.jpg,motu,61
cattle\Ongole\Ongole_133.jpg,Ongole,36
cattle\Kankrej\Kankrej_68.jpg,Kankrej,18
cattle\Bhadawari\Bhadawari_41.jpg,Bhadawari,5
cattle\Amritmahal\image_259x194_37.jpg,Amritmahal,1
cattle\Khillari\Khillari_28.jpg,Khillari,22
cattle\Krishna_Valley\Krishna_Valley_132.jpg,Krishna_Valley,25
cattle\Holstein_Friesian\Holstein_Friesian_258.jpg,Holstein_Friesian,14
cattle\Nari\image_300x168_47.jpg,Nari,33
cattle\Ladakhi\image_200x251_3.jpg,Ladakhi,26
cattle\Brown_Swiss\Brown_Swiss_87.jpg,Brown_Swiss,6
cattle\Alambadi\Alambadi_7.png,Alambadi,0
cattle\Konkan Kapila\image_299x169_1 (2).jpg,Konkan Kapila,23
cattle\Malnad_gidda\Screenshot (1140).png,Malnad_gidda,28
cattle\Umblachery\image_259x194_12.jpg,Umblachery,50
cattle\Holstein_Friesian\Holstein_Friesian_160.jpg,Holstein_Friesian,14
cattle\Murrah\Murrah_43.jpg,Murrah,31
cattle\Hallikar\Hallikar_20.png,Hallikar,11
cattle\Purnea\image_259x194_15 (5).jpg,Purnea,40
cattle\dagri\image_197x256_40.jpg,dagri,55
cattle\nagori\image_299x169_40.jpg,nagori,62
cattle\Punganur\Discover_rare_miniature_cattle_breeds_.jpg,Punganur,39
cattle\Sahiwal\Sahiwal_28.jpg,Sahiwal,45
cattle\nagori\image_259x194_25.jpg,nagori,62
cattle\Kangayam\Kangayam_2.jpg,Kangayam,17
cattle\Mehsana\Mehsana_55.jpg,Mehsana,29
cattle\Bargur\Bargur_28.png,Bargur,4
cattle\Mewati\image_168x300_15.jpg,Mewati,30
cattle\Jersey\Jersey_177.jpg,Jersey,16
cattle\Amritmahal\image_271x186_58.jpg,Amritmahal,1
cattle\motu\image_172x293_58.jpg,motu,61
cattle\Red kandhari\image_300x168_39.jpg,Red kandhari,42
cattle\Rathi\00000377.jpg,Rathi,41
cattle\Ongole\Ongole_153.jpg,Ongole,36
cattle\Red kandhari\image_168x300_42.jpg,Red kandhari,42
cattle\Rathi\00000074.jpg,Rathi,41
cattle\Deoni\Deoni_28.jpg,Deoni,8
cattle\Gir\Gir_277.jpg,Gir,9
cattle\Nili_Ravi\Nili_Ravi_31.jpeg,Nili_Ravi,34
cattle\Nagpuri\Nagpuri_142.jpg,Nagpuri,32
cattle\Bhadawari\Bhadawari_84.jpg,Bhadawari,5
cattle\Punganur\MrBuji_Punganur_Cow_recently_seen_.jpg,Punganur,39
cattle\bhelai\ezgif-frame-013.jpg,bhelai,54
cattle\Rathi\00000274.jpg,Rathi,41
cattle\Hariana\Hariana_9.jpg,Hariana,12
cattle\Lakhimi\image_300x168_36.jpg,Lakhimi,27
cattle\Red kandhari\image_225x225_54.jpg,Red kandhari,42
cattle\Vechur\Screenshot (299).png,Vechur,51
cattle\Alambadi\Alambadi_87.png,Alambadi,0
cattle\Deoni\Deoni_76.jpg,Deoni,8
cattle\kherigarh\image_259x195_2.jpg,kherigarh,59
cattle\Ayrshire\Ayrshire_120.jpg,Ayrshire,2
cattle\Ayrshire\Ayrshire_226.jpg,Ayrshire,2
cattle\Ongole\Ongole_86.png,Ongole,36
cattle\gaolao\0184.jpg,gaolao,57
cattle\Malnad_gidda\Screenshot (1160).png,Malnad_gidda,28
cattle\Murrah\Murrah_180.jpg,Murrah,31
cattle\Nili_Ravi\Nili_Ravi_84.jpg,Nili_Ravi,34
cattle\Brown_Swiss\Brown_Swiss_30.jpg,Brown_Swiss,6
cattle\Poda Thirupu\image_225x225_51.jpg,Poda Thirupu,37
cattle\gangatari\Indian_Desi_Cow_Breed_Gangatiri_-_YouTube.jpg,gangatari,56
cattle\Red kandhari\image_266x190_2 (2).jpg,Red kandhari,42
cattle\Brown_Swiss\Brown_Swiss_21.jpg,Brown_Swiss,6
cattle\gaolao\0234.jpg,gaolao,57
cattle\motu\image_275x183_48.jpg,motu,61
cattle\Umblachery\Umblachery_54.png,Umblachery,50
cattle\Kenkatha\image_272x185_10.jpg,Kenkatha,20
cattle\Jersey\Jersey_112.jpg,Jersey,16
cattle\Shweta Kapila\image_221x229_52.jpg,Shweta Kapila,46
cattle\Konkan Kapila\image_242x208_3.jpg,Konkan Kapila,23
cattle\dagri\image_225x225_19.jpg,dagri,55
cattle\Konkan Kapila\image_259x194_3.jpg,Konkan Kapila,23
cattle\Brown_Swiss\Brown_Swiss_37.jpg,Brown_Swiss,6
cattle\Gir\Gir_114.jpg,Gir,9
cattle\bachaur\_ (3).jpg,bachaur,52
cattle\Purnea\image_259x194_5.jpg,Purnea,40
cattle\Dangi\00000045.jpeg,Dangi,7
cattle\Shweta Kapila\image_168x300_53.jpg,Shweta Kapila,46
cattle\dagri\image_299x168_50.jpg,dagri,55
cattle\Nili_Ravi\Nili_Ravi_11.jpg,Nili_Ravi,34
cattle\Jersey\Jersey_151.jpg,Jersey,16
cattle\Umblachery\image_259x194_11 (3).jpg,Umblachery,50
cattle\Kenkatha\image_225x225_46.jpeg,Kenkatha,20
cattle\Brown_Swiss\Brown_Swiss_55.jpg,Brown_Swiss,6
cattle\nagori\image_334x151_55.jpg,nagori,62
cattle\ponwar\image_276x183_37.jpg,ponwar,63
cattle\Khariar\image_249x202_2.jpg,Khariar,21
cattle\Mehsana\Mehsana_48.png,Mehsana,29
cattle\Holstein_Friesian\Holstein_Friesian_235.jpg,Holstein_Friesian,14
cattle\Ongole\Ongole_91.png,Ongole,36
cattle\Nagpuri\Nagpuri_134.jpg,Nagpuri,32
cattle\Sahiwal\Sahiwal_4.JPG,Sahiwal,45
cattle\Rathi\Screenshot (977).png,Rathi,41
cattle\Ayrshire\Ayrshire_163.jpg,Ayrshire,2
cattle\Kenkatha\image_225x225_26.jpg,Kenkatha,20
cattle\Nari\image_150x335_45.jpg,Nari,33
cattle\thutho\image_265x190_27.jpg,thutho,65
cattle\Pulikulam\Pulikulam_16.jpg,Pulikulam,38
cattle\motu\image_194x259_48.jpg,motu,61
cattle\Red_Dane\Red_Dane_70.jpg,Red_Dane,43
cattle\Purnea\image_259x194_17 (2).jpg,Purnea,40
cattle\Konkan Kapila\image_275x183_5.jpg,Konkan Kapila,23
cattle\Shweta Kapila\image_335x150_58.jpg,Shweta Kapila,46
cattle\Red_Sindhi\Red_Sindhi_35.jpg,Red_Sindhi,44
cattle\Khillari\Khillari_48.png,Khillari,22
cattle\ponwar\image_201x135_66.jpg,ponwar,63
cattle\Gir\Gir_66.jpg,Gir,9
cattle\Kangayam\Visually_searched_image (2).jpg,Kangayam,17
cattle\Mewati\image_168x300_41.jpg,Mewati,30
cattle\Hallikar\Hallikar_162.jpg,Hallikar,11
cattle\Red_Sindhi\Red_Sindhi_1.JPG,Red_Sindhi,44
cattle\Jersey\Jersey_33.jpg,Jersey,16
cattle\Holstein_Friesian\Holstein_Friesian_90.jpg,Holstein_Friesian,14
cattle\Krishna_Valley\Krishna_Valley_39.jpg,Krishna_Valley,25
cattle\Himachali Pahari\image_168x300_51 (2).jpg,Himachali Pahari,13
cattle\Poda Thirupu\image_259x194_22.jpg,Poda Thirupu,37
cattle\Purnea\image_296x170_51.jpg,Purnea,40
cattle\Holstein_Friesian\Holstein_Friesian_91.jpg,Holstein_Friesian,14
cattle\Himachali Pahari\image_300x168_35.jpg,Himachali Pahari,13
cattle\Sahiwal\Sahiwal_363.png,Sahiwal,45
cattle\Holstein_Friesian\Holstein_Friesian_196.jpg,Holstein_Friesian,14
cattle\badri\image_225x225_48.jpg,badri,53
cattle\Bargur\Bargur_13.png,Bargur,4
cattle\Khillari\Khillari_62.jpg,Khillari,22
cattle\Tharparkar\Tharparkar_63.jpeg,Tharparkar,48
cattle\Banni\00000046.jpg,Banni,3
cattle\Murrah\Murrah_106.jpg,Murrah,31
cattle\Hallikar\Hallikar_130.jpg,Hallikar,11
cattle\Kenkatha\image_300x168_53.jpg,Kenkatha,20
cattle\Hallikar\Hallikar_182.jpg,Hallikar,11
cattle\Nari\image_225x225_58.jpg,Nari,33
cattle\Ayrshire\Ayrshire_125.jpg,Ayrshire,2
cattle\Ongole\Ongole_150.jpg,Ongole,36
cattle\Nagpuri\Nagpuri_47.jpg,Nagpuri,32
cattle\Hallikar\Hallikar_131.jpg,Hallikar,11
cattle\Red kandhari\image_278x181_59.jpg,Red kandhari,42
cattle\Nagpuri\Nagpuri_166.png,Nagpuri,32
cattle\gangatari\image_300x168_40.jpg,gangatari,56
cattle\Holstein_Friesian\Holstein_Friesian_264.jpg,Holstein_Friesian,14
cattle\Holstein_Friesian\Holstein_Friesian_137.jpg,Holstein_Friesian,14
cattle\bachaur\image_184x274_61.jpg,bachaur,52
cattle\malvi\image_259x194_38.jpg,malvi,60
cattle\Holstein_Friesian\Holstein_Friesian_115.jpg,Holstein_Friesian,14
cattle\Banni\00000286.jpg,Banni,3
cattle\Vechur\Screenshot (270).png,Vechur,51
cattle\ponwar\image_299x168_52.jpg,ponwar,63
cattle\Ongole\Ongole_11.jpg,Ongole,36
cattle\Rathi\00000241.jpg,Rathi,41
cattle\Hallikar\Hallikar_7.jpg,Hallikar,11
cattle\Ongole\Ongole_65.png,Ongole,36
cattle\Brown_Swiss\Brown_Swiss_150.jpg,Brown_Swiss,6
cattle\motu\image_194x259_49.jpg,motu,61
cattle\Kangayam\Kangayam_4.jpg,Kangayam,17
cattle\Gir\Gir_339.png,Gir,9
cattle\Hallikar\Hallikar_110.jpg,Hallikar,11
cattle\gangatari\image_259x194_26 (2).jpg,gangatari,56
cattle\gangatari\Gangatiri_Cow_Breed_of_India_.jpg,gangatari,56
cattle\motu\image_205x179_60.jpg,motu,61
cattle\Ayrshire\Ayrshire_137.jpg,Ayrshire,2
cattle\Konkan Kapila\image_194x259_3.jpg,Konkan Kapila,23
cattle\Punganur\Punganur_cow_for_sale_Bookmylivestockcom.jpg,Punganur,39
cattle\Sahiwal\Sahiwal_209.jpg,Sahiwal,45
cattle\Brown_Swiss\Brown_Swiss_221.jpg,Brown_Swiss,6
cattle\thutho\image_259x194_5 (2).jpg,thutho,65
cattle\Krishna_Valley\Krishna_Valley_35.jpg,Krishna_Valley,25
cattle\Krishna_Valley\Krishna_Valley_55.jpg,Krishna_Valley,25
cattle\Poda Thirupu\image_225x225_50.jpg,Poda Thirupu,37
cattle\Sahiwal\Sahiwal_42.jpeg,Sahiwal,45
cattle\Jersey\Jersey_51.jpg,Jersey,16
cattle\kherigarh\image_228x221_10.jpg,kherigarh,59
cattle\bhelai\Screenshot 2025-09-24 183240.png,bhelai,54
cattle\gaolao\39_Nagori_Cow_Royalty-Free_Images_.jpg,gaolao,57
cattle\Murrah\Murrah_1.JPG,Murrah,31
cattle\Kosali\image_298x169_3 (2).jpg,Kosali,24
cattle\gaolao\Ongole_Cattle_Oklahoma_State_University.jpg,gaolao,57
cattle\Gir\Gir_252.jpg,Gir,9
cattle\Hallikar\Hallikar_141.png,Hallikar,11
cattle\dagri\image_189x266_41.jpg,dagri,55
cattle\Khariar\image_299x168_7.jpg,Khariar,21
cattle\Nagpuri\Nagpuri_13.jpg,Nagpuri,32
cattle\Hariana\Hariana_107.png,Hariana,12
cattle\Mewati\image_300x168_32.jpg,Mewati,30
cattle\Brown_Swiss\Brown_Swiss_213.jpg,Brown_Swiss,6
cattle\Khariar\image_300x168_4 (3).jpg,Khariar,21
cattle\bhelai\ezgif-frame-094.jpg,bhelai,54
cattle\siri\image_277x182_33.jpg,siri,64
cattle\Sahiwal\Sahiwal_35.jpeg,Sahiwal,45
cattle\motu\image_262x193_1.jpg,motu,61
cattle\Holstein_Friesian\Holstein_Friesian_105.jpg,Holstein_Friesian,14
cattle\Bargur\image_269x188_45.jpg,Bargur,4
cattle\Jersey\Jersey_161.jpg,Jersey,16
cattle\Deoni\Deoni_20.png,Deoni,8
cattle\nagori\image_266x190_18.jpg,nagori,62
cattle\Red kandhari\image_238x212_52.jpg,Red kandhari,42
cattle\Shweta Kapila\image_183x275_64.jpg,Shweta Kapila,46
cattle\Shweta Kapila\image_225x225_48.jpg,Shweta Kapila,46
cattle\Banni\00000182.jpg,Banni,3
cattle\Red kandhari\image_259x194_22.jpg,Red kandhari,42
cattle\Amritmahal\image_245x206_53.jpg,Amritmahal,1
cattle\Red_Sindhi\Red_Sindhi_70.jpg,Red_Sindhi,44
cattle\Red_Sindhi\Red_Sindhi_75.jpg,Red_Sindhi,44
cattle\Sahiwal\Sahiwal_210.jpg,Sahiwal,45
cattle\Kenkatha\image_259x195_1.jpg,Kenkatha,20
cattle\malvi\image_224x225_51.jpg,malvi,60
cattle\malvi\image_194x259_74.jpg,malvi,60
cattle\Konkan Kapila\image_168x300_6.jpg,Konkan Kapila,23
cattle\Pulikulam\Pulikulam_112.jpg,Pulikulam,38
cattle\dagri\image_259x194_4 (2).jpg,dagri,55
cattle\Nimari\Screenshot (1030).png,Nimari,35
cattle\Red_Dane\Red_Dane_22.jpg,Red_Dane,43
cattle\motu\image_317x159_63.jpg,motu,61
cattle\Umblachery\Umblachery_4.jpg,Umblachery,50
cattle\Sahiwal\Sahiwal_89.jpg,Sahiwal,45
cattle\Red_Sindhi\Red_Sindhi_4.JPG,Red_Sindhi,44
cattle\Shweta Kapila\image_259x194_20.jpg,Shweta Kapila,46
cattle\Dangi\00000038.jpg,Dangi,7
cattle\Kosali\image_259x194_17 (2).jpg,Kosali,24
cattle\Nili_Ravi\Nili_Ravi_87.jpg,Nili_Ravi,34
cattle\Purnea\image_259x194_9 (4).jpg,Purnea,40
cattle\bhelai\ezgif-frame-128.jpg,bhelai,54
cattle\Red_Dane\Red_Dane_120.jpg,Red_Dane,43
cattle\Kosali\image_259x194_11.jpg,Kosali,24
cattle\gangatari\image_224x225_36.jpg,gangatari,56
cattle\Nagpuri\Nagpuri_119.png,Nagpuri,32
cattle\Murrah\Murrah_34.jpeg,Murrah,31
cattle\Red kandhari\image_266x190_2 (3).jpg,Red kandhari,42
cattle\Hallikar\Hallikar_83.jpg,Hallikar,11
cattle\Punganur\Punganur_Cows_A_Guide_to_Owning_and_.jpg,Punganur,39
cattle\badri\image_168x300_6.jpg,badri,53
cattle\Red kandhari\image_299x168_36.jpg,Red kandhari,42
cattle\Purnea\Visually_searched_image (3).jpg,Purnea,40
cattle\Deoni\Deoni_74.png,Deoni,8
cattle\Mewati\image_265x190_21.jpg,Mewati,30
cattle\Lakhimi\image_225x225_27.jpg,Lakhimi,27
cattle\ponwar\image_299x168_51.jpg,ponwar,63
cattle\Guernsey\Guernsey_115.jpg,Guernsey,10
cattle\Nagpuri\Nagpuri_199.jpg,Nagpuri,32
cattle\Kasargod\00000018.jpg,Kasargod,19
cattle\Guernsey\Guernsey_106.jpg,Guernsey,10
cattle\thutho\image_263x191_26.jpg,thutho,65
cattle\Sahiwal\Sahiwal_97.jpg,Sahiwal,45
cattle\Nagpuri\Nagpuri_133.jpg,Nagpuri,32
cattle\Tharparkar\Tharparkar_210.jpg,Tharparkar,48
cattle\Krishna_Valley\Krishna_Valley_133.jpg,Krishna_Valley,25
cattle\Jersey\Jersey_83.jpg,Jersey,16
cattle\Ladakhi\image_300x168_4.jpg,Ladakhi,26
cattle\Purnea\image_276x182_65.jpg,Purnea,40
cattle\Sahiwal\Sahiwal_180.png,Sahiwal,45
cattle\bhelai\ezgif-frame-127.jpg,bhelai,54
cattle\Hallikar\Hallikar_134.jpg,Hallikar,11
cattle\Kangayam\image_170x255_56.jpg,Kangayam,17
cattle\Purnea\image_259x194_18 (3).jpg,Purnea,40
cattle\Nari\image_225x225_57.jpg,Nari,33
cattle\Dangi\Screenshot (375).png,Dangi,7
cattle\Pulikulam\Pulikulam_66.jpg,Pulikulam,38
cattle\Khariar\image_311x162_6.jpg,Khariar,21
cattle\Khariar\image_225x225_9.jpg,Khariar,21
cattle\dagri\image_259x194_12.jpg,dagri,55
cattle\Kankrej\Kankrej_35.png,Kankrej,18
cattle\Kankrej\Kankrej_64.png,Kankrej,18
cattle\Krishna_Valley\Krishna_Valley_112.jpg,Krishna_Valley,25
cattle\gangatari\image_194x260_50.jpg,gangatari,56
cattle\Umblachery\image_275x183_56.jpg,Umblachery,50
cattle\Nili_Ravi\Nili_Ravi_45.jpg,Nili_Ravi,34
cattle\Kankrej\Kankrej_147.jpg,Kankrej,18
cattle\Mewati\image_259x194_9.jpg,Mewati,30
cattle\Mehsana\Mehsana_57.png,Mehsana,29
cattle\Gir\Gir_10.jPG,Gir,9
cattle\Hallikar\Hallikar_16.jpg,Hallikar,11
cattle\Banni\00000033.jpg,Banni,3
cattle\thutho\image_275x183_50.jpg,thutho,65
cattle\Red kandhari\image_227x222_46.jpg,Red kandhari,42
cattle\Nimari\00000383.jpg,Nimari,35
cattle\ghumsari\image_256x197_2.jpg,ghumsari,58
cattle\ponwar\image_259x194_22 (2).jpg,ponwar,63
cattle\Holstein_Friesian\Holstein_Friesian_323.jpg,Holstein_Friesian,14
cattle\gaolao\Kosali_Cow.jpg,gaolao,57
cattle\Gir\Gir_241.jpg,Gir,9
cattle\Amritmahal\Amritmahal_26.png,Amritmahal,1
cattle\malvi\image_259x194_33.jpg,malvi,60
cattle\motu\image_300x168_40 (2).jpg,motu,61
cattle\gangatari\image_275x183_51.jpg,gangatari,56
cattle\Toda\Toda_115.jpg,Toda,49
cattle\gangatari\image_259x194_33.jpg,gangatari,56
cattle\Jaffrabadi\Jaffrabadi_4.png,Jaffrabadi,15
cattle\Kosali\image_225x225_3.jpg,Kosali,24
cattle\bhelai\Screenshot 2025-09-24 182731.png,bhelai,54
cattle\Poda Thirupu\image_299x168_13.jpg,Poda Thirupu,37
cattle\Guernsey\Guernsey_56.jpg,Guernsey,10
cattle\motu\image_250x202_2.jpg,motu,61
cattle\thutho\image_194x259_46.jpg,thutho,65
cattle\Shweta Kapila\image_225x225_39.jpg,Shweta Kapila,46
cattle\Vechur\Screenshot (301).png,Vechur,51
cattle\Rathi\00000344.jpg,Rathi,41
cattle\Mewati\image_168x300_49.jpg,Mewati,30
cattle\Kangayam\Kangayam_80.jpg,Kangayam,17
cattle\Hallikar\Hallikar_173.jpg,Hallikar,11
cattle\Murrah\Murrah_179.jpg,Murrah,31
cattle\Khillari\Khillari_71.jpg,Khillari,22
cattle\Punganur\image_225x225_47.jpg,Punganur,39
cattle\Himachali Pahari\image_257x196_5.jpg,Himachali Pahari,13
cattle\siri\image_168x300_42.jpg,siri,64
cattle\Umblachery\image_259x194_20.jpg,Umblachery,50
cattle\Lakhimi\image_192x262_23.jpg,Lakhimi,27
cattle\Red_Dane\Red_Dane_99.jpg,Red_Dane,43
cattle\Umblachery\image_236x214_53.jpg,Umblachery,50
cattle\Jaffrabadi\Jaffrabadi_64.png,Jaffrabadi,15
cattle\nagori\image_168x300_28.jpg,nagori,62
cattle\Purnea\image_275x183_35.jpg,Purnea,40
cattle\Mewati\Visually_searched_image (2).jpg,Mewati,30
cattle\Kosali\image_259x194_1.jpg,Kosali,24
cattle\Bargur\Visually_searched_image.jpg,Bargur,4
cattle\Shweta Kapila\image_183x275_63.jpg,Shweta Kapila,46
cattle\Murrah\Murrah_71.jpg,Murrah,31
cattle\Holstein_Friesian\Holstein_Friesian_64.jpg,Holstein_Friesian,14
cattle\Hariana\Hariana_127.png,Hariana,12
cattle\ponwar\image_281x179_46.jpg,ponwar,63
cattle\ghumsari\Screenshot 2025-09-24 220732.png,ghumsari,58
cattle\Jaffrabadi\Jaffrabadi_72.jpg,Jaffrabadi,15
cattle\Purnea\image_236x183_19 (2).jpg,Purnea,40
cattle\Nimari\00000398.png,Nimari,35
cattle\Konkan Kapila\image_299x168_5 (3).jpg,Konkan Kapila,23
cattle\Nagpuri\Nagpuri_105.png,Nagpuri,32
cattle\Krishna_Valley\Krishna_Valley_33.jpg,Krishna_Valley,25
cattle\Mehsana\Mehsana_19.jpg,Mehsana,29
cattle\Brown_Swiss\Brown_Swiss_178.jpg,Brown_Swiss,6
cattle\Himachali Pahari\White_And_Black_Hf_Livestock_Cow_at_.jpg,Himachali Pahari,13
cattle\Red_Sindhi\Red_Sindhi_127.png,Red_Sindhi,44
cattle\motu\image_259x194_18.jpg,motu,61
cattle\Himachali Pahari\image_299x168_40.jpg,Himachali Pahari,13
cattle\Jaffrabadi\Jaffrabadi_46.png,Jaffrabadi,15
cattle\Krishna_Valley\Krishna_Valley_42.jpg,Krishna_Valley,25
cattle\Kangayam\image_201x251_33.jpg,Kangayam,17
cattle\Red kandhari\image_266x190_3.jpg,Red kandhari,42
cattle\nagori\image_300x168_42.jpg,nagori,62
cattle\Mewati\image_259x194_24 (3).jpg,Mewati,30
cattle\Alambadi\Alambadi_13.png,Alambadi,0
cattle\Tharparkar\Tharparkar_206.png,Tharparkar,48
cattle\Jersey\Jersey_108.jpg,Jersey,16
cattle\Guernsey\Guernsey_119.jpg,Guernsey,10
cattle\Himachali Pahari\image_214x235_59.jpg,Himachali Pahari,13
cattle\Punganur\Punganur_Cow_Breeds_In_India_n10.jpg,Punganur,39
cattle\Lakhimi\image_168x300_2.jpg,Lakhimi,27
cattle\siri\image_259x194_13.jpg,siri,64
cattle\Ongole\Ongole_98.png,Ongole,36
cattle\nagori\image_275x183_53.jpg,nagori,62
cattle\thutho\image_249x202_57.jpg,thutho,65
cattle\ghumsari\Ongole_167.png,ghumsari,58
cattle\Nimari\00000164.jpg,Nimari,35
cattle\Jersey\Jersey_40.jpg,Jersey,16
cattle\Kangayam\Kangayam_100.jpg,Kangayam,17
cattle\Mewati\image_165x305_50.jpg,Mewati,30
cattle\Banni\00000239.jpg,Banni,3
cattle\Kankrej\Kankrej_72.png,Kankrej,18
cattle\Nimari\Screenshot (1025).png,Nimari,35
cattle\Banni\00000027.jpg,Banni,3
cattle\Khariar\image_259x194_6.jpg,Khariar,21
cattle\bachaur\image_168x300_1.jpg,bachaur,52
cattle\Kangayam\Kangayam_77.jpg,Kangayam,17
cattle\Brown_Swiss\Brown_Swiss_94.jpg,Brown_Swiss,6
cattle\Jersey\Jersey_42.jpg,Jersey,16
cattle\nagori\image_194x259_24.jpg,nagori,62
cattle\Jaffrabadi\Jaffrabadi_21.png,Jaffrabadi,15
cattle\Kankrej\Kankrej_133.jpg,Kankrej,18
cattle\Brown_Swiss\Brown_Swiss_43.jpg,Brown_Swiss,6
cattle\Shweta Kapila\image_200x252_60.jpg,Shweta Kapila,46
cattle\Jersey\Jersey_102.jpg,Jersey,16
cattle\Brown_Swiss\Brown_Swiss_205.jpg,Brown_Swiss,6
cattle\nagori\image_300x168_43 (2).jpg,nagori,62
cattle\Khariar\Visually_searched_image (2).jpg,Khariar,21
cattle\Jersey\Jersey_56.jpg,Jersey,16
cattle\Holstein_Friesian\Holstein_Friesian_280.jpg,Holstein_Friesian,14
cattle\Malnad_gidda\00000190.jpg,Malnad_gidda,28
cattle\Kankrej\Kankrej_28.jpg,Kankrej,18
cattle\Himachali Pahari\image_259x195_12.jpg,Himachali Pahari,13
cattle\Nagpuri\Nagpuri_164.png,Nagpuri,32
cattle\Poda Thirupu\image_300x168_26.jpg,Poda Thirupu,37
cattle\Poda Thirupu\image_300x168_48.jpg,Poda Thirupu,37
cattle\bhelai\ezgif-frame-033.jpg,bhelai,54
cattle\Bargur\Bargur_82.png,Bargur,4
cattle\Surti\Surti_16.png,Surti,47
cattle\Red_Dane\Red_Dane_94.jpg,Red_Dane,43
cattle\ghumsari\image_168x300_7 (2).jpg,ghumsari,58
cattle\Nari\image_225x225_41.jpg,Nari,33
cattle\thutho\image_300x168_36.jpg,thutho,65
cattle\Rathi\00000158.png,Rathi,41
cattle\Amritmahal\image_225x225_49.jpg,Amritmahal,1
cattle\kherigarh\image_242x208_5.jpg,kherigarh,59
cattle\Mewati\image_300x168_30.jpg,Mewati,30
cattle\Jersey\Jersey_24.jpg,Jersey,16
cattle\Nili_Ravi\Nili_Ravi_32.jpg,Nili_Ravi,34
cattle\Banni\00000277.jpg,Banni,3
cattle\Nimari\00000374.JPG,Nimari,35
cattle\Vechur\Screenshot (291).png,Vechur,51
cattle\Toda\Toda_8.jpg,Toda,49
cattle\Purnea\image_231x177_53.jpg,Purnea,40
cattle\Himachali Pahari\Pahadi_Cow_ghee_Himhaat.jpg,Himachali Pahari,13
cattle\Sahiwal\Sahiwal_248.jpg,Sahiwal,45
cattle\Nari\image_194x259_18.jpg,Nari,33
cattle\Nili_Ravi\Nili_Ravi_47.jpg,Nili_Ravi,34
cattle\Kankrej\Kankrej_160.jpg,Kankrej,18
cattle\Hariana\Hariana_113.jpg,Hariana,12
cattle\nagori\image_194x259_38.jpg,nagori,62
cattle\Ladakhi\image_221x229_40.jpg,Ladakhi,26
cattle\motu\image_259x194_15 (3).jpg,motu,61
cattle\nagori\image_168x300_29.jpg,nagori,62
cattle\kherigarh\image_257x196_2.jpg,kherigarh,59
cattle\Bargur\Bargur_56.png,Bargur,4
cattle\Alambadi\Alambadi_97.png,Alambadi,0
cattle\Poda Thirupu\image_168x300_46.jpg,Poda Thirupu,37
cattle\ghumsari\Visually_searched_image.jpg,ghumsari,58
cattle\Vechur\00000113.JPG,Vechur,51
cattle\Hariana\Hariana_18.jpg,Hariana,12
cattle\Dangi\00000174.jpg,Dangi,7
cattle\Kangayam\image_201x251_29.jpg,Kangayam,17
cattle\malvi\image_225x225_4.jpg,malvi,60
cattle\malvi\image_225x225_50 (2).jpg,malvi,60
cattle\dagri\image_225x225_44.jpg,dagri,55
cattle\dagri\image_259x194_15.jpg,dagri,55
cattle\dagri\image_259x194_7 (2).jpg,dagri,55
cattle\Punganur\image_259x194_39.jpg,Punganur,39
cattle\Mewati\image_259x194_13 (2).jpg,Mewati,30
cattle\Gir\Gir_265.jpg,Gir,9
cattle\Khillari\Khillari_21.jpg,Khillari,22
cattle\Kosali\image_259x194_5 (2).jpg,Kosali,24
cattle\Gir\Gir_178.jpg,Gir,9
cattle\Jersey\Jersey_149.jpg,Jersey,16
cattle\Punganur\image_299x168_18.jpg,Punganur,39
cattle\Krishna_Valley\Krishna_Valley_99.jpg,Krishna_Valley,25
cattle\Krishna_Valley\Krishna_Valley_3.jpg,Krishna_Valley,25
cattle\Shweta Kapila\image_225x225_35.jpg,Shweta Kapila,46
cattle\gaolao\Ongole_79.jpg,gaolao,57
cattle\Purnea\image_259x194_13.jpg,Purnea,40
cattle\Guernsey\Guernsey_58.jpg,Guernsey,10
cattle\Amritmahal\image_234x215_65.jpg,Amritmahal,1
cattle\Murrah\Murrah_45.jpg,Murrah,31
cattle\Sahiwal\Sahiwal_15.png,Sahiwal,45
cattle\Gir\Gir_127.jpg,Gir,9
cattle\Red_Dane\Red_Dane_102.jpg,Red_Dane,43
cattle\Ongole\Ongole_15.jpg,Ongole,36
cattle\Nari\image_250x201_34.jpg,Nari,33
cattle\Tharparkar\Tharparkar_79.jpg,Tharparkar,48
cattle\Umblachery\image_259x194_7.jpg,Umblachery,50
cattle\Amritmahal\Amritmahal_70.png,Amritmahal,1
cattle\Deoni\Deoni_83.png,Deoni,8
cattle\Gir\Gir_334.png,Gir,9
cattle\Khariar\image_299x168_10.jpg,Khariar,21
cattle\Kasargod\00000011.jpg,Kasargod,19
cattle\Gir\Gir_369.png,Gir,9
cattle\Himachali Pahari\Black_Cow_on_Mountain_Pasture_Stock_.jpg,Himachali Pahari,13
cattle\Kangayam\Kangayam_40.jpg,Kangayam,17
cattle\Surti\Surti_65.jpg,Surti,47
cattle\Hariana\Hariana_23.jpg,Hariana,12
cattle\Hariana\Hariana_59.jpeg,Hariana,12
cattle\gangatari\Screenshot 2025-09-24 191355.png,gangatari,56
cattle\Jersey\Jersey_77.jpg,Jersey,16
cattle\Poda Thirupu\image_288x175_54.jpg,Poda Thirupu,37
cattle\ghumsari\image_299x168_43.jpg,ghumsari,58
cattle\Jaffrabadi\Jaffrabadi_1.png,Jaffrabadi,15
cattle\Malnad_gidda\Screenshot (1150).png,Malnad_gidda,28
cattle\Khariar\image_249x202_3.jpg,Khariar,21
cattle\Red_Dane\Red_Dane_11.jpg,Red_Dane,43
cattle\Kangayam\Kangayam_96.jpg,Kangayam,17
cattle\badri\image_194x259_44.jpg,badri,53
cattle\Rathi\00000070.jpg,Rathi,41
cattle\Mewati\image_259x194_21.jpg,Mewati,30
cattle\Murrah\Murrah_113.jpeg,Murrah,31
cattle\Bhadawari\Bhadawari_8.jpg,Bhadawari,5
cattle\Kosali\image_183x275_1.jpg,Kosali,24
cattle\Murrah\Murrah_149.jpg,Murrah,31
cattle\bachaur\North_Bengal_Grey_-_Wikiwand.jpg,bachaur,52
cattle\Krishna_Valley\Krishna_Valley_9.jpg,Krishna_Valley,25
cattle\Punganur\PUNGANUR_COWS_-_PUNGANUR_COWS_added_a_.jpg,Punganur,39
cattle\Red kandhari\image_273x185_6.jpg,Red kandhari,42
cattle\ponwar\Visually_searched_image (5).jpg,ponwar,63
cattle\Jersey\Jersey_134.jpg,Jersey,16
cattle\Khillari\Khillari_90.png,Khillari,22
cattle\ponwar\image_281x180_43.jpg,ponwar,63
cattle\Shweta Kapila\image_259x194_27 (2).jpg,Shweta Kapila,46
cattle\Hariana\Hariana_119.jpg,Hariana,12
cattle\Kasargod\00000252.JPG,Kasargod,19
cattle\Ladakhi\Visually_searched_image (2).jpg,Ladakhi,26
cattle\Bargur\Bargur_20.png,Bargur,4
cattle\Surti\Surti_38.png,Surti,47
cattle\Red_Dane\Red_Dane_157.jpg,Red_Dane,43
cattle\Pulikulam\Pulikulam_103.jpg,Pulikulam,38
cattle\Nari\image_201x251_51.jpg,Nari,33
cattle\Holstein_Friesian\Holstein_Friesian_78.jpg,Holstein_Friesian,14
cattle\ponwar\image_267x189_36.jpg,ponwar,63
cattle\Gir\Gir_25.jpg,Gir,9
cattle\Alambadi\Alambadi_70.jpg,Alambadi,0
cattle\Toda\Toda_65.jpg,Toda,49
cattle\Rathi\00000004.jpg,Rathi,41
cattle\Murrah\Murrah_95.jpg,Murrah,31
cattle\Brown_Swiss\Brown_Swiss_114.jpg,Brown_Swiss,6
cattle\Holstein_Friesian\Holstein_Friesian_231.jpg,Holstein_Friesian,14
cattle\Mewati\image_259x194_26.jpg,Mewati,30
cattle\Ongole\Ongole_2.JPG,Ongole,36
cattle\Sahiwal\Sahiwal_241.jpg,Sahiwal,45
cattle\Toda\Toda_75.jpg,Toda,49
cattle\Toda\Toda_82.jpg,Toda,49
cattle\kherigarh\image_154x326_1.jpg,kherigarh,59
cattle\dagri\Registered_cattle_breeds_in_India_.jpg,dagri,55
cattle\Nagpuri\Nagpuri_163.jpg,Nagpuri,32
cattle\Krishna_Valley\Krishna_Valley_72.jpg,Krishna_Valley,25
cattle\bachaur\image_300x168_63.jpg,bachaur,52
cattle\Gir\Gir_260.jpg,Gir,9
cattle\Ladakhi\image_259x194_9 (3).jpg,Ladakhi,26
cattle\Vechur\00000310.jpg,Vechur,51
cattle\Deoni\Deoni_25.jpg,Deoni,8
cattle\Mehsana\Mehsana_53.png,Mehsana,29
cattle\Ayrshire\Ayrshire_114.jpg,Ayrshire,2
cattle\Punganur\image_300x168_40.jpg,Punganur,39
cattle\Red kandhari\image_198x198_60.jpg,Red kandhari,42
cattle\Lakhimi\image_194x259_35.jpg,Lakhimi,27
cattle\Nili_Ravi\Nili_Ravi_71.png,Nili_Ravi,34
cattle\Gir\Gir_20.png,Gir,9
cattle\ponwar\image_240x210_56.jpg,ponwar,63
cattle\Rathi\00000129.jpg,Rathi,41
cattle\Toda\Toda_102.jpg,Toda,49
cattle\motu\image_259x194_4.jpg,motu,61
cattle\Ongole\Ongole_155.jpg,Ongole,36
cattle\Dangi\image_259x194_19.jpg,Dangi,7
cattle\Nari\image_348x145_65.jpg,Nari,33
cattle\Khariar\image_225x225_4 (2).jpg,Khariar,21
cattle\Kosali\image_237x213_1.jpg,Kosali,24
cattle\Jaffrabadi\Jaffrabadi_79.jpg,Jaffrabadi,15
cattle\Toda\Toda_89.jpg,Toda,49
cattle\Red_Dane\Red_Dane_28.jpg,Red_Dane,43
cattle\Murrah\Murrah_54.jpg,Murrah,31
cattle\Kankrej\Kankrej_86.png,Kankrej,18
cattle\Toda\Toda_37.jpg,Toda,49
cattle\Lakhimi\image_194x259_43 (2).jpg,Lakhimi,27
cattle\Khillari\Khillari_95.jpg,Khillari,22
cattle\Gir\Gir_104.jpg,Gir,9
cattle\Red kandhari\image_246x205_54.jpg,Red kandhari,42
cattle\Holstein_Friesian\Holstein_Friesian_24.jpg,Holstein_Friesian,14
cattle\gangatari\image_259x194_22.jpg,gangatari,56
cattle\Rathi\00000035.jpg,Rathi,41
cattle\Red_Dane\Red_Dane_24.jpg,Red_Dane,43
cattle\Nimari\00000030.jpg,Nimari,35
cattle\Jersey\Jersey_178.jpg,Jersey,16
cattle\Red kandhari\image_280x180_10.jpg,Red kandhari,42
cattle\Purnea\image_271x186_57.jpg,Purnea,40
cattle\Mewati\image_256x197_2.jpg,Mewati,30
cattle\Holstein_Friesian\Holstein_Friesian_84_1.jpg,Holstein_Friesian,14
cattle\Hariana\Hariana_106.jpg,Hariana,12
cattle\Mewati\image_168x299_22.jpg,Mewati,30
cattle\Umblachery\image_194x259_48 (2).jpg,Umblachery,50
cattle\Holstein_Friesian\Holstein_Friesian_23.jpg,Holstein_Friesian,14
cattle\Vechur\00000004.jpg,Vechur,51
cattle\Sahiwal\Sahiwal_17.jpg,Sahiwal,45
cattle\Lakhimi\image_230x219_31.jpg,Lakhimi,27
cattle\Sahiwal\Sahiwal_65.jpg,Sahiwal,45
cattle\Murrah\Murrah_143.jpg,Murrah,31
cattle\Red kandhari\image_288x175_60.jpg,Red kandhari,42
cattle\Ayrshire\Ayrshire_190.jpg,Ayrshire,2
cattle\siri\image_259x194_19.jpg,siri,64
cattle\Bhadawari\Bhadawari_50.jpg,Bhadawari,5
cattle\Red_Sindhi\Red_Sindhi_170.jpg,Red_Sindhi,44
cattle\Banni\00000246.jpg,Banni,3
cattle\Hallikar\Hallikar_128.png,Hallikar,11
cattle\Kankrej\Kankrej_91.jpg,Kankrej,18
cattle\Pulikulam\Pulikulam_102.jpg,Pulikulam,38
cattle\Kankrej\Kankrej_171.png,Kankrej,18
cattle\Red_Sindhi\Red_Sindhi_139.png,Red_Sindhi,44
cattle\Brown_Swiss\Brown_Swiss_73.jpg,Brown_Swiss,6
cattle\Kankrej\Kankrej_17.jpg,Kankrej,18
cattle\Krishna_Valley\Krishna_Valley_47.jpg,Krishna_Valley,25
cattle\motu\image_259x194_5.jpg,motu,61
cattle\Nari\image_297x170_46.jpg,Nari,33
cattle\ponwar\image_300x168_40.jpg,ponwar,63
cattle\Dangi\00000151.jpg,Dangi,7
cattle\ponwar\image_310x163_36.jpg,ponwar,63
cattle\motu\image_259x194_9.jpg,motu,61
cattle\Kangayam\Kangayam_3.jpg,Kangayam,17
cattle\nagori\image_259x194_46.jpg,nagori,62
cattle\ponwar\image_201x251_58.jpg,ponwar,63
cattle\Kenkatha\image_222x227_49.jpg,Kenkatha,20
cattle\ponwar\image_275x183_45.jpg,ponwar,63
cattle\Rathi\Screenshot (948).png,Rathi,41
cattle\Banni\00000120.jpg,Banni,3
cattle\Tharparkar\Tharparkar_68.jpeg,Tharparkar,48
cattle\Ayrshire\Ayrshire_34.jpg,Ayrshire,2
cattle\Umblachery\image_260x194_3.jpg,Umblachery,50
cattle\Vechur\Screenshot (298).png,Vechur,51
cattle\Murrah\Murrah_111.jpg,Murrah,31
cattle\thutho\image_142x107_65.jpg,thutho,65
cattle\Nili_Ravi\Nili_Ravi_36.jpg,Nili_Ravi,34
cattle\Banni\00000050.jpg,Banni,3
cattle\Rathi\00000371.jpg,Rathi,41
cattle\Vechur\00000050.jpeg,Vechur,51
cattle\Poda Thirupu\image_259x194_14.jpg,Poda Thirupu,37
cattle\Sahiwal\Sahiwal_228.jpg,Sahiwal,45
cattle\Mehsana\Mehsana_93.jpg,Mehsana,29
cattle\Mewati\image_259x194_18 (2).jpg,Mewati,30
cattle\Punganur\image_150x335_57.jpg,Punganur,39
cattle\Umblachery\image_168x300_30.jpg,Umblachery,50
cattle\Red_Dane\Red_Dane_54.jpg,Red_Dane,43
cattle\kherigarh\image_210x240_1.jpg,kherigarh,59
cattle\Rathi\00000375.jpg,Rathi,41
cattle\malvi\image_318x159_71.jpg,malvi,60
cattle\Malnad_gidda\Screenshot (1114).png,Malnad_gidda,28
cattle\nagori\image_168x300_2.jpg,nagori,62
cattle\Toda\Toda_42.jpg,Toda,49
cattle\Mewati\image_168x300_14.jpg,Mewati,30
cattle\Rathi\00000102.jpg,Rathi,41
cattle\siri\image_362x139_57.jpg,siri,64
cattle\Himachali Pahari\image_225x225_37.jpg,Himachali Pahari,13
cattle\Krishna_Valley\Krishna_Valley_50.jpg,Krishna_Valley,25
cattle\Gir\Gir_52.jpg,Gir,9
cattle\Purnea\image_275x183_61.jpg,Purnea,40
cattle\Poda Thirupu\image_168x300_2.jpg,Poda Thirupu,37
cattle\Murrah\Murrah_37.jpg,Murrah,31
cattle\Poda Thirupu\image_240x180_18.jpg,Poda Thirupu,37
cattle\bhelai\Screenshot 2025-09-24 183143.png,bhelai,54
cattle\Khariar\image_275x183_5.jpg,Khariar,21
cattle\Pulikulam\Pulikulam_115.png,Pulikulam,38
cattle\Purnea\image_275x183_35 (2).jpg,Purnea,40
cattle\Brown_Swiss\Brown_Swiss_93.jpg,Brown_Swiss,6
cattle\Nagpuri\Nagpuri_20.png,Nagpuri,32
cattle\Kosali\image_259x194_4 (3).jpg,Kosali,24
cattle\Hariana\Hariana_72.jpg,Hariana,12
cattle\Brown_Swiss\Brown_Swiss_107.jpg,Brown_Swiss,6
cattle\Holstein_Friesian\Holstein_Friesian_206.jpg,Holstein_Friesian,14
cattle\motu\image_205x212_46.jpg,motu,61
cattle\Tharparkar\Tharparkar_44.jpg,Tharparkar,48
cattle\malvi\image_168x300_68.jpg,malvi,60
cattle\Poda Thirupu\image_299x168_29.jpg,Poda Thirupu,37
cattle\Bargur\Bargur_69.jpg,Bargur,4
cattle\Krishna_Valley\Krishna_Valley_93.jpg,Krishna_Valley,25
cattle\Rathi\00000108.jpg,Rathi,41
cattle\Rathi\00000048.jpg,Rathi,41
cattle\Nari\image_221x229_28.jpg,Nari,33
cattle\Sahiwal\Sahiwal_175.jpg,Sahiwal,45
cattle\Hallikar\Hallikar_113.jpg,Hallikar,11
cattle\Kangayam\image_183x275_55.jpg,Kangayam,17
cattle\Kenkatha\image_260x194_55.jpg,Kenkatha,20
cattle\motu\image_300x168_39 (2).jpg,motu,61
cattle\ponwar\image_225x225_48.jpg,ponwar,63
cattle\Kangayam\Kangayam_75.jpg,Kangayam,17
cattle\Konkan Kapila\image_168x300_4.jpg,Konkan Kapila,23
cattle\Ongole\Ongole_111.png,Ongole,36
cattle\Ongole\Ongole_26.jpg,Ongole,36
cattle\Himachali Pahari\image_259x194_16.jpg,Himachali Pahari,13
cattle\Nari\image_242x209_23.jpg,Nari,33
cattle\ghumsari\image_194x259_29.jpg,ghumsari,58
cattle\Dangi\00000181.jpg,Dangi,7
cattle\kherigarh\image_259x194_10.jpg,kherigarh,59
cattle\ghumsari\image_299x168_44.jpg,ghumsari,58
cattle\Banni\00000021.jpg,Banni,3
cattle\ponwar\image_300x168_55.jpg,ponwar,63
cattle\Kenkatha\image_170x212_55.jpg,Kenkatha,20
cattle\Ongole\Ongole_192.jpg,Ongole,36
cattle\Jersey\Jersey_127.jpg,Jersey,16
cattle\Khariar\image_299x168_8.jpg,Khariar,21
cattle\Jersey\Jersey_118.jpg,Jersey,16
cattle\gaolao\Ongole_113.png,gaolao,57
cattle\Shweta Kapila\image_250x150_59.jpg,Shweta Kapila,46
cattle\Gir\Gir_257.jpg,Gir,9
cattle\siri\image_260x194_3.jpg,siri,64
cattle\Shweta Kapila\image_304x166_65.jpg,Shweta Kapila,46
cattle\Alambadi\Alambadi_39.png,Alambadi,0
cattle\siri\image_259x194_21.jpg,siri,64
cattle\Ayrshire\Ayrshire_46.jpg,Ayrshire,2
cattle\motu\image_259x194_29.jpg,motu,61
cattle\nagori\image_300x168_44.jpg,nagori,62
cattle\Rathi\00000303.jpg,Rathi,41
cattle\Brown_Swiss\Brown_Swiss_143.jpg,Brown_Swiss,6
cattle\Ayrshire\Ayrshire_77.jpg,Ayrshire,2
cattle\Punganur\_.jpg,Punganur,39
cattle\malvi\image_194x259_8.jpg,malvi,60
cattle\siri\image_259x194_16.jpg,siri,64
cattle\Holstein_Friesian\Holstein_Friesian_173.jpg,Holstein_Friesian,14
cattle\Umblachery\image_168x300_44.jpg,Umblachery,50
cattle\Deoni\Deoni_57.jpg,Deoni,8
cattle\Punganur\image_168x299_21.jpg,Punganur,39
cattle\Murrah\Murrah_114.jpg,Murrah,31
cattle\Gir\Gir_240.jpg,Gir,9
cattle\Kenkatha\image_259x194_16 (3).jpg,Kenkatha,20
cattle\Ayrshire\Ayrshire_201.jpg,Ayrshire,2
cattle\Krishna_Valley\Krishna_Valley_18.jpg,Krishna_Valley,25
cattle\Mewati\image_168x300_4.jpg,Mewati,30
cattle\Bargur\image_252x200_24.jpg,Bargur,4
cattle\ghumsari\image_168x300_6 (2).jpg,ghumsari,58
cattle\bhelai\ezgif-frame-086.jpg,bhelai,54
cattle\Red_Dane\Red_Dane_67.jpg,Red_Dane,43
cattle\Nari\image_168x300_58 (2).jpg,Nari,33
cattle\Sahiwal\Sahiwal_332.png,Sahiwal,45
cattle\Poda Thirupu\image_194x259_50.jpg,Poda Thirupu,37
cattle\Rathi\00000257.jpg,Rathi,41
cattle\Pulikulam\Pulikulam_1.JPG,Pulikulam,38
cattle\Khillari\Khillari_94.png,Khillari,22
cattle\Pulikulam\Pulikulam_51.jpg,Pulikulam,38
cattle\Red_Dane\Red_Dane_33.jpg,Red_Dane,43
cattle\motu\image_194x259_57.jpg,motu,61
cattle\dagri\ezgif-frame-069.jpg,dagri,55
cattle\dagri\image_225x225_17.jpg,dagri,55
cattle\ponwar\image_259x194_31 (2).jpg,ponwar,63
cattle\Holstein_Friesian\Holstein_Friesian_26.jpg,Holstein_Friesian,14
cattle\Kenkatha\image_168x300_18.jpg,Kenkatha,20
cattle\Sahiwal\Sahiwal_254.png,Sahiwal,45
cattle\Shweta Kapila\image_168x300_34.jpg,Shweta Kapila,46
cattle\Gir\Gir_263.jpg,Gir,9
cattle\Poda Thirupu\image_259x194_30.jpg,Poda Thirupu,37
cattle\Red_Sindhi\Red_Sindhi_112.jpg,Red_Sindhi,44
cattle\Pulikulam\Pulikulam_56.jpg,Pulikulam,38
cattle\badri\Native_Cow_Breeds_ (1).jpg,badri,53
cattle\thutho\image_254x198_30.jpg,thutho,65
cattle\Kangayam\Kangayam_90.jpg,Kangayam,17
cattle\siri\image_205x161_43.jpg,siri,64
cattle\Umblachery\Visually_searched_image (2).jpg,Umblachery,50
cattle\Ongole\Ongole_126.png,Ongole,36
cattle\Dangi\00000088.jpg,Dangi,7
cattle\Tharparkar\Tharparkar_198.jpg,Tharparkar,48
cattle\Krishna_Valley\Krishna_Valley_127.jpg,Krishna_Valley,25
cattle\Nari\image_259x194_29.jpg,Nari,33
cattle\Amritmahal\image_265x190_31.jpg,Amritmahal,1
cattle\motu\image_268x172_51.jpg,motu,61
cattle\Krishna_Valley\Krishna_Valley_49.jpg,Krishna_Valley,25
cattle\Banni\00000278.jpg,Banni,3
cattle\Red_Dane\Red_Dane_34.jpg,Red_Dane,43
cattle\Pulikulam\Pulikulam_92.jpg,Pulikulam,38
cattle\Tharparkar\Tharparkar_66.jpg,Tharparkar,48
cattle\Kankrej\Kankrej_69.jpg,Kankrej,18
cattle\dagri\image_225x224_26.jpg,dagri,55
cattle\bachaur\image_225x225_5.jpg,bachaur,52
cattle\kherigarh\image_252x200_4.jpg,kherigarh,59
cattle\dagri\image_259x194_5 (2).jpg,dagri,55
cattle\Punganur\image_300x168_8.jpg,Punganur,39
cattle\Ayrshire\Ayrshire_168.jpg,Ayrshire,2
cattle\malvi\image_225x225_9.jpg,malvi,60
cattle\Malnad_gidda\00000005.jpg,Malnad_gidda,28
cattle\dagri\image_259x194_13.jpg,dagri,55
cattle\Amritmahal\Amritmahal_75.jpg,Amritmahal,1
cattle\Umblachery\image_300x168_44.jpg,Umblachery,50
cattle\Tharparkar\Tharparkar_51.jpg,Tharparkar,48
cattle\Purnea\image_260x194_35.jpg,Purnea,40
cattle\Red kandhari\image_275x183_11.jpg,Red kandhari,42
cattle\Lakhimi\image_225x225_26.jpg,Lakhimi,27
cattle\Ladakhi\image_259x194_13.jpg,Ladakhi,26
cattle\Himachali Pahari\image_278x181_6.jpg,Himachali Pahari,13
cattle\motu\image_299x168_39.jpg,motu,61
cattle\siri\image_205x164_27.jpg,siri,64
cattle\Holstein_Friesian\Holstein_Friesian_69.jpg,Holstein_Friesian,14
cattle\Bargur\Bargur_25.jpg,Bargur,4
cattle\Rathi\00000387.jpg,Rathi,41
cattle\Umblachery\Umblachery_62.png,Umblachery,50
cattle\Hariana\Hariana_133.jpg,Hariana,12
cattle\Rathi\Screenshot (953).png,Rathi,41
cattle\Gir\Gir_293.jpg,Gir,9
cattle\Nili_Ravi\Nili_Ravi_50.jpg,Nili_Ravi,34
cattle\Konkan Kapila\image_299x168_7.jpg,Konkan Kapila,23
cattle\Lakhimi\image_259x194_12.jpg,Lakhimi,27
cattle\Holstein_Friesian\Holstein_Friesian_302.jpg,Holstein_Friesian,14
cattle\Sahiwal\Sahiwal_285.jpg,Sahiwal,45
cattle\Sahiwal\Sahiwal_212.jpg,Sahiwal,45
cattle\Malnad_gidda\00000018.jpg,Malnad_gidda,28
cattle\Purnea\image_276x183_54.jpg,Purnea,40
cattle\Kenkatha\image_259x194_17.jpg,Kenkatha,20
cattle\Nari\image_150x335_46.jpg,Nari,33
cattle\Bhadawari\Bhadawari_65.jpg,Bhadawari,5
cattle\Holstein_Friesian\Holstein_Friesian_71.jpg,Holstein_Friesian,14
cattle\malvi\image_194x259_10.jpg,malvi,60
cattle\Ayrshire\Ayrshire_212.jpg,Ayrshire,2
cattle\Kangayam\Kangayam_84.png,Kangayam,17
cattle\Banni\00000084.jpg,Banni,3
cattle\Vechur\00000374.jpg,Vechur,51
cattle\Vechur\Screenshot (296).png,Vechur,51
cattle\Himachali Pahari\image_259x194_20.jpg,Himachali Pahari,13
cattle\Banni\00000160.jpg,Banni,3
cattle\Shweta Kapila\image_168x300_26.jpg,Shweta Kapila,46
cattle\Dangi\image_259x194_7.jpg,Dangi,7
cattle\Brown_Swiss\Brown_Swiss_142.jpg,Brown_Swiss,6
cattle\Hallikar\Hallikar_179.png,Hallikar,11
cattle\Toda\Toda_123.jpg,Toda,49
cattle\Red kandhari\image_269x188_1.jpg,Red kandhari,42
cattle\Purnea\image_259x194_13 (5).jpg,Purnea,40
cattle\gaolao\0219.jpg,gaolao,57
cattle\Shweta Kapila\image_299x168_57.jpg,Shweta Kapila,46
cattle\bachaur\Indigenous_Cattle_Breeds_.jpg,bachaur,52
cattle\Umblachery\image_259x194_22.jpg,Umblachery,50
cattle\Lakhimi\image_194x259_46 (2).jpg,Lakhimi,27
cattle\Guernsey\Guernsey_3.jpg,Guernsey,10
cattle\Himachali Pahari\Black_Desi_Cow_at_2500000_INR_in_.jpg,Himachali Pahari,13
cattle\Tharparkar\Tharparkar_28.png,Tharparkar,48
cattle\Mehsana\Mehsana_27.png,Mehsana,29
cattle\dagri\Indigenous_Farm_Animals_.jpg,dagri,55
cattle\Sahiwal\Sahiwal_38.png,Sahiwal,45
cattle\malvi\image_200x200_54.jpg,malvi,60
cattle\Ladakhi\image_300x168_3.jpg,Ladakhi,26
cattle\Poda Thirupu\image_187x269_51.jpg,Poda Thirupu,37
cattle\Ongole\Ongole_7.png,Ongole,36
cattle\Banni\00000288.jpg,Banni,3
cattle\Gir\Gir_90.jpg,Gir,9
cattle\bhelai\ezgif-frame-079.jpg,bhelai,54
cattle\Sahiwal\Sahiwal_159.jpg,Sahiwal,45
cattle\Umblachery\image_330x153_55.jpg,Umblachery,50
cattle\Nari\image_277x182_45.jpg,Nari,33
cattle\Nili_Ravi\Nili_Ravi_46.png,Nili_Ravi,34
cattle\badri\image_168x300_1.jpg,badri,53
cattle\Punganur\image_225x225_45.jpg,Punganur,39
cattle\malvi\image_275x183_53.jpg,malvi,60
cattle\Himachali Pahari\image_247x204_2.jpg,Himachali Pahari,13
cattle\Dangi\image_251x201_3.jpg,Dangi,7
cattle\Gir\Gir_233.jpg,Gir,9
cattle\Purnea\image_259x194_18 (2).jpg,Purnea,40
cattle\Kosali\image_194x259_7 (2).jpg,Kosali,24
cattle\Mehsana\Mehsana_11.png,Mehsana,29
cattle\Konkan Kapila\image_299x168_6 (2).jpg,Konkan Kapila,23
cattle\Mewati\image_168x300_7.jpg,Mewati,30
cattle\Nimari\Screenshot (1032).png,Nimari,35
cattle\bachaur\image_275x183_5.jpg,bachaur,52
cattle\kherigarh\image_275x183_7.jpg,kherigarh,59
cattle\Brown_Swiss\Brown_Swiss_154.jpg,Brown_Swiss,6
cattle\Punganur\image_299x168_15.jpg,Punganur,39
cattle\Kasargod\00000055.JPG,Kasargod,19
cattle\Mewati\image_201x251_23.jpg,Mewati,30
cattle\Mewati\image_259x194_14.jpg,Mewati,30
cattle\Khariar\image_259x194_28.jpg,Khariar,21
cattle\Alambadi\Alambadi_15.jpg,Alambadi,0
cattle\Toda\Toda_20.jpg,Toda,49
cattle\motu\image_260x194_21.jpg,motu,61
cattle\ponwar\image_274x184_41.jpg,ponwar,63
cattle\Kankrej\Kankrej_24.png,Kankrej,18
cattle\Red kandhari\image_225x225_41.jpg,Red kandhari,42
cattle\Himachali Pahari\Hf_Cow_-_Young_Healthy_Dairy_Female_.jpg,Himachali Pahari,13
cattle\kherigarh\image_270x187_1.jpg,kherigarh,59
cattle\Rathi\00000085.png,Rathi,41
cattle\Nagpuri\Nagpuri_152.jpg,Nagpuri,32
cattle\Kenkatha\image_250x167_46.jpg,Kenkatha,20
cattle\Hallikar\Hallikar_111.jpg,Hallikar,11
cattle\Lakhimi\image_233x216_32.jpg,Lakhimi,27
cattle\nagori\image_259x194_19.jpg,nagori,62
cattle\Poda Thirupu\image_300x168_7.jpg,Poda Thirupu,37
cattle\Kenkatha\image_194x259_54.jpg,Kenkatha,20
cattle\gangatari\image_225x225_32.jpg,gangatari,56
cattle\Shweta Kapila\image_215x235_64.jpg,Shweta Kapila,46
cattle\Vechur\Screenshot (262).png,Vechur,51
cattle\Jersey\Jersey_186.jpg,Jersey,16
cattle\Guernsey\Guernsey_15.jpg,Guernsey,10
cattle\Tharparkar\Tharparkar_72.jpg,Tharparkar,48
cattle\Himachali Pahari\Murrah_Buffalo_Supplier_In_Himachal_ (2).jpg,Himachali Pahari,13
cattle\ponwar\image_290x174_37.jpg,ponwar,63
cattle\Konkan Kapila\image_259x194_9.jpg,Konkan Kapila,23
cattle\Surti\Surti_29.jpg,Surti,47
cattle\dagri\image_259x194_19.jpg,dagri,55
cattle\Sahiwal\Sahiwal_7.JPG,Sahiwal,45
cattle\Purnea\image_271x186_3.jpg,Purnea,40
cattle\Konkan Kapila\image_186x271_1.jpg,Konkan Kapila,23
cattle\Brown_Swiss\Brown_Swiss_216.jpg,Brown_Swiss,6
cattle\Shweta Kapila\image_168x300_54.jpg,Shweta Kapila,46
cattle\Sahiwal\Sahiwal_372.png,Sahiwal,45
cattle\Konkan Kapila\image_168x300_2 (2).jpg,Konkan Kapila,23
cattle\Himachali Pahari\image_194x259_9.jpg,Himachali Pahari,13
cattle\Sahiwal\Sahiwal_294.jpg,Sahiwal,45
cattle\Sahiwal\Sahiwal_346.png,Sahiwal,45
cattle\Nari\image_194x259_62.jpg,Nari,33
cattle\Kankrej\Kankrej_161.jpg,Kankrej,18
cattle\siri\image_259x194_8.jpg,siri,64
cattle\Shweta Kapila\image_259x194_39.jpg,Shweta Kapila,46
cattle\Nagpuri\Nagpuri_151.jpg,Nagpuri,32
cattle\Sahiwal\Sahiwal_107.jpg,Sahiwal,45
cattle\Ongole\Ongole_134.jpg,Ongole,36
cattle\gaolao\Ongole_103.png,gaolao,57
cattle\Mehsana\Mehsana_31.png,Mehsana,29
cattle\Holstein_Friesian\Holstein_Friesian_255.jpg,Holstein_Friesian,14
cattle\kherigarh\image_225x225_2 (2).jpg,kherigarh,59
cattle\Deoni\Deoni_38.jpg,Deoni,8
cattle\Guernsey\Guernsey_42.jpg,Guernsey,10
cattle\Toda\Toda_92.jpg,Toda,49
cattle\Kangayam\Kangayam_45.jpg,Kangayam,17
cattle\Mewati\image_300x168_39.jpg,Mewati,30
cattle\Nagpuri\Nagpuri_158.jpg,Nagpuri,32
cattle\bhelai\ezgif-frame-096.jpg,bhelai,54
cattle\Poda Thirupu\image_168x300_11.jpg,Poda Thirupu,37
cattle\Red kandhari\image_224x224_21.jpg,Red kandhari,42
cattle\Jersey\Jersey_17.jpg,Jersey,16
cattle\Ayrshire\Ayrshire_6.jpg,Ayrshire,2
cattle\Nagpuri\Nagpuri_91.jpg,Nagpuri,32
cattle\Brown_Swiss\Brown_Swiss_12.jpg,Brown_Swiss,6
cattle\Deoni\Screenshot 2025-09-25 031958.png,Deoni,8
cattle\Purnea\image_267x189_2.jpg,Purnea,40
cattle\Jersey\Jersey_187.jpg,Jersey,16
cattle\Purnea\image_225x225_41 (2).jpg,Purnea,40
cattle\Tharparkar\Tharparkar_3.JPG,Tharparkar,48
cattle\Punganur\image_176x176_55.jpg,Punganur,39
cattle\bhelai\ezgif-frame-131.jpg,bhelai,54
cattle\motu\image_257x196_6.jpg,motu,61
cattle\Mewati\image_165x305_46.jpg,Mewati,30
cattle\Shweta Kapila\image_168x299_61.jpg,Shweta Kapila,46
cattle\nagori\image_168x300_5.jpg,nagori,62
cattle\kherigarh\image_250x140_1.jpg,kherigarh,59
cattle\Pulikulam\Pulikulam_2.JPG,Pulikulam,38
cattle\Kasargod\00000032.jpg,Kasargod,19
cattle\Purnea\image_194x259_47.jpg,Purnea,40
cattle\Nari\image_225x225_27.jpg,Nari,33
cattle\Holstein_Friesian\Holstein_Friesian_249.jpg,Holstein_Friesian,14
cattle\gaolao\Gaolao_cow_.jpg,gaolao,57
cattle\Umblachery\Umblachery_44.jpg,Umblachery,50
cattle\Ongole\Ongole_154.jpg,Ongole,36
cattle\malvi\image_168x300_2.jpg,malvi,60
cattle\Holstein_Friesian\Holstein_Friesian_112.jpg,Holstein_Friesian,14
cattle\Kangayam\image_259x194_48.jpg,Kangayam,17
cattle\Gir\Gir_116.jpg,Gir,9
cattle\Holstein_Friesian\Holstein_Friesian_303.jpg,Holstein_Friesian,14
cattle\Dangi\image_275x183_44.jpg,Dangi,7
cattle\Himachali Pahari\Black_And_White_Haryana_Jersey_Cow_at_.jpg,Himachali Pahari,13
cattle\Jaffrabadi\Jaffrabadi_38.png,Jaffrabadi,15
cattle\Gir\Gir_189.jpg,Gir,9
cattle\bachaur\image_225x225_67.jpg,bachaur,52
cattle\ghumsari\image_194x259_32.jpg,ghumsari,58
cattle\Red_Dane\Red_Dane_95.jpg,Red_Dane,43
cattle\Holstein_Friesian\Holstein_Friesian_191.jpg,Holstein_Friesian,14
cattle\Holstein_Friesian\Holstein_Friesian_183.jpg,Holstein_Friesian,14
cattle\Dangi\image_343x147_59.jpg,Dangi,7
cattle\Kangayam\Kangayam_8.jpg,Kangayam,17
cattle\Vechur\00000398.jpg,Vechur,51
cattle\Kasargod\Screenshot (990).png,Kasargod,19
cattle\Red_Dane\Red_Dane_136.jpg,Red_Dane,43
cattle\Banni\00000088.jpg,Banni,3
cattle\Tharparkar\Tharparkar_65.jpg,Tharparkar,48
cattle\Khillari\Khillari_72.jpg,Khillari,22
cattle\Purnea\image_275x183_53.jpg,Purnea,40
cattle\Kosali\image_228x221_7.jpg,Kosali,24
cattle\Konkan Kapila\image_281x179_12.jpg,Konkan Kapila,23
cattle\Brown_Swiss\Brown_Swiss_106.jpg,Brown_Swiss,6
cattle\gangatari\Hariana_cattle_-_Native_Breedorg.jpg,gangatari,56
cattle\Kangayam\image_205x262_34.jpg,Kangayam,17
cattle\Brown_Swiss\Brown_Swiss_173.jpg,Brown_Swiss,6
cattle\Kangayam\Kangayam_7.jpg,Kangayam,17
cattle\Red_Sindhi\Red_Sindhi_25.png,Red_Sindhi,44
cattle\Alambadi\Alambadi_4.png,Alambadi,0
cattle\Punganur\image_168x300_13.jpg,Punganur,39
cattle\Sahiwal\Sahiwal_195.jpg,Sahiwal,45
cattle\ponwar\image_259x194_12.jpg,ponwar,63
cattle\bachaur\image_316x159_3.jpg,bachaur,52
cattle\Bargur\image_300x168_36.jpg,Bargur,4
cattle\Deoni\Deoni_99.png,Deoni,8
cattle\Krishna_Valley\Krishna_Valley_83.jpg,Krishna_Valley,25
cattle\Dangi\image_275x183_50.jpg,Dangi,7
cattle\Jaffrabadi\Jaffrabadi_73.png,Jaffrabadi,15
cattle\Nari\image_194x259_56.jpg,Nari,33
cattle\Kosali\image_168x300_12.jpg,Kosali,24
cattle\Poda Thirupu\image_300x168_8.jpg,Poda Thirupu,37
cattle\Kosali\image_194x259_9 (2).jpg,Kosali,24
cattle\Red_Sindhi\Red_Sindhi_62.jpg,Red_Sindhi,44
cattle\Red kandhari\image_266x190_4 (3).jpg,Red kandhari,42
cattle\ponwar\image_300x168_48.jpg,ponwar,63
cattle\Guernsey\Guernsey_25.jpg,Guernsey,10
cattle\Bhadawari\Bhadawari_45.jpg,Bhadawari,5
cattle\Kasargod\Screenshot (983).png,Kasargod,19
cattle\kherigarh\image_168x300_1.jpg,kherigarh,59
cattle\Shweta Kapila\image_279x181_58.jpg,Shweta Kapila,46
cattle\gangatari\image_318x159_62.jpeg,gangatari,56
cattle\malvi\image_250x201_39.jpg,malvi,60
cattle\Gir\Gir_167.jpg,Gir,9
cattle\Lakhimi\image_300x168_46.jpg,Lakhimi,27
cattle\Poda Thirupu\image_169x299_38.jpg,Poda Thirupu,37
cattle\Alambadi\Alambadi_1.png,Alambadi,0
cattle\Deoni\Deoni_52.png,Deoni,8
cattle\Ayrshire\Ayrshire_176.jpg,Ayrshire,2
cattle\Deoni\Deoni_58.png,Deoni,8
cattle\Nagpuri\Nagpuri_132.jpg,Nagpuri,32
cattle\Holstein_Friesian\Holstein_Friesian_151.jpg,Holstein_Friesian,14
cattle\Banni\00000129.jpg,Banni,3
cattle\Nari\image_229x220_31.jpg,Nari,33
cattle\Kenkatha\image_259x194_20 (2).jpg,Kenkatha,20
cattle\Mehsana\Mehsana_65.jpg,Mehsana,29
cattle\ghumsari\image_168x300_3 (3).jpg,ghumsari,58
cattle\Alambadi\Alambadi_19.jpg,Alambadi,0
cattle\Bhadawari\Bhadawari_67.jpg,Bhadawari,5
cattle\malvi\image_275x183_58.jpg,malvi,60
cattle\siri\image_168x300_39.jpg,siri,64
cattle\Nagpuri\Nagpuri_116.jpg,Nagpuri,32
cattle\Jaffrabadi\Jaffrabadi_74.jpg,Jaffrabadi,15
cattle\Poda Thirupu\image_259x195_3.jpg,Poda Thirupu,37
cattle\Khariar\image_168x300_9.jpg,Khariar,21
cattle\Rathi\00000067.jpg,Rathi,41
cattle\Nili_Ravi\Nili_Ravi_61.jpg,Nili_Ravi,34
cattle\Jersey\Jersey_8.jpg,Jersey,16
cattle\Gir\Gir_269.jpg,Gir,9
cattle\Krishna_Valley\Krishna_Valley_131.jpg,Krishna_Valley,25
cattle\Jaffrabadi\Jaffrabadi_20.png,Jaffrabadi,15
cattle\Himachali Pahari\image_300x168_44.jpg,Himachali Pahari,13
cattle\Kenkatha\image_120x90_67.jpg,Kenkatha,20
cattle\Kosali\image_168x300_3.jpg,Kosali,24
cattle\Rathi\00000115.jpg,Rathi,41
cattle\thutho\image_259x194_6 (2).jpg,thutho,65
cattle\Rathi\00000169.jpg,Rathi,41
cattle\malvi\image_270x186_1.jpg,malvi,60
cattle\ghumsari\image_259x194_9.jpg,ghumsari,58
cattle\Red kandhari\image_262x193_1.jpg,Red kandhari,42
cattle\Dangi\image_299x168_51.jpg,Dangi,7
cattle\motu\image_194x259_50.jpg,motu,61
cattle\Red kandhari\image_251x201_57.jpg,Red kandhari,42
cattle\Poda Thirupu\image_245x205_36.jpg,Poda Thirupu,37
cattle\Banni\00000013.jpeg,Banni,3
cattle\Mehsana\Mehsana_85.jpeg,Mehsana,29
cattle\Guernsey\Guernsey_91.jpg,Guernsey,10
cattle\malvi\image_263x191_37.jpg,malvi,60
cattle\Gir\Gir_140.jpg,Gir,9
cattle\thutho\image_299x168_39.jpg,thutho,65
cattle\Kenkatha\image_299x168_42.jpg,Kenkatha,20
cattle\bhelai\ezgif-frame-007.jpg,bhelai,54
cattle\Jersey\Jersey_138.jpg,Jersey,16
cattle\Lakhimi\image_194x259_44.jpg,Lakhimi,27
cattle\Holstein_Friesian\Holstein_Friesian_239.jpg,Holstein_Friesian,14
cattle\Mewati\image_259x194_6 (2).jpg,Mewati,30
cattle\Bargur\Bargur_54.png,Bargur,4
cattle\bhelai\ezgif-frame-067.jpg,bhelai,54
cattle\bhelai\ezgif-frame-144.jpg,bhelai,54
cattle\Pulikulam\Pulikulam_62.jpg,Pulikulam,38
cattle\Gir\Gir_284.jpg,Gir,9
cattle\kherigarh\image_275x183_5 (3).jpg,kherigarh,59
cattle\Alambadi\Alambadi_85.png,Alambadi,0
cattle\Punganur\Visually_searched_image (2).jpg,Punganur,39
cattle\Kenkatha\image_194x259_9.jpg,Kenkatha,20
cattle\Sahiwal\Sahiwal_246.jpg,Sahiwal,45
cattle\Umblachery\Umblachery_55.jpg,Umblachery,50
cattle\Red_Sindhi\Red_Sindhi_99.jpg,Red_Sindhi,44
cattle\thutho\image_259x194_20 (2).jpg,thutho,65
cattle\Sahiwal\Sahiwal_272.jpg,Sahiwal,45
cattle\ponwar\image_259x194_27 (3).jpg,ponwar,63
cattle\Sahiwal\Sahiwal_76.jpg,Sahiwal,45
cattle\Hariana\Hariana_25.png,Hariana,12
cattle\Konkan Kapila\image_225x224_3.jpg,Konkan Kapila,23
cattle\Hallikar\Hallikar_93.jpg,Hallikar,11
cattle\Murrah\Murrah_159.jpg,Murrah,31
cattle\Khillari\Khillari_99.jpg,Khillari,22
cattle\Brown_Swiss\Brown_Swiss_158.jpg,Brown_Swiss,6
cattle\Jaffrabadi\Jaffrabadi_3.png,Jaffrabadi,15
cattle\Khariar\image_300x168_3 (2).jpg,Khariar,21
cattle\Alambadi\Alambadi_43.png,Alambadi,0
cattle\Malnad_gidda\Screenshot (1136).png,Malnad_gidda,28
cattle\Red kandhari\image_288x175_58.jpg,Red kandhari,42
cattle\Sahiwal\Sahiwal_431.jpg,Sahiwal,45
cattle\Poda Thirupu\image_282x179_45.jpg,Poda Thirupu,37
cattle\Brown_Swiss\Brown_Swiss_190.jpg,Brown_Swiss,6
cattle\Jersey\Jersey_146.jpg,Jersey,16
cattle\Sahiwal\Sahiwal_108.jpg,Sahiwal,45
cattle\Malnad_gidda\Screenshot (1162).png,Malnad_gidda,28
cattle\Poda Thirupu\image_299x168_31.jpg,Poda Thirupu,37
cattle\Nari\image_275x183_62.jpg,Nari,33
cattle\Ladakhi\image_299x168_8.jpg,Ladakhi,26
cattle\Krishna_Valley\Krishna_Valley_71.jpg,Krishna_Valley,25
cattle\Gir\Gir_54.jpg,Gir,9
cattle\Malnad_gidda\00000038.jpg,Malnad_gidda,28
cattle\Kenkatha\image_168x300_13.jpg,Kenkatha,20
cattle\Shweta Kapila\image_225x225_49.jpg,Shweta Kapila,46
cattle\Mewati\image_265x190_49.jpg,Mewati,30
cattle\gangatari\image_246x205_44.jpg,gangatari,56
cattle\Kosali\image_149x339_1.jpg,Kosali,24
cattle\Ayrshire\Ayrshire_86.jpg,Ayrshire,2
cattle\Red kandhari\image_275x183_8.jpg,Red kandhari,42
cattle\Pulikulam\Pulikulam_63.png,Pulikulam,38
cattle\Bargur\Bargur_30.png,Bargur,4
cattle\Krishna_Valley\Krishna_Valley_15.jpg,Krishna_Valley,25
cattle\Sahiwal\Sahiwal_164.jpg,Sahiwal,45
cattle\Tharparkar\Tharparkar_82.jpg,Tharparkar,48
cattle\Holstein_Friesian\Holstein_Friesian_25.jpg,Holstein_Friesian,14
cattle\Holstein_Friesian\Holstein_Friesian_222.jpg,Holstein_Friesian,14
cattle\gangatari\Screenshot 2025-09-24 191423.png,gangatari,56
cattle\Himachali Pahari\image_194x259_2.jpg,Himachali Pahari,13
cattle\Ayrshire\Ayrshire_171.jpg,Ayrshire,2
cattle\Krishna_Valley\Krishna_Valley_30.jpg,Krishna_Valley,25
cattle\Mehsana\Mehsana_58.jpg,Mehsana,29
cattle\Shweta Kapila\image_225x225_37.jpg,Shweta Kapila,46
cattle\Toda\Toda_76.jpg,Toda,49
cattle\Nagpuri\Nagpuri_100.jpg,Nagpuri,32
cattle\Kankrej\Kankrej_67.png,Kankrej,18
cattle\Kosali\image_150x133_1.jpg,Kosali,24
cattle\Gir\Gir_7.jPG,Gir,9
cattle\dagri\image_259x194_10.jpg,dagri,55
cattle\Gir\Gir_191.jpg,Gir,9
cattle\Hariana\Hariana_7.png,Hariana,12
cattle\Surti\Surti_8.png,Surti,47
cattle\Brown_Swiss\Brown_Swiss_176.jpg,Brown_Swiss,6
cattle\Malnad_gidda\00000197.jpg,Malnad_gidda,28
cattle\Himachali Pahari\image_225x225_3.jpg,Himachali Pahari,13
cattle\Deoni\Deoni_41.png,Deoni,8
cattle\Mewati\image_187x269_42.jpg,Mewati,30
cattle\Nari\image_184x273_59.jpg,Nari,33
cattle\Brown_Swiss\Brown_Swiss_66.jpg,Brown_Swiss,6
cattle\Hariana\Hariana_104.png,Hariana,12
cattle\Himachali Pahari\image_225x225_38.jpg,Himachali Pahari,13
cattle\Dangi\Visually_searched_image (2).jpg,Dangi,7
cattle\Dangi\image_200x134_67.jpg,Dangi,7
cattle\Poda Thirupu\image_299x168_11.jpg,Poda Thirupu,37
cattle\Konkan Kapila\image_259x194_10.jpg,Konkan Kapila,23
cattle\Umblachery\image_300x168_40.jpg,Umblachery,50
cattle\Kankrej\Kankrej_92.jpg,Kankrej,18
cattle\Lakhimi\image_168x300_49.jpg,Lakhimi,27
cattle\Himachali Pahari\image_299x168_4.jpg,Himachali Pahari,13
cattle\Brown_Swiss\Brown_Swiss_78.jpg,Brown_Swiss,6
cattle\Purnea\image_272x185_67.jpg,Purnea,40
cattle\Sahiwal\Sahiwal_131.png,Sahiwal,45
cattle\Nari\image_194x259_54.jpg,Nari,33
cattle\Himachali Pahari\Portrait_of_Yak_Black_Himalayan_Ox_.jpg,Himachali Pahari,13
cattle\nagori\image_225x225_41.jpg,nagori,62
cattle\siri\Visually_searched_image (4).jpg,siri,64
cattle\Malnad_gidda\00000010.jpg,Malnad_gidda,28
cattle\Hariana\Hariana_55.jpg,Hariana,12
cattle\Gir\Gir_300.jpg,Gir,9
cattle\Malnad_gidda\Screenshot (1161).png,Malnad_gidda,28
cattle\Gir\Gir_267.jpg,Gir,9
cattle\Tharparkar\Tharparkar_57.jpg,Tharparkar,48
cattle\Tharparkar\Tharparkar_76.png,Tharparkar,48
cattle\motu\image_259x194_26 (2).jpg,motu,61
cattle\gaolao\0209.jpg,gaolao,57
cattle\Murrah\Murrah_27.jpg,Murrah,31
cattle\Mewati\image_259x194_31.jpg,Mewati,30
cattle\Guernsey\Guernsey_35.jpg,Guernsey,10
cattle\siri\image_266x190_2.jpg,siri,64
cattle\bachaur\Panchagavya_Fertilizer_Plants_Growth_.jpg,bachaur,52
cattle\Red_Dane\Red_Dane_90.jpg,Red_Dane,43
cattle\thutho\image_311x162_60.jpg,thutho,65
cattle\Guernsey\Guernsey_66.jpg,Guernsey,10
cattle\Punganur\Punganur_Cow_ (1).jpg,Punganur,39
cattle\Toda\Toda_4.jpg,Toda,49
cattle\Kangayam\Kangayam_62.jpg,Kangayam,17
cattle\Dangi\image_168x300_42.jpg,Dangi,7
cattle\Holstein_Friesian\Holstein_Friesian_297.jpg,Holstein_Friesian,14
cattle\Umblachery\image_259x194_8 (3).jpg,Umblachery,50
cattle\Shweta Kapila\image_267x189_26.jpg,Shweta Kapila,46
cattle\Red kandhari\image_300x168_40.jpg,Red kandhari,42
cattle\bhelai\ezgif-frame-129.jpg,bhelai,54
cattle\Shweta Kapila\image_259x194_36.jpg,Shweta Kapila,46
cattle\Umblachery\Umblachery_75.png,Umblachery,50
cattle\Amritmahal\Amritmahal_16.jpg,Amritmahal,1
cattle\Bargur\Bargur_51.png,Bargur,4
cattle\Mewati\image_259x194_18 (3).jpg,Mewati,30
cattle\Shweta Kapila\image_242x208_53.jpg,Shweta Kapila,46
cattle\nagori\image_168x300_3 (2).jpg,nagori,62
cattle\Vechur\00000049.jpg,Vechur,51
cattle\Dangi\00000173.jpg,Dangi,7
cattle\Kangayam\Kangayam_1.JPG,Kangayam,17
cattle\Punganur\Punganur_Cow_ (2).jpg,Punganur,39
cattle\Bhadawari\Bhadawari_17.jpg,Bhadawari,5
cattle\Umblachery\Umblachery_1.JPG,Umblachery,50
cattle\Holstein_Friesian\Holstein_Friesian_224.jpg,Holstein_Friesian,14
cattle\Sahiwal\Sahiwal_360.png,Sahiwal,45
cattle\Malnad_gidda\00000026.jpg,Malnad_gidda,28
cattle\gaolao\Care_for_Cows.jpg,gaolao,57
cattle\thutho\image_316x160_54.jpg,thutho,65
cattle\Sahiwal\Sahiwal_190.jpg,Sahiwal,45
cattle\bachaur\image_275x183_7.jpg,bachaur,52
cattle\bachaur\image_259x194_41.jpg,bachaur,52
cattle\Konkan Kapila\image_259x194_2.jpg,Konkan Kapila,23
cattle\Sahiwal\Sahiwal_263.jpg,Sahiwal,45
cattle\Vechur\00000292.jpg,Vechur,51
cattle\Sahiwal\Sahiwal_227.jpg,Sahiwal,45
cattle\Nari\image_259x194_38 (2).jpg,Nari,33
cattle\Poda Thirupu\image_168x300_10.jpg,Poda Thirupu,37
cattle\Kankrej\Kankrej_99.jpeg,Kankrej,18
cattle\Holstein_Friesian\Holstein_Friesian_221.jpg,Holstein_Friesian,14
cattle\Pulikulam\Pulikulam_24.png,Pulikulam,38
cattle\Jaffrabadi\Jaffrabadi_82.jpg,Jaffrabadi,15
cattle\Dangi\image_299x168_30.jpg,Dangi,7
cattle\Deoni\Deoni_62.png,Deoni,8
cattle\Vechur\Screenshot (260).png,Vechur,51
cattle\Himachali Pahari\image_259x194_10 (2).jpg,Himachali Pahari,13
cattle\Vechur\Screenshot (273).png,Vechur,51
cattle\Mewati\image_300x168_38.jpg,Mewati,30
cattle\Poda Thirupu\image_305x165_40.jpg,Poda Thirupu,37
cattle\Ongole\Ongole_191.jpg,Ongole,36
cattle\Brown_Swiss\Brown_Swiss_10.jpg,Brown_Swiss,6
cattle\Vechur\00000063.jpg,Vechur,51
cattle\Umblachery\Umblachery_31.png,Umblachery,50
cattle\Shweta Kapila\image_263x192_15.jpg,Shweta Kapila,46
cattle\Red_Sindhi\Red_Sindhi_84.jpg,Red_Sindhi,44
cattle\Nagpuri\Nagpuri_161.jpg,Nagpuri,32
cattle\Shweta Kapila\image_150x150_53.jpg,Shweta Kapila,46
cattle\Umblachery\Umblachery_76.jpeg,Umblachery,50
cattle\Mewati\image_300x168_51.jpg,Mewati,30
cattle\Hallikar\Hallikar_150.jpg,Hallikar,11
cattle\Khillari\Khillari_34.jpg,Khillari,22
cattle\Jaffrabadi\Jaffrabadi_15.png,Jaffrabadi,15
cattle\Red_Dane\Red_Dane_101.jpg,Red_Dane,43
cattle\Holstein_Friesian\Holstein_Friesian_328.jpg,Holstein_Friesian,14
cattle\Umblachery\image_259x194_22 (2).jpg,Umblachery,50
cattle\Murrah\Murrah_177.jpg,Murrah,31
cattle\Purnea\image_267x189_33.jpg,Purnea,40
cattle\Guernsey\Guernsey_90.jpg,Guernsey,10
cattle\Umblachery\image_259x194_19 (3).jpg,Umblachery,50
cattle\Poda Thirupu\image_331x152_53.jpg,Poda Thirupu,37
cattle\Ayrshire\Ayrshire_43.jpg,Ayrshire,2
cattle\Hallikar\Hallikar_54.png,Hallikar,11
cattle\Shweta Kapila\Visually_searched_image (5).jpg,Shweta Kapila,46
cattle\Purnea\Visually_searched_image (2).jpg,Purnea,40
cattle\Mewati\image_300x168_33.jpg,Mewati,30
cattle\siri\image_205x164_28.jpg,siri,64
cattle\Gir\Gir_338.jpeg,Gir,9
cattle\Nagpuri\Nagpuri_138.png,Nagpuri,32
cattle\Nili_Ravi\Nili_Ravi_48.jpg,Nili_Ravi,34
cattle\Holstein_Friesian\Holstein_Friesian_188.jpg,Holstein_Friesian,14
cattle\ponwar\image_300x168_49.jpg,ponwar,63
cattle\ghumsari\image_259x194_36.jpg,ghumsari,58
cattle\Murrah\Murrah_20.jpg,Murrah,31
cattle\Holstein_Friesian\Holstein_Friesian_114.jpg,Holstein_Friesian,14
cattle\Nagpuri\Nagpuri_40.jpg,Nagpuri,32
cattle\Red_Dane\Red_Dane_71.jpg,Red_Dane,43
cattle\Himachali Pahari\image_259x194_14.jpg,Himachali Pahari,13
cattle\Hallikar\Hallikar_39.png,Hallikar,11
cattle\Rathi\00000012.jpg,Rathi,41
cattle\Mewati\image_259x194_7 (2).jpg,Mewati,30
cattle\Alambadi\Alambadi_49.jpg,Alambadi,0
cattle\Bhadawari\Bhadawari_64.jpg,Bhadawari,5
cattle\Toda\Toda_22.jpg,Toda,49
cattle\Amritmahal\image_259x194_34.jpg,Amritmahal,1
cattle\Red kandhari\image_280x180_33.jpg,Red kandhari,42
cattle\ghumsari\image_168x299_13.jpg,ghumsari,58
cattle\Bargur\Bargur_17.png,Bargur,4
cattle\Nagpuri\Nagpuri_114.png,Nagpuri,32
cattle\Kenkatha\image_331x152_53.jpg,Kenkatha,20
cattle\Nari\image_225x225_29.jpg,Nari,33
cattle\bhelai\Screenshot 2025-09-24 183121.png,bhelai,54
cattle\malvi\image_201x251_53.jpg,malvi,60
cattle\ponwar\image_172x293_64.jpg,ponwar,63
cattle\siri\image_222x122_57.jpg,siri,64
cattle\Jersey\Jersey_7.jpg,Jersey,16
cattle\Tharparkar\Tharparkar_158.png,Tharparkar,48
cattle\thutho\image_299x168_55.jpg,thutho,65
cattle\Red_Sindhi\Red_Sindhi_129.jpg,Red_Sindhi,44
cattle\ponwar\image_255x197_34.jpg,ponwar,63
cattle\Kenkatha\image_194x259_7.jpg,Kenkatha,20
cattle\Surti\Surti_11.jpg,Surti,47
cattle\Nagpuri\Nagpuri_80.jpeg,Nagpuri,32
cattle\Kankrej\Kankrej_12.jpg,Kankrej,18
cattle\Sahiwal\Sahiwal_178.png,Sahiwal,45
cattle\Holstein_Friesian\Holstein_Friesian_296.jpg,Holstein_Friesian,14
cattle\Purnea\image_259x194_44.jpg,Purnea,40
cattle\Shweta Kapila\image_225x225_41.jpg,Shweta Kapila,46
cattle\bachaur\image_323x156_71.jpg,bachaur,52
cattle\Kasargod\00000330.jpg,Kasargod,19
cattle\Tharparkar\Tharparkar_25.jpg,Tharparkar,48
cattle\Deoni\Deoni_91.jpg,Deoni,8
cattle\Shweta Kapila\image_168x300_56.jpg,Shweta Kapila,46
cattle\kherigarh\image_168x299_1.jpg,kherigarh,59
cattle\Shweta Kapila\image_200x150_55.jpg,Shweta Kapila,46
cattle\malvi\image_239x211_62 (2).jpg,malvi,60
cattle\Kenkatha\image_194x259_61.jpg,Kenkatha,20
cattle\nagori\image_239x211_44.jpg,nagori,62
cattle\Umblachery\Umblachery_21.png,Umblachery,50
cattle\Purnea\image_300x168_52.jpg,Purnea,40
cattle\Kosali\image_194x259_11.jpg,Kosali,24
cattle\Banni\00000226.jpg,Banni,3
cattle\Jersey\Jersey_164.jpg,Jersey,16
cattle\Jaffrabadi\Jaffrabadi_42.png,Jaffrabadi,15
cattle\Lakhimi\image_194x259_42 (2).jpg,Lakhimi,27
cattle\Red_Dane\Red_Dane_147.jpg,Red_Dane,43
cattle\Umblachery\image_168x300_34.jpg,Umblachery,50
cattle\Ayrshire\Ayrshire_187.jpg,Ayrshire,2
cattle\Jersey\Jersey_136.jpg,Jersey,16
cattle\gaolao\Ongole_108.png,gaolao,57
cattle\Bargur\Bargur_70.png,Bargur,4
cattle\Himachali Pahari\image_290x174_41.jpg,Himachali Pahari,13
cattle\Deoni\Deoni_26.png,Deoni,8
cattle\Mewati\image_168x300_5.jpg,Mewati,30
cattle\Hariana\Hariana_64.jpeg,Hariana,12
cattle\Brown_Swiss\Brown_Swiss_219.jpg,Brown_Swiss,6
cattle\Alambadi\Alambadi_55.jpg,Alambadi,0
cattle\Red_Dane\Red_Dane_134.jpg,Red_Dane,43
cattle\Himachali Pahari\image_299x168_47.jpg,Himachali Pahari,13
cattle\Himachali Pahari\63_Himachali_pahari_BREED_OF_COW_breed.jpg,Himachali Pahari,13
cattle\Lakhimi\image_168x300_12.jpg,Lakhimi,27
cattle\Ongole\Ongole_188.jpg,Ongole,36
cattle\Ayrshire\Ayrshire_13.jpg,Ayrshire,2
cattle\Himachali Pahari\image_259x194_6.jpg,Himachali Pahari,13
cattle\Hallikar\Hallikar_36.png,Hallikar,11
cattle\gangatari\image_259x194_23.jpg,gangatari,56
cattle\gaolao\Ongole_76.png,gaolao,57
cattle\Gir\Gir_111.png,Gir,9
cattle\gaolao\0264.jpg,gaolao,57
cattle\Khariar\Visually_searched_image.jpg,Khariar,21
cattle\thutho\image_300x168_33.jpg,thutho,65
cattle\ponwar\image_275x183_46.jpg,ponwar,63
cattle\Gir\Gir_333.jpg,Gir,9
cattle\Kangayam\Kangayam_86.png,Kangayam,17
cattle\Brown_Swiss\Brown_Swiss_215.jpg,Brown_Swiss,6
cattle\Jersey\Jersey_38.jpg,Jersey,16
cattle\Red_Dane\Red_Dane_27.jpg,Red_Dane,43
cattle\Nari\image_193x190_63.jpg,Nari,33
cattle\Nimari\Screenshot (1036).png,Nimari,35
cattle\nagori\image_195x259_32.jpg,nagori,62
cattle\Ayrshire\Ayrshire_169.jpg,Ayrshire,2
cattle\Gir\Gir_85.jpg,Gir,9
cattle\Nagpuri\Nagpuri_54.png,Nagpuri,32
cattle\Jersey\Jersey_106.jpg,Jersey,16
cattle\Sahiwal\Sahiwal_213.png,Sahiwal,45
cattle\Brown_Swiss\Brown_Swiss_126.jpg,Brown_Swiss,6
cattle\Ayrshire\Ayrshire_112.jpg,Ayrshire,2
cattle\Kenkatha\image_225x225_29.jpg,Kenkatha,20
cattle\Sahiwal\Sahiwal_207.jpg,Sahiwal,45
cattle\Brown_Swiss\Brown_Swiss_100.jpg,Brown_Swiss,6
cattle\Holstein_Friesian\Holstein_Friesian_98.jpg,Holstein_Friesian,14
cattle\siri\image_259x194_52.jpg,siri,64
cattle\Brown_Swiss\Brown_Swiss_7.jpg,Brown_Swiss,6
cattle\Holstein_Friesian\Holstein_Friesian_210.jpg,Holstein_Friesian,14
cattle\Kankrej\Kankrej_167.jpg,Kankrej,18
cattle\Holstein_Friesian\Holstein_Friesian_17.jpg,Holstein_Friesian,14
cattle\Alambadi\Alambadi_94.png,Alambadi,0
cattle\Amritmahal\Amritmahal_15.png,Amritmahal,1
cattle\bhelai\A_Unique_Crossbreed_for_Beef_Production.jpg,bhelai,54
cattle\Guernsey\Guernsey_60.jpg,Guernsey,10
cattle\Red_Sindhi\Red_Sindhi_117.jpg,Red_Sindhi,44
cattle\Alambadi\Alambadi_67.jpg,Alambadi,0
cattle\Dangi\00000041.jpg,Dangi,7
cattle\Jersey\Jersey_11.jpg,Jersey,16
cattle\Red_Dane\Red_Dane_5.jpg,Red_Dane,43
cattle\Jersey\Jersey_68.jpg,Jersey,16
cattle\Ladakhi\image_259x194_11.jpg,Ladakhi,26
cattle\Malnad_gidda\Screenshot (1151).png,Malnad_gidda,28
cattle\Jersey\Jersey_182.jpg,Jersey,16
cattle\Khillari\Khillari_51.jpg,Khillari,22
cattle\Jersey\Jersey_129.jpg,Jersey,16
cattle\Kangayam\Kangayam_64.jpg,Kangayam,17
cattle\Punganur\Punganur_-_Tulasi_Vanam.jpg,Punganur,39
cattle\Nari\image_275x184_48.jpg,Nari,33
cattle\Pulikulam\Pulikulam_107.jpg,Pulikulam,38
cattle\Khillari\Khillari_109.png,Khillari,22
cattle\Ladakhi\image_193x262_1.jpg,Ladakhi,26
cattle\Gir\Gir_212.jpg,Gir,9
cattle\Tharparkar\Tharparkar_12.jpg,Tharparkar,48
cattle\ponwar\image_254x198_16.jpg,ponwar,63
cattle\Umblachery\image_275x183_36.jpg,Umblachery,50
cattle\Gir\Gir_224.jpg,Gir,9
cattle\Himachali Pahari\image_259x194_12.jpg,Himachali Pahari,13
cattle\Krishna_Valley\Krishna_Valley_31.jpg,Krishna_Valley,25
cattle\Poda Thirupu\Visually_searched_image (2).jpg,Poda Thirupu,37
cattle\gangatari\image_299x168_43.jpg,gangatari,56
cattle\malvi\image_275x183_54.jpg,malvi,60
cattle\thutho\image_194x259_53.jpg,thutho,65
cattle\Gir\Gir_37.jpg,Gir,9
cattle\Krishna_Valley\Krishna_Valley_41.jpg,Krishna_Valley,25
cattle\Brown_Swiss\Brown_Swiss_82.jpg,Brown_Swiss,6
cattle\Lakhimi\image_168x300_17.jpg,Lakhimi,27
cattle\Khariar\image_259x194_11.jpg,Khariar,21
cattle\bachaur\image_344x146_72.jpg,bachaur,52
cattle\Umblachery\Umblachery_35.png,Umblachery,50
cattle\Mewati\image_151x333_51.jpg,Mewati,30
cattle\Nagpuri\Nagpuri_167.png,Nagpuri,32
cattle\Brown_Swiss\Brown_Swiss_115.jpg,Brown_Swiss,6
cattle\malvi\image_225x225_47.jpg,malvi,60
cattle\Banni\00000131.JPG,Banni,3
cattle\Amritmahal\Amritmahal_77.jpg,Amritmahal,1
cattle\bachaur\image_225x225_6.jpg,bachaur,52
cattle\Guernsey\Guernsey_70.jpg,Guernsey,10
cattle\Shweta Kapila\image_259x194_16.jpg,Shweta Kapila,46
cattle\Gir\Gir_30.jpg,Gir,9
cattle\nagori\image_245x206_43.jpg,nagori,62
cattle\ghumsari\Ongole_161.jpg,ghumsari,58
cattle\Kosali\image_194x259_5.jpeg,Kosali,24
cattle\Punganur\image_286x173_43.jpg,Punganur,39
cattle\Rathi\00000027.jpg,Rathi,41
cattle\siri\image_335x150_55.jpg,siri,64
cattle\Brown_Swiss\Brown_Swiss_83.jpg,Brown_Swiss,6
cattle\Khariar\image_225x225_6 (2).jpg,Khariar,21
cattle\Jersey\Jersey_55.jpg,Jersey,16
cattle\Khillari\Khillari_116.png,Khillari,22
cattle\Khariar\image_256x197_3.jpg,Khariar,21
cattle\Umblachery\image_259x194_16.jpg,Umblachery,50
cattle\Gir\Gir_69.jpg,Gir,9
cattle\Mehsana\Mehsana_9.png,Mehsana,29
cattle\Ayrshire\Ayrshire_148.jpg,Ayrshire,2
cattle\Ayrshire\Ayrshire_18.jpg,Ayrshire,2
cattle\Vechur\00000047.jpeg,Vechur,51
cattle\Jersey\Jersey_94.jpg,Jersey,16
cattle\Nagpuri\Nagpuri_141.jpg,Nagpuri,32
cattle\Sahiwal\Sahiwal_379.png,Sahiwal,45
cattle\Pulikulam\Pulikulam_91.jpg,Pulikulam,38
cattle\badri\SINGLE_BREED_VEDIC_A2_GHEE_BADRI_COW_ (1).jpg,badri,53
cattle\Toda\Toda_71.jpg,Toda,49
cattle\bhelai\ezgif-frame-045.jpg,bhelai,54
cattle\Poda Thirupu\image_259x194_20.jpg,Poda Thirupu,37
cattle\Mewati\image_211x239_47.jpg,Mewati,30
cattle\Pulikulam\Pulikulam_46.jpg,Pulikulam,38
cattle\Holstein_Friesian\Holstein_Friesian_315.jpg,Holstein_Friesian,14
cattle\Brown_Swiss\Brown_Swiss_84.jpg,Brown_Swiss,6
cattle\Sahiwal\Sahiwal_123.jpg,Sahiwal,45
cattle\Hallikar\Hallikar_91.png,Hallikar,11
cattle\gangatari\ENTRY_BIGGEST_GANGATIRI_COW_OF_RD_DAIRY_.jpg,gangatari,56
cattle\Gir\Gir_148.jpg,Gir,9
cattle\Ayrshire\Ayrshire_78.jpg,Ayrshire,2
cattle\Ongole\Ongole_50.png,Ongole,36
cattle\Malnad_gidda\00000056.jpg,Malnad_gidda,28
cattle\kherigarh\image_256x197_3.jpg,kherigarh,59
cattle\Bhadawari\Bhadawari_6.jpg,Bhadawari,5
cattle\bachaur\image_213x213_16.jpg,bachaur,52
cattle\Sahiwal\Sahiwal_133.jpg,Sahiwal,45
cattle\nagori\image_259x194_23.jpg,nagori,62
cattle\Brown_Swiss\Brown_Swiss_132.jpg,Brown_Swiss,6
cattle\Red_Sindhi\Red_Sindhi_46.jpg,Red_Sindhi,44
cattle\Kenkatha\image_202x250_48.jpg,Kenkatha,20
cattle\gaolao\image_83x46_1.jpg,gaolao,57
cattle\motu\image_296x170_47.jpg,motu,61
cattle\ghumsari\image_168x300_1.jpg,ghumsari,58
cattle\Kasargod\00000382.jpg,Kasargod,19
cattle\ghumsari\image_168x300_7 (3).jpg,ghumsari,58
cattle\bachaur\Visually_searched_image.jpg,bachaur,52
cattle\Kenkatha\image_259x194_44.jpg,Kenkatha,20
cattle\ghumsari\image_264x191_3.jpg,ghumsari,58
cattle\Murrah\Murrah_79.jpg,Murrah,31
cattle\Umblachery\Umblachery_58.jpg,Umblachery,50
cattle\dagri\image_263x192_1.jpg,dagri,55
cattle\Lakhimi\image_259x194_6 (2).jpg,Lakhimi,27
cattle\Amritmahal\Amritmahal_89.jpg,Amritmahal,1
cattle\siri\image_194x259_54.jpg,siri,64
cattle\bhelai\ezgif-frame-081.jpg,bhelai,54
cattle\bhelai\ezgif-frame-072.jpg,bhelai,54
cattle\Pulikulam\Pulikulam_86.jpg,Pulikulam,38
cattle\Holstein_Friesian\Holstein_Friesian_47.jpg,Holstein_Friesian,14
cattle\Ayrshire\Ayrshire_118.jpg,Ayrshire,2
cattle\Purnea\image_275x183_43.jpg,Purnea,40
cattle\Rathi\Screenshot (979).png,Rathi,41
cattle\nagori\image_259x194_17.jpg,nagori,62
cattle\kherigarh\image_225x225_5.jpg,kherigarh,59
cattle\bachaur\image_276x182_11.jpg,bachaur,52
cattle\Ongole\Ongole_82.png,Ongole,36
cattle\Bargur\Bargur_40.png,Bargur,4
cattle\Vechur\00000046.jpg,Vechur,51
cattle\Guernsey\Guernsey_81.jpg,Guernsey,10
cattle\Pulikulam\Pulikulam_3.JPG,Pulikulam,38
cattle\bhelai\belahi_cow_breed_desicowbreed_desicow_.jpg,bhelai,54
cattle\gangatari\image_225x225_40.jpg,gangatari,56
cattle\Poda Thirupu\image_259x194_11 (2).jpg,Poda Thirupu,37
cattle\Umblachery\Umblachery_64.jpg,Umblachery,50
cattle\Lakhimi\image_168x300_6.jpg,Lakhimi,27
cattle\Banni\00000119.jpg,Banni,3
cattle\Khariar\image_259x194_4.jpg,Khariar,21
cattle\Murrah\Murrah_69.jpg,Murrah,31
cattle\Sahiwal\Sahiwal_287.jpg,Sahiwal,45
cattle\Ongole\Ongole_4.png,Ongole,36
cattle\Holstein_Friesian\Holstein_Friesian_267.jpg,Holstein_Friesian,14
cattle\gaolao\Ongole_169.jpg,gaolao,57
cattle\Mewati\image_187x269_44.jpg,Mewati,30
cattle\Jersey\Jersey_39.jpg,Jersey,16
cattle\siri\image_259x194_7.jpg,siri,64
cattle\Vechur\00000021.jpg,Vechur,51
cattle\Tharparkar\Tharparkar_49.jpg,Tharparkar,48
cattle\Red_Sindhi\Red_Sindhi_96.jpg,Red_Sindhi,44
cattle\Deoni\Deoni_29.jpg,Deoni,8
cattle\Murrah\Murrah_31.jpeg,Murrah,31
cattle\Poda Thirupu\image_150x335_55.jpg,Poda Thirupu,37
cattle\Kenkatha\image_259x194_20 (3).jpg,Kenkatha,20
cattle\Purnea\image_259x194_14.jpg,Purnea,40
cattle\Jersey\Jersey_173.jpg,Jersey,16
cattle\Himachali Pahari\image_242x209_57.jpg,Himachali Pahari,13
cattle\Ayrshire\Ayrshire_30.jpg,Ayrshire,2
cattle\Khillari\Khillari_96.jpg,Khillari,22
cattle\Vechur\Screenshot (286).png,Vechur,51
cattle\nagori\image_259x194_32 (2).jpg,nagori,62
cattle\bachaur\image_275x183_6.jpg,bachaur,52
cattle\Kasargod\00000122.jpg,Kasargod,19
cattle\Sahiwal\Sahiwal_355.jpg,Sahiwal,45
cattle\Lakhimi\image_194x259_27.jpg,Lakhimi,27
cattle\Holstein_Friesian\Holstein_Friesian_96.jpg,Holstein_Friesian,14
cattle\badri\Badri_Cow_Long_Horns_Tethered_By_Stock_ (2).jpg,badri,53
cattle\Nagpuri\Nagpuri_95.jpg,Nagpuri,32
cattle\Purnea\image_168x300_55 (2).jpg,Purnea,40
cattle\Nagpuri\Nagpuri_189.jpg,Nagpuri,32
cattle\Mewati\image_260x194_19.jpg,Mewati,30
cattle\Toda\Toda_57.jpg,Toda,49
cattle\thutho\image_259x194_19.jpg,thutho,65
cattle\Umblachery\image_259x194_15 (3).jpg,Umblachery,50
cattle\Khariar\image_274x184_2.jpg,Khariar,21
cattle\malvi\image_246x205_35.jpg,malvi,60
cattle\Nili_Ravi\Nili_Ravi_24.jpg,Nili_Ravi,34
cattle\bachaur\image_256x197_3.jpg,bachaur,52
cattle\Amritmahal\Amritmahal_73.jpg,Amritmahal,1
cattle\Kenkatha\image_168x300_51.jpg,Kenkatha,20
cattle\Guernsey\Guernsey_74.jpg,Guernsey,10
cattle\Kangayam\image_225x225_3.jpg,Kangayam,17
cattle\Kangayam\Kangayam_63.jpg,Kangayam,17
cattle\Deoni\Deoni_40.jpg,Deoni,8
cattle\Mewati\image_194x259_31.jpg,Mewati,30
cattle\Ayrshire\Ayrshire_140.jpg,Ayrshire,2
cattle\Brown_Swiss\Brown_Swiss_5.jpg,Brown_Swiss,6
cattle\Red_Sindhi\Red_Sindhi_18.jpg,Red_Sindhi,44
cattle\Red_Dane\Red_Dane_65.jpg,Red_Dane,43
cattle\Amritmahal\image_259x194_42.jpg,Amritmahal,1
cattle\Red_Dane\Red_Dane_104.jpg,Red_Dane,43
cattle\bachaur\image_260x194_2.jpg,bachaur,52
cattle\Pulikulam\Pulikulam_100.jpg,Pulikulam,38
cattle\Bargur\Bargur_79.jpg,Bargur,4
cattle\Jaffrabadi\Jaffrabadi_39.png,Jaffrabadi,15
cattle\Shweta Kapila\image_269x187_62.jpg,Shweta Kapila,46
cattle\Mewati\image_284x177_57.jpg,Mewati,30
cattle\Kangayam\image_174x290_36.jpg,Kangayam,17
cattle\siri\image_205x161_34.jpg,siri,64
cattle\motu\image_225x225_63.jpg,motu,61
cattle\Sahiwal\Sahiwal_281.jpg,Sahiwal,45
cattle\siri\image_303x166_62.jpg,siri,64
cattle\Tharparkar\Tharparkar_214.jpg,Tharparkar,48
cattle\Kosali\image_194x259_8 (2).jpg,Kosali,24
cattle\Bhadawari\Bhadawari_4.jpg,Bhadawari,5
cattle\Khariar\image_266x190_3.jpg,Khariar,21
cattle\nagori\image_240x210_45.jpg,nagori,62
cattle\Red kandhari\image_223x226_20.jpg,Red kandhari,42
cattle\kherigarh\image_266x190_3.jpg,kherigarh,59
cattle\Kankrej\Kankrej_76.png,Kankrej,18
cattle\Rathi\Screenshot (965).png,Rathi,41
cattle\Lakhimi\image_194x259_45.jpg,Lakhimi,27
cattle\Holstein_Friesian\Holstein_Friesian_257.jpg,Holstein_Friesian,14
cattle\Himachali Pahari\Maavi_wanderer_chail_TINY_off_.jpg,Himachali Pahari,13
cattle\Kasargod\00000230.jpg,Kasargod,19
cattle\Sahiwal\Sahiwal_430.jpg,Sahiwal,45
cattle\Banni\00000147.jpg,Banni,3
cattle\Ladakhi\image_259x195_2.jpg,Ladakhi,26
cattle\dagri\Visually_searched_image (2).jpg,dagri,55
cattle\Umblachery\image_194x259_43.jpg,Umblachery,50
cattle\Dangi\image_259x194_18.jpg,Dangi,7
cattle\motu\image_259x194_17 (2).jpg,motu,61
cattle\Banni\00000042.jpg,Banni,3
cattle\Nari\image_174x289_42.jpg,Nari,33
cattle\Khariar\image_259x194_32.jpg,Khariar,21
cattle\Murrah\Murrah_166.jpg,Murrah,31
cattle\motu\image_299x168_37.jpg,motu,61
cattle\Dangi\00000171.jpg,Dangi,7
cattle\Nari\image_168x300_36.jpg,Nari,33
cattle\Murrah\Murrah_66.jpg,Murrah,31
cattle\Krishna_Valley\Krishna_Valley_109.jpg,Krishna_Valley,25
cattle\Tharparkar\Tharparkar_84.jpg,Tharparkar,48
cattle\Amritmahal\Amritmahal_78.jpg,Amritmahal,1
cattle\Shweta Kapila\image_120x84_65.jpg,Shweta Kapila,46
cattle\gangatari\Cow_breeds_of_India.jpg,gangatari,56
cattle\Poda Thirupu\image_225x225_33.jpg,Poda Thirupu,37
cattle\Red_Dane\Red_Dane_59.jpg,Red_Dane,43
cattle\Jaffrabadi\Jaffrabadi_45.jpg,Jaffrabadi,15
cattle\Mewati\image_259x194_5.jpg,Mewati,30
cattle\Nari\image_201x251_14.jpg,Nari,33
cattle\Punganur\image_168x300_14.jpg,Punganur,39
cattle\Nari\image_211x239_63.jpg,Nari,33
cattle\Shweta Kapila\image_225x225_50.jpg,Shweta Kapila,46
cattle\Mewati\image_259x194_9 (3).jpg,Mewati,30
cattle\Bhadawari\Bhadawari_82.jpg,Bhadawari,5
cattle\Poda Thirupu\image_226x223_47.jpg,Poda Thirupu,37
cattle\Red_Dane\Red_Dane_116.jpg,Red_Dane,43
cattle\Dangi\image_259x194_17.jpg,Dangi,7
cattle\Red_Dane\Red_Dane_113.jpg,Red_Dane,43
cattle\thutho\image_259x194_13 (3).jpg,thutho,65
cattle\motu\image_259x194_24 (2).jpg,motu,61
cattle\Rathi\00000380.jpeg,Rathi,41
cattle\siri\image_202x250_53.jpg,siri,64
cattle\Red kandhari\image_266x190_1.jpg,Red kandhari,42
cattle\Gir\Gir_15.png,Gir,9
cattle\Gir\Gir_120.jpg,Gir,9
cattle\Tharparkar\Tharparkar_103.png,Tharparkar,48
cattle\Brown_Swiss\Brown_Swiss_33.jpg,Brown_Swiss,6
cattle\Gir\Gir_344.png,Gir,9
cattle\Deoni\Deoni_88.png,Deoni,8
cattle\Hariana\Hariana_77.jpg,Hariana,12
cattle\Ongole\Ongole_74.png,Ongole,36
cattle\Pulikulam\Pulikulam_17.png,Pulikulam,38
cattle\bachaur\image_250x201_6.jpg,bachaur,52
cattle\Umblachery\Umblachery_42.png,Umblachery,50
cattle\ghumsari\image_225x225_42.jpg,ghumsari,58
cattle\Murrah\Murrah_76.jpg,Murrah,31
cattle\nagori\image_225x225_41 (2).jpg,nagori,62
cattle\Sahiwal\Sahiwal_194.jpg,Sahiwal,45
cattle\Kasargod\00000193.jpg,Kasargod,19
cattle\bhelai\ezgif-frame-100.jpg,bhelai,54
cattle\ghumsari\image_259x194_32.jpg,ghumsari,58
cattle\Lakhimi\image_259x194_5 (2).jpg,Lakhimi,27
cattle\Jersey\Jersey_119.jpg,Jersey,16
cattle\thutho\image_275x183_49.jpg,thutho,65
cattle\Vechur\00000325.jpg,Vechur,51
cattle\Banni\00000230.jpg,Banni,3
cattle\Hallikar\Hallikar_34.png,Hallikar,11
cattle\Mehsana\Mehsana_49.png,Mehsana,29
cattle\Sahiwal\Sahiwal_205.jpg,Sahiwal,45
cattle\Vechur\00000035.jpg,Vechur,51
cattle\Deoni\Deoni_47.jpg,Deoni,8
cattle\Mewati\image_259x194_17.jpg,Mewati,30
cattle\Punganur\image_311x162_11.jpg,Punganur,39
cattle\Purnea\image_275x183_45.jpg,Purnea,40
cattle\Nagpuri\Nagpuri_173.jpg,Nagpuri,32
cattle\Kenkatha\image_183x275_57 (2).jpg,Kenkatha,20
cattle\Guernsey\Guernsey_39.jpg,Guernsey,10
cattle\Red_Sindhi\Red_Sindhi_161.png,Red_Sindhi,44
cattle\gaolao\Ongole_78.png,gaolao,57
cattle\Ayrshire\Ayrshire_143.jpg,Ayrshire,2
cattle\Toda\Toda_104.jpg,Toda,49
cattle\ghumsari\image_168x300_12 (2).jpg,ghumsari,58
cattle\Tharparkar\Tharparkar_88.jpg,Tharparkar,48
cattle\Guernsey\Guernsey_94.jpg,Guernsey,10
cattle\kherigarh\image_275x183_6.jpg,kherigarh,59
cattle\ponwar\image_259x194_47.jpg,ponwar,63
cattle\dagri\image_259x194_11.jpg,dagri,55
cattle\Kankrej\Kankrej_21.png,Kankrej,18
cattle\Dangi\image_168x300_43.jpg,Dangi,7
cattle\Dangi\Screenshot (350).png,Dangi,7
cattle\Hallikar\Hallikar_98.jpg,Hallikar,11
cattle\Ladakhi\image_246x205_2.jpg,Ladakhi,26
cattle\Himachali Pahari\image_300x168_3.jpg,Himachali Pahari,13
cattle\Tharparkar\Tharparkar_137.jpg,Tharparkar,48
cattle\Deoni\Deoni_92.jpg,Deoni,8
cattle\malvi\image_275x183_47.jpg,malvi,60
cattle\Kenkatha\image_260x194_4.jpg,Kenkatha,20
cattle\Poda Thirupu\image_166x303_17.jpg,Poda Thirupu,37
cattle\Red kandhari\image_263x191_52.jpg,Red kandhari,42
cattle\Ladakhi\image_266x190_1.jpg,Ladakhi,26
cattle\Kosali\image_259x194_12.jpg,Kosali,24
cattle\Kankrej\Kankrej_117.jpg,Kankrej,18
cattle\Murrah\Murrah_26.jpg,Murrah,31
cattle\siri\image_216x233_69.jpg,siri,64
cattle\Tharparkar\Tharparkar_2.JPG,Tharparkar,48
cattle\dagri\image_300x168_48.jpg,dagri,55
cattle\Holstein_Friesian\Holstein_Friesian_32.jpg,Holstein_Friesian,14
cattle\kherigarh\image_258x196_1.jpg,kherigarh,59
cattle\Kenkatha\image_194x259_41.jpg,Kenkatha,20
cattle\Kenkatha\image_225x225_28.jpg,Kenkatha,20
cattle\Bargur\image_225x225_52.jpg,Bargur,4
cattle\Ladakhi\image_225x225_2 (2).jpg,Ladakhi,26
cattle\malvi\image_194x259_6.jpg,malvi,60
cattle\malvi\image_238x212_61.jpg,malvi,60
cattle\bachaur\image_251x201_2.jpg,bachaur,52
cattle\nagori\image_168x300_24.jpg,nagori,62
cattle\siri\image_276x182_57.jpg,siri,64
cattle\Dangi\image_259x194_9.jpg,Dangi,7
cattle\kherigarh\image_201x251_1.jpg,kherigarh,59
cattle\malvi\image_232x218_11.jpg,malvi,60
cattle\Mewati\image_168x300_16.jpg,Mewati,30
cattle\Punganur\image_259x194_37.jpg,Punganur,39
cattle\Lakhimi\image_241x209_54 (2).jpg,Lakhimi,27
cattle\ponwar\image_275x184_36.jpg,ponwar,63
cattle\Nari\image_225x225_39.jpg,Nari,33
cattle\Hariana\Hariana_76.jpg,Hariana,12
cattle\Purnea\image_259x194_15.jpg,Purnea,40
cattle\Nimari\Screenshot (1045).png,Nimari,35
cattle\Umblachery\image_259x195_2.jpg,Umblachery,50
cattle\Purnea\Visually_searched_image.jpg,Purnea,40
cattle\Purnea\image_259x194_12 (5).jpg,Purnea,40
cattle\Krishna_Valley\Krishna_Valley_134.jpg,Krishna_Valley,25
cattle\Umblachery\Umblachery_26.png,Umblachery,50
cattle\Ongole\Ongole_144.png,Ongole,36
cattle\Shweta Kapila\image_259x194_37 (2).jpg,Shweta Kapila,46
cattle\siri\image_202x250_66.jpg,siri,64
cattle\Lakhimi\image_168x300_19.jpg,Lakhimi,27
cattle\Mewati\image_168x300_2.jpg,Mewati,30
cattle\Sahiwal\Sahiwal_330.png,Sahiwal,45
cattle\dagri\Indigenous_Cattle_Breeds_ (3).jpg,dagri,55
cattle\Brown_Swiss\Brown_Swiss_8.jpg,Brown_Swiss,6
cattle\Holstein_Friesian\Holstein_Friesian_217.jpg,Holstein_Friesian,14
cattle\Khillari\Khillari_36.jpg,Khillari,22
cattle\Nari\image_259x194_43 (2).jpg,Nari,33
cattle\gaolao\0159.jpg,gaolao,57
cattle\thutho\image_273x185_45.jpg,thutho,65
cattle\Jersey\Jersey_4.jpg,Jersey,16
cattle\ponwar\image_275x183_40.jpg,ponwar,63
cattle\Holstein_Friesian\Holstein_Friesian_252.jpg,Holstein_Friesian,14
cattle\Nimari\00000106.jpg,Nimari,35
cattle\Brown_Swiss\Brown_Swiss_95.jpg,Brown_Swiss,6
cattle\Pulikulam\Pulikulam_73.jpg,Pulikulam,38
cattle\Sahiwal\Sahiwal_106.png,Sahiwal,45
cattle\Gir\Gir_12.jPG,Gir,9
cattle\Tharparkar\Tharparkar_48.png,Tharparkar,48
cattle\Mewati\image_168x299_18.jpg,Mewati,30
cattle\Holstein_Friesian\Holstein_Friesian_155.jpg,Holstein_Friesian,14
cattle\Brown_Swiss\Brown_Swiss_48.jpg,Brown_Swiss,6
cattle\ghumsari\II_.jpg,ghumsari,58
cattle\gaolao\BREEDS_OF_CATTLE.jpg,gaolao,57
cattle\Murrah\Murrah_109.jpg,Murrah,31
cattle\Konkan Kapila\Visually_searched_image (2).jpg,Konkan Kapila,23
cattle\Kankrej\Kankrej_32.png,Kankrej,18
cattle\Red kandhari\image_266x190_5 (2).jpg,Red kandhari,42
cattle\Nagpuri\Nagpuri_184.png,Nagpuri,32
cattle\bhelai\Screenshot 2025-09-24 183006.png,bhelai,54
cattle\ponwar\image_300x168_5.jpg,ponwar,63
cattle\gangatari\Screenshot 2025-09-24 191409.png,gangatari,56
cattle\Pulikulam\Pulikulam_108.jpg,Pulikulam,38
cattle\Umblachery\image_259x194_6.jpg,Umblachery,50
cattle\Banni\00000279.jpg,Banni,3
cattle\Murrah\Murrah_46.jpg,Murrah,31
cattle\thutho\image_183x275_56.jpg,thutho,65
cattle\Dangi\image_226x223_38.jpg,Dangi,7
cattle\Brown_Swiss\Brown_Swiss_123.jpg,Brown_Swiss,6
cattle\Ongole\Ongole_64.png,Ongole,36
cattle\Konkan Kapila\image_194x259_2.jpg,Konkan Kapila,23
cattle\Red_Sindhi\Red_Sindhi_159.png,Red_Sindhi,44
cattle\Hariana\Hariana_92.png,Hariana,12
cattle\motu\image_259x194_14.jpg,motu,61
cattle\ghumsari\Screenshot 2025-09-24 191754.png,ghumsari,58
cattle\Shweta Kapila\image_259x194_47.jpg,Shweta Kapila,46
cattle\Konkan Kapila\image_168x300_3 (2).jpg,Konkan Kapila,23
cattle\Murrah\Murrah_164.jpg,Murrah,31
cattle\Kenkatha\image_259x194_24.jpg,Kenkatha,20
cattle\Ayrshire\Ayrshire_56.jpg,Ayrshire,2
cattle\Kenkatha\image_275x183_8.jpg,Kenkatha,20
cattle\Bargur\Bargur_48.png,Bargur,4
cattle\Red_Dane\Red_Dane_39.jpg,Red_Dane,43
cattle\Lakhimi\image_271x186_51 (2).jpg,Lakhimi,27
cattle\Brown_Swiss\Brown_Swiss_163.jpg,Brown_Swiss,6
cattle\Guernsey\Guernsey_95.jpg,Guernsey,10
cattle\nagori\image_224x225_42.jpg,nagori,62
cattle\Ongole\Ongole_16.jpg,Ongole,36
cattle\Rathi\00000266.jpg,Rathi,41
cattle\Konkan Kapila\image_300x168_2 (2).jpg,Konkan Kapila,23
cattle\siri\image_205x161_40.jpg,siri,64
cattle\Umblachery\image_300x168_41.jpg,Umblachery,50
cattle\Sahiwal\Sahiwal_142.jpg,Sahiwal,45
cattle\Jersey\Jersey_66.jpg,Jersey,16
cattle\Dangi\image_259x194_15.jpg,Dangi,7
cattle\Red kandhari\image_310x163_37.jpg,Red kandhari,42
cattle\Vechur\Screenshot (272).png,Vechur,51
cattle\Deoni\Deoni_18.png,Deoni,8
cattle\Kosali\image_226x223_6.jpg,Kosali,24
cattle\nagori\image_185x272_62.jpg,nagori,62
cattle\Konkan Kapila\image_275x183_7.jpg,Konkan Kapila,23
cattle\Mewati\image_168x300_45.jpg,Mewati,30
cattle\Bargur\Bargur_50.png,Bargur,4
cattle\Red kandhari\image_271x186_7.jpg,Red kandhari,42
cattle\Dangi\00000072.jpg,Dangi,7
cattle\Toda\Toda_53.jpg,Toda,49
cattle\Nari\image_259x194_39.jpg,Nari,33
cattle\dagri\II_ (1).jpg,dagri,55
cattle\thutho\image_290x174_55.jpg,thutho,65
cattle\Shweta Kapila\image_200x150_56.jpg,Shweta Kapila,46
cattle\Poda Thirupu\image_259x194_5.jpg,Poda Thirupu,37
cattle\Gir\Gir_202.jpg,Gir,9
cattle\Bargur\Bargur_86.jpg,Bargur,4
cattle\ponwar\image_300x168_32.jpg,ponwar,63
cattle\nagori\image_259x194_27.jpg,nagori,62
cattle\Jersey\Jersey_95.jpg,Jersey,16
cattle\Purnea\image_255x197_24.jpg,Purnea,40
cattle\Ayrshire\Ayrshire_60.jpg,Ayrshire,2
cattle\Dangi\Screenshot (362).png,Dangi,7
cattle\Kasargod\00000349.jpg,Kasargod,19
cattle\Jaffrabadi\Jaffrabadi_94.jpg,Jaffrabadi,15
cattle\Umblachery\image_232x217_31.jpg,Umblachery,50
cattle\Deoni\Deoni_85.png,Deoni,8
cattle\gangatari\_ (2).jpg,gangatari,56
cattle\Gir\Gir_49.jpg,Gir,9
cattle\Kasargod\Screenshot (991).png,Kasargod,19
cattle\Shweta Kapila\image_259x194_26.jpg,Shweta Kapila,46
cattle\Jaffrabadi\Jaffrabadi_40.png,Jaffrabadi,15
cattle\Mewati\image_271x186_48.jpg,Mewati,30
cattle\Dangi\00000073.jpg,Dangi,7
cattle\Poda Thirupu\image_259x194_33.jpg,Poda Thirupu,37
cattle\Gir\Gir_86.jpg,Gir,9
cattle\Guernsey\Guernsey_63.jpg,Guernsey,10
cattle\Red_Dane\Red_Dane_25.jpg,Red_Dane,43
cattle\Amritmahal\image_236x135_69.jpg,Amritmahal,1
cattle\Hallikar\Hallikar_126.jpg,Hallikar,11
cattle\Holstein_Friesian\Holstein_Friesian_129.jpg,Holstein_Friesian,14
cattle\ghumsari\Ongole_158.jpg,ghumsari,58
cattle\Alambadi\Alambadi_53.png,Alambadi,0
cattle\Dangi\Screenshot (357).png,Dangi,7
cattle\Gir\Gir_194.png,Gir,9
cattle\bachaur\image_250x201_34.jpg,bachaur,52
cattle\Sahiwal\Sahiwal_124.jpg,Sahiwal,45
cattle\malvi\image_259x194_30.jpg,malvi,60
cattle\Brown_Swiss\Brown_Swiss_57.jpg,Brown_Swiss,6
cattle\Nagpuri\Nagpuri_82.jpg,Nagpuri,32
cattle\Amritmahal\image_259x194_35.jpg,Amritmahal,1
cattle\Kenkatha\image_224x224_35.jpg,Kenkatha,20
cattle\Red_Sindhi\Red_Sindhi_111.jpg,Red_Sindhi,44
cattle\dagri\image_225x225_20.jpg,dagri,55
cattle\Umblachery\image_299x168_46 (2).jpg,Umblachery,50
cattle\Purnea\image_259x194_47.jpg,Purnea,40
cattle\Hariana\Hariana_112.png,Hariana,12
cattle\Nari\image_221x229_42.jpg,Nari,33
cattle\Mehsana\Mehsana_62.jpg,Mehsana,29
cattle\Red_Dane\Red_Dane_31.jpg,Red_Dane,43
cattle\Kankrej\Kankrej_166.jpg,Kankrej,18
cattle\gangatari\image_243x207_47.jpg,gangatari,56
cattle\Mewati\image_256x197_5.jpg,Mewati,30
cattle\Bhadawari\Bhadawari_85.jpg,Bhadawari,5
cattle\motu\image_300x168_45.jpg,motu,61
cattle\Nari\image_150x150_75.jpg,Nari,33
cattle\Red kandhari\image_284x177_62.jpg,Red kandhari,42
cattle\Kenkatha\image_236x214_50.jpg,Kenkatha,20
cattle\Rathi\00000015.jpg,Rathi,41
cattle\Holstein_Friesian\Holstein_Friesian_62.jpg,Holstein_Friesian,14
cattle\Kangayam\image_205x210_12.jpg,Kangayam,17
cattle\Gir\Gir_100.jpeg,Gir,9
cattle\Purnea\image_259x194_21.jpg,Purnea,40
cattle\bachaur\image_259x194_5.jpg,bachaur,52
cattle\Vechur\00000133.jpg,Vechur,51
cattle\Krishna_Valley\Krishna_Valley_68.jpg,Krishna_Valley,25
cattle\Kenkatha\image_259x194_18 (3).jpg,Kenkatha,20
cattle\ponwar\image_259x194_15.jpg,ponwar,63
cattle\Gir\Gir_236.png,Gir,9
cattle\ghumsari\Screenshot 2025-09-24 191742.png,ghumsari,58
cattle\Ongole\Ongole_127.png,Ongole,36
cattle\Hallikar\Hallikar_32.jpg,Hallikar,11
cattle\Red_Sindhi\Red_Sindhi_19.png,Red_Sindhi,44
cattle\Nari\image_259x194_39 (2).jpg,Nari,33
cattle\Tharparkar\Tharparkar_20.jpg,Tharparkar,48
cattle\Toda\Toda_6.jpg,Toda,49
cattle\ghumsari\image_194x259_47.jpg,ghumsari,58
cattle\Nimari\Screenshot (1021).png,Nimari,35
cattle\Poda Thirupu\image_299x168_9.jpg,Poda Thirupu,37
cattle\Holstein_Friesian\Holstein_Friesian_119.jpg,Holstein_Friesian,14
cattle\Tharparkar\Tharparkar_169.png,Tharparkar,48
cattle\Ayrshire\Ayrshire_156.jpg,Ayrshire,2
cattle\Red_Sindhi\Red_Sindhi_167.png,Red_Sindhi,44
cattle\Kankrej\Kankrej_58.png,Kankrej,18
cattle\gaolao\0409.jpg,gaolao,57
cattle\siri\image_225x225_61.jpg,siri,64
cattle\Red kandhari\image_275x183_13.jpg,Red kandhari,42
cattle\Mewati\image_265x190_3.jpg,Mewati,30
cattle\Rathi\00000385.jpg,Rathi,41
cattle\ponwar\image_245x170_35.jpg,ponwar,63
cattle\Kenkatha\image_168x300_16.jpg,Kenkatha,20
cattle\Umblachery\Umblachery_33.jpg,Umblachery,50
cattle\Nili_Ravi\Nili_Ravi_85.jpg,Nili_Ravi,34
cattle\Brown_Swiss\Brown_Swiss_76.jpg,Brown_Swiss,6
cattle\Ladakhi\Visually_searched_image.jpg,Ladakhi,26
cattle\Nari\image_259x194_52.jpg,Nari,33
cattle\Sahiwal\Sahiwal_250.jpg,Sahiwal,45
cattle\Tharparkar\Tharparkar_53.jpg,Tharparkar,48
cattle\Kankrej\Kankrej_38.png,Kankrej,18
cattle\gangatari\Screenshot 2025-09-24 191548.png,gangatari,56
cattle\Kasargod\00000288.jpg,Kasargod,19
cattle\Holstein_Friesian\Holstein_Friesian_14.jpg,Holstein_Friesian,14
cattle\Red_Dane\Red_Dane_63.jpg,Red_Dane,43
cattle\Dangi\00000136.JPG,Dangi,7
cattle\Krishna_Valley\Krishna_Valley_81.jpg,Krishna_Valley,25
cattle\Umblachery\image_300x168_51.jpg,Umblachery,50
cattle\Brown_Swiss\Brown_Swiss_166.jpg,Brown_Swiss,6
cattle\Brown_Swiss\Brown_Swiss_202.jpg,Brown_Swiss,6
cattle\bhelai\ezgif-frame-092.jpg,bhelai,54
cattle\Surti\Surti_18.png,Surti,47
cattle\Holstein_Friesian\Holstein_Friesian_274.jpg,Holstein_Friesian,14
cattle\Nagpuri\Nagpuri_2.JPG,Nagpuri,32
cattle\thutho\image_275x183_53.jpg,thutho,65
cattle\ponwar\image_242x209_61.jpg,ponwar,63
cattle\Ladakhi\image_259x194_9 (2).jpg,Ladakhi,26
cattle\Mewati\image_259x194_27.jpg,Mewati,30
cattle\Kenkatha\image_168x300_56.jpg,Kenkatha,20
cattle\Krishna_Valley\Krishna_Valley_90.jpg,Krishna_Valley,25
cattle\Nagpuri\Nagpuri_32.jpg,Nagpuri,32
cattle\Sahiwal\Sahiwal_308.jpg,Sahiwal,45
cattle\Nagpuri\Nagpuri_127.jpg,Nagpuri,32
cattle\Kenkatha\image_225x225_47.jpg,Kenkatha,20
cattle\Holstein_Friesian\Holstein_Friesian_28.jpg,Holstein_Friesian,14
cattle\Guernsey\Guernsey_96.jpg,Guernsey,10
cattle\Himachali Pahari\image_225x225_36.jpg,Himachali Pahari,13
cattle\nagori\image_300x168_61.jpg,nagori,62
cattle\gangatari\image_217x232_41.jpg,gangatari,56
cattle\dagri\image_259x194_6.jpg,dagri,55
cattle\Khariar\image_168x300_1.jpg,Khariar,21
cattle\Bargur\Bargur_87.jpg,Bargur,4
cattle\Shweta Kapila\image_168x300_58.jpg,Shweta Kapila,46
cattle\Rathi\00000016.jpg,Rathi,41
cattle\Kasargod\00000077.jpg,Kasargod,19
cattle\Bhadawari\Bhadawari_15.jpg,Bhadawari,5
cattle\siri\image_259x194_7 (2).jpg,siri,64
cattle\Poda Thirupu\image_259x194_13.jpg,Poda Thirupu,37
cattle\malvi\image_272x177_60.jpg,malvi,60
cattle\dagri\image_318x159_61.jpg,dagri,55
cattle\Umblachery\Umblachery_32.png,Umblachery,50
cattle\Red kandhari\image_266x189_17.jpg,Red kandhari,42
cattle\Mewati\Visually_searched_image (5).jpg,Mewati,30
cattle\Gir\Gir_362.png,Gir,9
cattle\Ongole\Ongole_145.jpg,Ongole,36
cattle\Jersey\Jersey_43.jpg,Jersey,16
cattle\Ongole\Ongole_35.png,Ongole,36
cattle\Konkan Kapila\image_240x210_2.jpg,Konkan Kapila,23
cattle\Nimari\00000380.jpg,Nimari,35
cattle\Holstein_Friesian\Holstein_Friesian_209.jpg,Holstein_Friesian,14
cattle\Red kandhari\image_259x194_50.jpg,Red kandhari,42
cattle\nagori\image_236x214_50.jpg,nagori,62
cattle\Gir\Gir_358.jpg,Gir,9
cattle\Sahiwal\Sahiwal_399.jpg,Sahiwal,45
cattle\Hallikar\Hallikar_23.jpg,Hallikar,11
cattle\Kangayam\image_252x200_46.jpg,Kangayam,17
cattle\Ongole\Ongole_48.png,Ongole,36
cattle\gangatari\UP-_ (2).jpg,gangatari,56
cattle\Toda\Toda_87.jpg,Toda,49
cattle\Vechur\00000368.jpeg,Vechur,51
cattle\Mewati\image_168x300_44.jpg,Mewati,30
cattle\Bargur\image_271x186_47.jpg,Bargur,4
cattle\Holstein_Friesian\Holstein_Friesian_281.jpg,Holstein_Friesian,14
cattle\Kosali\image_221x229_4.jpg,Kosali,24
cattle\gaolao\0489.jpg,gaolao,57
cattle\Pulikulam\Pulikulam_74.png,Pulikulam,38
cattle\gaolao\Maharashtra_Livestock_Development_Board (1).jpg,gaolao,57
cattle\ponwar\image_300x168_47.jpg,ponwar,63
cattle\Sahiwal\Sahiwal_150.jpg,Sahiwal,45
cattle\Khariar\image_263x192_1.jpg,Khariar,21
cattle\Surti\Surti_30.jpg,Surti,47
cattle\Jaffrabadi\Jaffrabadi_37.png,Jaffrabadi,15
cattle\Hallikar\Hallikar_85.jpg,Hallikar,11
cattle\Ayrshire\Ayrshire_209.jpg,Ayrshire,2
cattle\Sahiwal\Sahiwal_144.png,Sahiwal,45
cattle\dagri\image_203x249_62.jpg,dagri,55
cattle\Kankrej\Kankrej_142.jpg,Kankrej,18
cattle\Brown_Swiss\Brown_Swiss_41.jpg,Brown_Swiss,6
cattle\Hallikar\Hallikar_161.png,Hallikar,11
cattle\Nagpuri\Nagpuri_121.jpg,Nagpuri,32
cattle\Amritmahal\Amritmahal_18.png,Amritmahal,1
cattle\siri\image_275x183_54.jpg,siri,64
cattle\Himachali Pahari\himachali_pahari_cow_dairy_farming_.jpg,Himachali Pahari,13
cattle\Vechur\00000039.JPG,Vechur,51
cattle\Nari\image_275x183_49.jpg,Nari,33
cattle\Kangayam\Kangayam_95.jpg,Kangayam,17
cattle\Krishna_Valley\Krishna_Valley_17.jpg,Krishna_Valley,25
cattle\Guernsey\Guernsey_100.jpg,Guernsey,10
cattle\Toda\Toda_18.jpg,Toda,49
cattle\Deoni\Screenshot 2025-09-25 031950.png,Deoni,8
cattle\Bhadawari\Bhadawari_34.jpg,Bhadawari,5
cattle\Brown_Swiss\Brown_Swiss_17.jpg,Brown_Swiss,6
cattle\Brown_Swiss\Brown_Swiss_23.jpg,Brown_Swiss,6
cattle\Bargur\image_251x201_23.jpg,Bargur,4
cattle\Nagpuri\Nagpuri_19.jpg,Nagpuri,32
cattle\Kankrej\Kankrej_138.jpg,Kankrej,18
cattle\ponwar\image_300x168_31.jpg,ponwar,63
cattle\ghumsari\Screenshot 2025-09-24 220646.png,ghumsari,58
cattle\Murrah\Murrah_115.jpg,Murrah,31
cattle\malvi\image_275x183_59.jpg,malvi,60
cattle\gangatari\image_200x150_60.jpg,gangatari,56
cattle\Purnea\image_260x194_34.jpg,Purnea,40
cattle\Dangi\image_331x152_52.jpg,Dangi,7
cattle\Banni\00000082.jpg,Banni,3
cattle\Jersey\Jersey_135.jpg,Jersey,16
cattle\Khillari\Khillari_24.jpg,Khillari,22
cattle\Kangayam\Kangayam_55.jpg,Kangayam,17
cattle\Kangayam\Kangayam_81.png,Kangayam,17
cattle\Purnea\image_259x194_16 (2).jpg,Purnea,40
cattle\Kankrej\Kankrej_170.jpg,Kankrej,18
cattle\Purnea\image_194x259_47 (2).jpg,Purnea,40
cattle\Gir\Gir_316.png,Gir,9
cattle\siri\image_238x212_53.jpg,siri,64
cattle\Kasargod\00000117.jpg,Kasargod,19
cattle\Shweta Kapila\image_168x300_27 (2).jpg,Shweta Kapila,46
cattle\Brown_Swiss\Brown_Swiss_45.jpg,Brown_Swiss,6
cattle\Red kandhari\image_275x183_18.jpg,Red kandhari,42
cattle\Mewati\image_271x186_49.jpg,Mewati,30
cattle\Ongole\Ongole_119.png,Ongole,36
cattle\Tharparkar\Tharparkar_155.png,Tharparkar,48
cattle\ponwar\image_168x300_60.jpg,ponwar,63
cattle\siri\image_244x207_63.jpg,siri,64
cattle\Murrah\Murrah_81.jpg,Murrah,31
cattle\Bhadawari\Bhadawari_51.jpg,Bhadawari,5
cattle\Jersey\Jersey_157.jpg,Jersey,16
cattle\Amritmahal\image_259x194_41.jpg,Amritmahal,1
cattle\ponwar\image_275x183_40 (2).jpg,ponwar,63
cattle\Gir\Gir_151.jpg,Gir,9
cattle\Alambadi\Alambadi_11.png,Alambadi,0
cattle\Deoni\Deoni_32.jpeg,Deoni,8
cattle\Rathi\00000276.jpg,Rathi,41
cattle\Bhadawari\Bhadawari_75.jpg,Bhadawari,5
cattle\Ongole\Ongole_1.JPG,Ongole,36
cattle\Sahiwal\Sahiwal_338.png,Sahiwal,45
cattle\Red_Dane\Red_Dane_78.jpg,Red_Dane,43
cattle\Red_Sindhi\Red_Sindhi_3.JPG,Red_Sindhi,44
cattle\dagri\image_275x183_53.jpg,dagri,55
cattle\Sahiwal\Sahiwal_226.jpg,Sahiwal,45
cattle\Holstein_Friesian\Holstein_Friesian_75.jpg,Holstein_Friesian,14
cattle\Red_Dane\Red_Dane_167.jpg,Red_Dane,43
cattle\Holstein_Friesian\Holstein_Friesian_269.jpg,Holstein_Friesian,14
cattle\Gir\Gir_168.jpg,Gir,9
cattle\Murrah\Murrah_154.jpg,Murrah,31
cattle\Ongole\Ongole_87.png,Ongole,36
cattle\Nari\image_275x183_55.jpg,Nari,33
cattle\siri\image_277x182_52.jpg,siri,64
cattle\thutho\image_259x194_23 (2).jpg,thutho,65
cattle\Surti\Surti_1.jpg,Surti,47
cattle\Sahiwal\Sahiwal_30.jpg,Sahiwal,45
cattle\Holstein_Friesian\Holstein_Friesian_120.jpg,Holstein_Friesian,14
cattle\Red kandhari\image_275x183_14 (3).jpg,Red kandhari,42
cattle\Malnad_gidda\Screenshot (1147).png,Malnad_gidda,28
cattle\kherigarh\image_241x174_11.jpg,kherigarh,59
cattle\Bhadawari\Bhadawari_23.jpg,Bhadawari,5
cattle\Himachali Pahari\image_259x194_18 (2).jpg,Himachali Pahari,13
cattle\ponwar\image_225x225_56.jpg,ponwar,63
cattle\Holstein_Friesian\Holstein_Friesian_304.jpg,Holstein_Friesian,14
cattle\Jersey\Jersey_120.jpg,Jersey,16
cattle\Kosali\image_259x194_4.jpg,Kosali,24
cattle\Rathi\00000098.jpg,Rathi,41
cattle\Amritmahal\Amritmahal_7.jpg,Amritmahal,1
cattle\Murrah\Murrah_103.jpeg,Murrah,31
cattle\Jaffrabadi\Jaffrabadi_76.jpg,Jaffrabadi,15
cattle\Ayrshire\Ayrshire_196.jpg,Ayrshire,2
cattle\Jersey\Jersey_200.jpg,Jersey,16
cattle\Banni\00000017.jpg,Banni,3
cattle\Sahiwal\Sahiwal_64.jpg,Sahiwal,45
cattle\Mehsana\Mehsana_12.png,Mehsana,29
cattle\Kenkatha\Visually_searched_image (3).jpg,Kenkatha,20
cattle\Kenkatha\image_259x194_16.jpg,Kenkatha,20
cattle\Mewati\image_300x168_52.jpg,Mewati,30
cattle\Poda Thirupu\image_168x300_6.jpg,Poda Thirupu,37
cattle\gangatari\_ (6).jpg,gangatari,56
cattle\Kenkatha\image_225x225_32.jpg,Kenkatha,20
cattle\ghumsari\image_268x188_29.jpg,ghumsari,58
cattle\Hallikar\Hallikar_124.jpg,Hallikar,11
cattle\Tharparkar\Tharparkar_80.jpg,Tharparkar,48
cattle\Guernsey\Guernsey_92.jpg,Guernsey,10
cattle\Krishna_Valley\Krishna_Valley_100.jpg,Krishna_Valley,25
cattle\Shweta Kapila\image_284x178_46.jpg,Shweta Kapila,46
cattle\Deoni\Deoni_49.png,Deoni,8
cattle\Kenkatha\image_300x168_45.jpg,Kenkatha,20
cattle\Gir\Gir_164.jpg,Gir,9
cattle\Mehsana\Mehsana_94.jpg,Mehsana,29
cattle\Jersey\Jersey_76.jpg,Jersey,16
cattle\Holstein_Friesian\Holstein_Friesian_211.jpg,Holstein_Friesian,14
cattle\motu\image_225x225_60.jpg,motu,61
cattle\Punganur\Mission_Punganur_a_major_breakthrough_.jpg,Punganur,39
cattle\Guernsey\Guernsey_69.jpg,Guernsey,10
cattle\thutho\image_259x194_10.jpg,thutho,65
cattle\Umblachery\image_168x300_31 (2).jpg,Umblachery,50
cattle\Ladakhi\image_300x168_3 (2).jpg,Ladakhi,26
cattle\Lakhimi\image_286x176_55.jpg,Lakhimi,27
cattle\Nimari\Screenshot (1038).png,Nimari,35
cattle\Ayrshire\Ayrshire_159.jpg,Ayrshire,2
cattle\Gir\Gir_249.jpg,Gir,9
cattle\Holstein_Friesian\Holstein_Friesian_238.jpg,Holstein_Friesian,14
cattle\dagri\Figure_4_from_Deoni_cattle_breed_of_.jpg,dagri,55
cattle\badri\image_168x300_3.jpg,badri,53
cattle\Mewati\image_299x168_35.jpg,Mewati,30
cattle\ponwar\image_242x209_58.jpg,ponwar,63
cattle\bhelai\ezgif-frame-135.jpg,bhelai,54
cattle\gaolao\0014.jpg,gaolao,57
cattle\Nimari\Screenshot (1047).png,Nimari,35
cattle\siri\image_259x195_4.jpg,siri,64
cattle\Kankrej\Kankrej_41.jpg,Kankrej,18
cattle\Kangayam\image_226x223_6.jpg,Kangayam,17
cattle\malvi\image_304x166_58.jpg,malvi,60
cattle\Kangayam\Kangayam_28.jpg,Kangayam,17
cattle\thutho\image_180x120_69.jpg,thutho,65
cattle\Kenkatha\image_120x90_61.jpg,Kenkatha,20
cattle\Brown_Swiss\Brown_Swiss_67.jpg,Brown_Swiss,6
cattle\Red kandhari\image_275x183_13 (3).jpg,Red kandhari,42
cattle\ponwar\image_265x190_23.jpg,ponwar,63
cattle\Nimari\image_168x299_48.jpg,Nimari,35
cattle\Jersey\Jersey_176.jpg,Jersey,16
cattle\gaolao\Ongole_74.png,gaolao,57
cattle\Malnad_gidda\Screenshot (1157).png,Malnad_gidda,28
cattle\gaolao\BUFFALO_BREEDS.jpg,gaolao,57
cattle\Mewati\image_228x221_46.jpg,Mewati,30
cattle\Nari\image_120x100_68.jpg,Nari,33
cattle\ghumsari\Ongole_166.jpg,ghumsari,58
cattle\Punganur\image_168x300_12.jpg,Punganur,39
cattle\Hallikar\Hallikar_102.jpg,Hallikar,11
cattle\Punganur\image_50x50_66.jpg,Punganur,39
cattle\gangatari\image_225x225_30.jpg,gangatari,56
cattle\Kankrej\Kankrej_37.jpg,Kankrej,18
cattle\ghumsari\image_168x300_8.jpg,ghumsari,58
cattle\Himachali Pahari\image_168x300_53.jpg,Himachali Pahari,13
cattle\Purnea\image_259x194_39.jpg,Purnea,40
cattle\Ayrshire\Ayrshire_129.jpg,Ayrshire,2
cattle\Deoni\Deoni_98.jpg,Deoni,8
cattle\Nili_Ravi\Nili_Ravi_5.jpg,Nili_Ravi,34
cattle\Kenkatha\image_168x299_19.jpg,Kenkatha,20
cattle\Poda Thirupu\image_168x300_8.jpg,Poda Thirupu,37
cattle\badri\Namakwali_A2_Badri_Cow_Ghee_500ml_.jpg,badri,53
cattle\Konkan Kapila\image_262x193_1.jpg,Konkan Kapila,23
cattle\Holstein_Friesian\Holstein_Friesian_72.jpg,Holstein_Friesian,14
cattle\malvi\image_201x251_3.jpg,malvi,60
cattle\Hariana\Hariana_120.png,Hariana,12
cattle\Dangi\00000100.jpg,Dangi,7
cattle\bhelai\ezgif-frame-044.jpg,bhelai,54
cattle\badri\image_187x269_55.jpg,badri,53
cattle\nagori\image_277x182_54.jpg,nagori,62
cattle\Kankrej\Kankrej_107.jpg,Kankrej,18
cattle\Vechur\00000196.jpeg,Vechur,51
cattle\ghumsari\image_194x259_10.jpg,ghumsari,58
cattle\Punganur\image_270x187_52.jpg,Punganur,39
cattle\Brown_Swiss\Brown_Swiss_187.jpg,Brown_Swiss,6
cattle\thutho\image_300x168_53.jpg,thutho,65
cattle\Deoni\Deoni_22.jpg,Deoni,8
cattle\Krishna_Valley\Krishna_Valley_16.jpg,Krishna_Valley,25
cattle\Red_Dane\Red_Dane_160.jpg,Red_Dane,43
cattle\ponwar\image_275x183_43.jpg,ponwar,63
cattle\Holstein_Friesian\Holstein_Friesian_131.jpg,Holstein_Friesian,14
cattle\Vechur\00000289.jpg,Vechur,51
cattle\nagori\image_201x251_22.jpg,nagori,62
cattle\Holstein_Friesian\Holstein_Friesian_178.jpg,Holstein_Friesian,14
cattle\Red kandhari\image_194x259_50.jpg,Red kandhari,42
cattle\Red_Dane\Red_Dane_30.jpg,Red_Dane,43
cattle\thutho\image_299x168_49.jpg,thutho,65
cattle\Banni\00000293.jpg,Banni,3
cattle\Shweta Kapila\image_194x259_57.jpg,Shweta Kapila,46
cattle\Gir\Gir_91.jpg,Gir,9
cattle\gangatari\UP-_ (4).jpg,gangatari,56
cattle\Red_Sindhi\Red_Sindhi_104.jpg,Red_Sindhi,44
cattle\Sahiwal\Sahiwal_236.jpg,Sahiwal,45
cattle\dagri\Figure_1_from_Deoni_cattle_breed_of_.jpg,dagri,55
cattle\Kankrej\Kankrej_100.jpg,Kankrej,18
cattle\Himachali Pahari\Black_Hf_Cow_at_4500000_INR_in_Karnal_.jpg,Himachali Pahari,13
cattle\Punganur\image_168x300_21.jpg,Punganur,39
cattle\Red kandhari\image_225x225_45.jpg,Red kandhari,42
cattle\Shweta Kapila\image_205x246_63.jpg,Shweta Kapila,46
cattle\Gir\Gir_342.png,Gir,9
cattle\Kenkatha\image_194x259_10.jpg,Kenkatha,20
cattle\ponwar\image_259x194_18.jpg,ponwar,63
cattle\Brown_Swiss\Brown_Swiss_177.jpg,Brown_Swiss,6
cattle\Nari\image_259x194_41 (2).jpg,Nari,33
cattle\gaolao\0309.jpg,gaolao,57
cattle\gaolao\IMPORTANT_BREEDS_OF_CATTLE.jpg,gaolao,57
cattle\Tharparkar\Tharparkar_38.jpg,Tharparkar,48
cattle\Sahiwal\Sahiwal_259.jpg,Sahiwal,45
cattle\gangatari\39_Nagori_Cow_Royalty-Free_Images_.jpg,gangatari,56
cattle\Kasargod\00000047.jpeg,Kasargod,19
cattle\Poda Thirupu\image_200x200_37.jpg,Poda Thirupu,37
cattle\Mewati\image_259x194_26 (2).jpg,Mewati,30
cattle\Tharparkar\Tharparkar_98.png,Tharparkar,48
cattle\Krishna_Valley\Krishna_Valley_119.jpg,Krishna_Valley,25
cattle\Kosali\image_194x260_2.jpg,Kosali,24
cattle\thutho\image_225x225_63.jpg,thutho,65
cattle\Purnea\image_284x177_61 (2).jpg,Purnea,40
cattle\Sahiwal\Sahiwal_80.jpg,Sahiwal,45
cattle\Khariar\image_259x194_10 (2).jpg,Khariar,21
cattle\Bargur\Bargur_4.JPG,Bargur,4
cattle\Gir\Gir_177.jpg,Gir,9
cattle\Holstein_Friesian\Holstein_Friesian_163.jpg,Holstein_Friesian,14
cattle\siri\image_259x194_11 (2).jpg,siri,64
cattle\Nimari\00000395.jpg,Nimari,35
cattle\Khillari\Khillari_8.jpg,Khillari,22
cattle\gaolao\0484.jpg,gaolao,57
cattle\Gir\Gir_157.jpg,Gir,9
cattle\Dangi\Screenshot (364).png,Dangi,7
cattle\Gir\Gir_107.jpg,Gir,9
cattle\ponwar\image_250x202_15.jpg,ponwar,63
cattle\Kangayam\image_225x224_22.jpg,Kangayam,17
cattle\Sahiwal\Sahiwal_98.png,Sahiwal,45
cattle\Red kandhari\image_250x167_21.jpg,Red kandhari,42
cattle\Malnad_gidda\Screenshot (1113).png,Malnad_gidda,28
cattle\Deoni\Deoni_46.jpg,Deoni,8
cattle\Ongole\Ongole_59.png,Ongole,36
cattle\Jaffrabadi\Jaffrabadi_61.jpeg,Jaffrabadi,15
cattle\Rathi\00000394.jpg,Rathi,41
cattle\Nagpuri\Nagpuri_104.jpg,Nagpuri,32
cattle\Holstein_Friesian\Holstein_Friesian_314.jpg,Holstein_Friesian,14
cattle\Khillari\Khillari_88.png,Khillari,22
cattle\Punganur\conserve_a_dwarf_cow_breed.jpg,Punganur,39
cattle\Brown_Swiss\Brown_Swiss_168.jpg,Brown_Swiss,6
cattle\Poda Thirupu\image_228x221_36.jpg,Poda Thirupu,37
cattle\Deoni\Deoni_8.jpg,Deoni,8
cattle\Mewati\image_216x233_41.jpg,Mewati,30
cattle\badri\Badri_Cow_Bulls_With_Long_Horns_ (4).jpg,badri,53
cattle\Nari\image_259x194_54.jpg,Nari,33
cattle\Sahiwal\Sahiwal_336.png,Sahiwal,45
cattle\Kankrej\Kankrej_33.png,Kankrej,18
cattle\Dangi\00000146.jpg,Dangi,7
cattle\Mewati\image_259x194_12 (3).jpg,Mewati,30
cattle\Kasargod\00000129.jpg,Kasargod,19
cattle\Holstein_Friesian\Holstein_Friesian_182.jpg,Holstein_Friesian,14
cattle\Red_Sindhi\Red_Sindhi_36.jpg,Red_Sindhi,44
cattle\Dangi\image_259x195_2.jpg,Dangi,7
cattle\Ladakhi\image_168x300_58.jpg,Ladakhi,26
cattle\Gir\Gir_331.png,Gir,9
cattle\Red_Sindhi\Red_Sindhi_101.jpg,Red_Sindhi,44
cattle\Shweta Kapila\image_160x160_52.jpg,Shweta Kapila,46
cattle\Ongole\Ongole_100.png,Ongole,36
cattle\Murrah\Murrah_28.jpg,Murrah,31
cattle\Sahiwal\Sahiwal_311.jpg,Sahiwal,45
cattle\Bhadawari\Bhadawari_60.jpg,Bhadawari,5
cattle\ponwar\image_259x194_27 (2).jpg,ponwar,63
cattle\malvi\image_297x170_56.jpg,malvi,60
cattle\badri\Native_Cow_Breeds_ (3).jpg,badri,53
cattle\Umblachery\image_259x194_21.jpg,Umblachery,50
cattle\Red_Sindhi\Red_Sindhi_115.jpg,Red_Sindhi,44
cattle\Amritmahal\Amritmahal_72.jpg,Amritmahal,1
cattle\ponwar\image_278x181_47.jpg,ponwar,63
cattle\Hallikar\Hallikar_114.jpg,Hallikar,11
cattle\Nagpuri\Nagpuri_126.jpg,Nagpuri,32
cattle\Kangayam\image_168x300_40.jpg,Kangayam,17
cattle\Kenkatha\image_160x160_59.jpg,Kenkatha,20
cattle\Nili_Ravi\Nili_Ravi_59.jpg,Nili_Ravi,34
cattle\Tharparkar\Tharparkar_50.jpg,Tharparkar,48
cattle\nagori\image_195x259_34.jpg,nagori,62
cattle\Brown_Swiss\Brown_Swiss_59.jpg,Brown_Swiss,6
cattle\Holstein_Friesian\Holstein_Friesian_187.jpg,Holstein_Friesian,14
cattle\Gir\Gir_131.jpg,Gir,9
cattle\ghumsari\image_300x168_1.jpg,ghumsari,58
cattle\Shweta Kapila\image_168x300_59.jpg,Shweta Kapila,46
cattle\siri\image_335x150_61.jpg,siri,64
cattle\Sahiwal\Sahiwal_162.jpg,Sahiwal,45
cattle\Kasargod\00000048.jpg,Kasargod,19
cattle\Hariana\Hariana_12.png,Hariana,12
cattle\Gir\Gir_162.jpg,Gir,9
cattle\Red_Dane\Red_Dane_140.jpg,Red_Dane,43
cattle\Shweta Kapila\Visually_searched_image.jpg,Shweta Kapila,46
cattle\Gir\Gir_19.png,Gir,9
cattle\Nili_Ravi\Nili_Ravi_44.jpg,Nili_Ravi,34
cattle\Khariar\image_259x194_27.jpg,Khariar,21
cattle\Nari\image_225x225_23.jpg,Nari,33
cattle\Nagpuri\Nagpuri_45.jpg,Nagpuri,32
cattle\Sahiwal\Sahiwal_400.png,Sahiwal,45
cattle\Guernsey\Guernsey_55.jpg,Guernsey,10
cattle\Gir\Gir_347.jpg,Gir,9
cattle\Ladakhi\image_259x194_4.jpg,Ladakhi,26
cattle\Banni\00000003.jpg,Banni,3
cattle\Kenkatha\image_194x259_55.jpg,Kenkatha,20
cattle\Umblachery\Umblachery_8.jpg,Umblachery,50
cattle\Mewati\image_168x300_18.jpg,Mewati,30
cattle\Kenkatha\image_168x300_14.jpg,Kenkatha,20
cattle\Red kandhari\image_168x300_57.jpg,Red kandhari,42
cattle\Amritmahal\Amritmahal_4.jpg,Amritmahal,1
cattle\Lakhimi\image_265x190_52.jpg,Lakhimi,27
cattle\Vechur\00000383.jpg,Vechur,51
cattle\ponwar\image_225x225_46.jpg,ponwar,63
cattle\Kangayam\Kangayam_94.jpg,Kangayam,17
cattle\Shweta Kapila\image_331x152_59.jpg,Shweta Kapila,46
cattle\Gir\Gir_48.jpg,Gir,9
cattle\Purnea\image_264x191_4 (2).jpg,Purnea,40
cattle\Deoni\Deoni_75.png,Deoni,8
cattle\Ladakhi\image_229x220_6.jpg,Ladakhi,26
cattle\Sahiwal\Sahiwal_110.png,Sahiwal,45
cattle\ponwar\image_279x181_39.jpg,ponwar,63
cattle\nagori\image_193x262_31.jpg,nagori,62
cattle\Kangayam\Kangayam_27.jpg,Kangayam,17
cattle\Tharparkar\Tharparkar_181.png,Tharparkar,48
cattle\Jaffrabadi\Jaffrabadi_100.png,Jaffrabadi,15
cattle\Mehsana\Mehsana_34.jpg,Mehsana,29
cattle\Toda\Toda_56.jpg,Toda,49
cattle\Toda\Toda_116.jpg,Toda,49
cattle\Poda Thirupu\image_300x168_49.jpg,Poda Thirupu,37
cattle\motu\image_275x181_56.jpg,motu,61
cattle\Sahiwal\Sahiwal_166.png,Sahiwal,45
cattle\Toda\Toda_24.jpg,Toda,49
cattle\Ayrshire\Ayrshire_144.jpg,Ayrshire,2
cattle\Hallikar\Hallikar_152.jpg,Hallikar,11
cattle\ghumsari\image_168x300_4.jpg,ghumsari,58
cattle\Ayrshire\Ayrshire_3.jpg,Ayrshire,2
cattle\malvi\image_266x189_46.jpg,malvi,60
cattle\Himachali Pahari\Top_10_Black_Cattle_Breeds_An_Overview (2).jpg,Himachali Pahari,13
cattle\Umblachery\image_259x194_13.jpg,Umblachery,50
cattle\Kangayam\image_168x300_28.jpg,Kangayam,17
cattle\thutho\Visually_searched_image.jpg,thutho,65
cattle\Rathi\00000101.jpg,Rathi,41
cattle\Red_Dane\Red_Dane_155.jpg,Red_Dane,43
cattle\Toda\Toda_121.jpg,Toda,49
cattle\Rathi\00000030.jpg,Rathi,41
cattle\Purnea\image_299x168_53 (2).jpg,Purnea,40
cattle\dagri\Visually_searched_image.jpg,dagri,55
cattle\Gir\Gir_129.jpg,Gir,9
cattle\ghumsari\image_168x300_12.jpg,ghumsari,58
cattle\Kasargod\00000002.jpg,Kasargod,19
cattle\Nagpuri\Nagpuri_37.jpg,Nagpuri,32
cattle\Gir\Gir_172.jpg,Gir,9
cattle\Sahiwal\Sahiwal_306.jpg,Sahiwal,45
cattle\Nimari\00000388.JPG,Nimari,35
cattle\gangatari\Breeds_of_cattle_buffalo_Agriculture.jpg,gangatari,56
cattle\Khariar\image_259x194_8.jpg,Khariar,21
cattle\Jersey\Jersey_168.jpg,Jersey,16
cattle\Jersey\Jersey_10.jpg,Jersey,16
cattle\Nagpuri\Nagpuri_123.jpg,Nagpuri,32
cattle\Pulikulam\Pulikulam_57.jpg,Pulikulam,38
cattle\Ayrshire\Ayrshire_139.jpg,Ayrshire,2
cattle\Jaffrabadi\Jaffrabadi_67.jpg,Jaffrabadi,15
cattle\Sahiwal\Sahiwal_249.jpg,Sahiwal,45
cattle\Nari\image_225x225_28.jpg,Nari,33
cattle\Holstein_Friesian\Holstein_Friesian_154.jpg,Holstein_Friesian,14
cattle\Vechur\00000141.jpg,Vechur,51
cattle\nagori\image_152x331_56.jpg,nagori,62
cattle\bachaur\image_200x150_66.jpg,bachaur,52
cattle\gangatari\image_259x194_34.jpg,gangatari,56
cattle\Khillari\Khillari_15.png,Khillari,22
cattle\Sahiwal\Sahiwal_278.jpg,Sahiwal,45
cattle\Holstein_Friesian\Holstein_Friesian_101.jpg,Holstein_Friesian,14
cattle\Jaffrabadi\Jaffrabadi_13.png,Jaffrabadi,15
cattle\bachaur\Bachaur_Cow_.jpg,bachaur,52
cattle\Sahiwal\Sahiwal_36.jpg,Sahiwal,45
cattle\Amritmahal\Amritmahal_37.jpg,Amritmahal,1
cattle\Himachali Pahari\image_222x228_7.jpg,Himachali Pahari,13
cattle\Khariar\image_290x174_2.jpg,Khariar,21
cattle\Sahiwal\Sahiwal_274.jpg,Sahiwal,45
cattle\ghumsari\image_168x300_8 (2).jpg,ghumsari,58
cattle\Mehsana\Mehsana_74.jpg,Mehsana,29
cattle\Surti\Surti_52.png,Surti,47
cattle\gangatari\UP-_ (3).jpg,gangatari,56
cattle\Dangi\image_259x194_10.jpg,Dangi,7
cattle\Amritmahal\Amritmahal_94.jpg,Amritmahal,1
cattle\Amritmahal\image_201x251_68.jpg,Amritmahal,1
cattle\Kenkatha\image_168x300_59.jpg,Kenkatha,20
cattle\bachaur\image_289x174_54.jpg,bachaur,52
cattle\nagori\image_259x194_27 (2).jpg,nagori,62
cattle\Kosali\image_259x194_17.jpg,Kosali,24
cattle\Mehsana\Mehsana_87.png,Mehsana,29
cattle\dagri\image_194x259_45.jpg,dagri,55
cattle\Red_Sindhi\Red_Sindhi_14.png,Red_Sindhi,44
cattle\Poda Thirupu\image_168x300_13.jpg,Poda Thirupu,37
cattle\Shweta Kapila\image_225x225_18.jpg,Shweta Kapila,46
cattle\Sahiwal\Sahiwal_261.jpg,Sahiwal,45
cattle\Kosali\image_299x168_5.jpg,Kosali,24
cattle\Mewati\Visually_searched_image.jpg,Mewati,30
cattle\Vechur\00000169.jpg,Vechur,51
cattle\Kankrej\Kankrej_102.jpg,Kankrej,18
cattle\Ayrshire\Ayrshire_111.jpg,Ayrshire,2
cattle\Sahiwal\Sahiwal_100.jpg,Sahiwal,45
cattle\Kasargod\Screenshot (986).png,Kasargod,19
cattle\ghumsari\image_194x259_30.jpg,ghumsari,58
cattle\Gir\Gir_247.jpg,Gir,9
cattle\Amritmahal\Amritmahal_6.png,Amritmahal,1
cattle\bachaur\image_259x194_37.jpg,bachaur,52
cattle\bachaur\image_283x178_4.jpg,bachaur,52
cattle\Khillari\Khillari_97.jpg,Khillari,22
cattle\Jersey\Jersey_145.jpg,Jersey,16
cattle\Krishna_Valley\Krishna_Valley_19.jpg,Krishna_Valley,25
cattle\Tharparkar\Tharparkar_77.jpg,Tharparkar,48
cattle\Ayrshire\Ayrshire_102.jpg,Ayrshire,2
cattle\ponwar\image_259x194_52.jpg,ponwar,63
cattle\Pulikulam\Pulikulam_4.JPG,Pulikulam,38
cattle\Purnea\image_281x179_54.jpg,Purnea,40
cattle\Kosali\image_317x159_2.jpg,Kosali,24
cattle\Purnea\image_168x300_56.jpg,Purnea,40
cattle\thutho\image_300x168_46.jpg,thutho,65
cattle\Kenkatha\image_259x194_21.jpg,Kenkatha,20
cattle\Umblachery\image_275x183_56 (2).jpg,Umblachery,50
cattle\Khariar\image_259x194_7.jpg,Khariar,21
cattle\Toda\Toda_80.jpg,Toda,49
cattle\Rathi\Screenshot (966).png,Rathi,41
cattle\Mehsana\Mehsana_16.png,Mehsana,29
cattle\siri\image_246x204_67.jpg,siri,64
cattle\Jersey\Jersey_19.jpg,Jersey,16
cattle\siri\image_205x179_65.jpg,siri,64
cattle\Malnad_gidda\Screenshot (1133).png,Malnad_gidda,28
cattle\bhelai\ezgif-frame-015.jpg,bhelai,54
cattle\Brown_Swiss\Brown_Swiss_89.jpg,Brown_Swiss,6
cattle\gangatari\image_300x168_39.jpg,gangatari,56
cattle\Red_Dane\Red_Dane_158.jpg,Red_Dane,43
cattle\Pulikulam\Pulikulam_75.jpg,Pulikulam,38
cattle\siri\image_277x182_32.jpg,siri,64
cattle\Purnea\image_300x168_48 (2).jpg,Purnea,40
cattle\Ayrshire\Ayrshire_122.jpg,Ayrshire,2
cattle\Guernsey\Guernsey_111.jpg,Guernsey,10
cattle\Tharparkar\Tharparkar_143.jpg,Tharparkar,48
cattle\Kenkatha\image_188x268_6.jpg,Kenkatha,20
cattle\Mewati\image_259x194_23.jpg,Mewati,30
cattle\Vechur\00000090.jpg,Vechur,51
cattle\Vechur\00000142.jpg,Vechur,51
cattle\Vechur\00000209.jpg,Vechur,51
cattle\Tharparkar\Tharparkar_27.jpg,Tharparkar,48
cattle\bhelai\ezgif-frame-035.jpg,bhelai,54
cattle\Tharparkar\Tharparkar_211.jpg,Tharparkar,48
cattle\Tharparkar\Tharparkar_159.jpg,Tharparkar,48
cattle\Guernsey\Guernsey_21.jpg,Guernsey,10
cattle\Kankrej\Kankrej_101.jpg,Kankrej,18
cattle\Banni\00000159.jpg,Banni,3
cattle\Holstein_Friesian\Holstein_Friesian_250.jpg,Holstein_Friesian,14
cattle\Dangi\image_299x168_52.jpg,Dangi,7
cattle\Jersey\Jersey_31.jpg,Jersey,16
cattle\Malnad_gidda\00000112.JPG,Malnad_gidda,28
cattle\ponwar\image_259x194_26.jpg,ponwar,63
cattle\Mewati\image_251x201_1.jpg,Mewati,30
cattle\Brown_Swiss\Brown_Swiss_68.jpg,Brown_Swiss,6
cattle\Hallikar\Hallikar_138.png,Hallikar,11
cattle\Dangi\image_275x183_46.jpg,Dangi,7
cattle\motu\image_264x191_5.jpg,motu,61
cattle\ghumsari\image_168x300_5.jpg,ghumsari,58
cattle\Jaffrabadi\Jaffrabadi_57.jpg,Jaffrabadi,15
cattle\motu\image_265x190_8.jpg,motu,61
cattle\Krishna_Valley\Krishna_Valley_11.jpg,Krishna_Valley,25
cattle\Bargur\Bargur_65.png,Bargur,4
cattle\motu\image_299x168_48.jpg,motu,61
cattle\Kangayam\Kangayam_92.jpg,Kangayam,17
cattle\nagori\image_169x298_10.jpg,nagori,62
cattle\Himachali Pahari\image_275x183_44.jpg,Himachali Pahari,13
cattle\dagri\image_225x225_41.jpg,dagri,55
cattle\Konkan Kapila\image_259x194_16.jpg,Konkan Kapila,23
cattle\Red kandhari\image_225x225_15.jpg,Red kandhari,42
cattle\Red kandhari\Visually_searched_image (2).jpg,Red kandhari,42
cattle\Kankrej\Kankrej_154.jpg,Kankrej,18
cattle\Murrah\Murrah_82.jpg,Murrah,31
cattle\Khariar\image_261x193_4.jpg,Khariar,21
cattle\Ongole\Ongole_62.png,Ongole,36
cattle\Mewati\image_281x179_52.jpg,Mewati,30
cattle\Holstein_Friesian\Holstein_Friesian_256.jpg,Holstein_Friesian,14
cattle\Punganur\image_226x223_48.jpg,Punganur,39
cattle\Bhadawari\Bhadawari_31.jpg,Bhadawari,5
cattle\siri\image_225x225_47 (2).jpg,siri,64
cattle\Sahiwal\Sahiwal_326.png,Sahiwal,45
cattle\malvi\image_201x251_2.jpg,malvi,60
cattle\malvi\image_162x311_60.jpg,malvi,60
cattle\Purnea\image_259x194_3.jpg,Purnea,40
cattle\Kangayam\Kangayam_68.jpg,Kangayam,17
cattle\Lakhimi\image_168x300_13.jpg,Lakhimi,27
cattle\Konkan Kapila\image_259x194_14 (3).jpg,Konkan Kapila,23
cattle\Shweta Kapila\Visually_searched_image (3).jpg,Shweta Kapila,46
cattle\Ongole\Ongole_108.png,Ongole,36
cattle\Red kandhari\image_259x194_49.jpg,Red kandhari,42
cattle\thutho\Visually_searched_image (3).jpg,thutho,65
cattle\malvi\image_168x300_59.jpg,malvi,60
cattle\ghumsari\Screenshot 2025-09-24 191804.png,ghumsari,58
cattle\Jersey\Jersey_165.jpg,Jersey,16
cattle\gaolao\My_Daily_Cow_Dajjal_at_krankykidscom.jpg,gaolao,57
cattle\Alambadi\Alambadi_25.png,Alambadi,0
cattle\Ayrshire\Ayrshire_142.jpg,Ayrshire,2
cattle\Konkan Kapila\image_233x172_16.jpg,Konkan Kapila,23
cattle\Amritmahal\Amritmahal_71.jpg,Amritmahal,1
cattle\Tharparkar\Tharparkar_104.jpg,Tharparkar,48
cattle\Alambadi\Alambadi_6.png,Alambadi,0
cattle\Holstein_Friesian\Holstein_Friesian_134.jpg,Holstein_Friesian,14
cattle\Punganur\image_225x225_46.jpg,Punganur,39
cattle\bachaur\image_300x168_64.jpg,bachaur,52
cattle\Kenkatha\image_205x277_2.jpg,Kenkatha,20
cattle\Lakhimi\image_259x194_7.jpg,Lakhimi,27
cattle\Kasargod\00000346.jpg,Kasargod,19
cattle\Nagpuri\Nagpuri_182.jpg,Nagpuri,32
cattle\Kenkatha\image_185x273_55.jpg,Kenkatha,20
cattle\Banni\00000223.jpg,Banni,3
cattle\Kangayam\image_276x183_52.jpg,Kangayam,17
cattle\motu\image_205x367_56.jpg,motu,61
cattle\Sahiwal\Sahiwal_197.jpg,Sahiwal,45
cattle\Nili_Ravi\Nili_Ravi_43.jpg,Nili_Ravi,34
cattle\Hariana\Hariana_14.png,Hariana,12
cattle\Shweta Kapila\image_225x225_43.jpg,Shweta Kapila,46
cattle\Murrah\Murrah_30.jpg,Murrah,31
cattle\Ladakhi\image_250x191_19.jpg,Ladakhi,26
cattle\Gir\Gir_298.jpg,Gir,9
cattle\Gir\Gir_81.jpg,Gir,9
cattle\Lakhimi\image_194x259_43.jpg,Lakhimi,27
cattle\Shweta Kapila\image_226x223_51.jpg,Shweta Kapila,46
cattle\Kosali\image_299x168_5 (2).jpg,Kosali,24
cattle\Nimari\00000377.jpg,Nimari,35
cattle\nagori\image_259x194_29.jpg,nagori,62
cattle\Jersey\Jersey_114.jpg,Jersey,16
cattle\ponwar\image_299x168_17.jpg,ponwar,63
cattle\Khillari\Khillari_41.jpg,Khillari,22
cattle\Brown_Swiss\Brown_Swiss_119.jpg,Brown_Swiss,6
cattle\Holstein_Friesian\Holstein_Friesian_56.jpg,Holstein_Friesian,14
cattle\Shweta Kapila\image_190x266_36.jpg,Shweta Kapila,46
cattle\gangatari\image_168x300_60.jpg,gangatari,56
cattle\ponwar\image_245x170_43.jpg,ponwar,63
cattle\Purnea\image_275x183_44.jpg,Purnea,40
cattle\Khillari\Khillari_114.jpg,Khillari,22
cattle\Shweta Kapila\image_259x194_34.jpg,Shweta Kapila,46
cattle\Ayrshire\Ayrshire_175.jpg,Ayrshire,2
cattle\Purnea\image_201x251_63.jpg,Purnea,40
cattle\Red kandhari\image_275x183_11 (2).jpg,Red kandhari,42
cattle\Ladakhi\image_237x213_2.jpg,Ladakhi,26
cattle\Brown_Swiss\Brown_Swiss_225.jpg,Brown_Swiss,6
cattle\Sahiwal\Sahiwal_404.jpg,Sahiwal,45
cattle\Himachali Pahari\image_259x194_19 (2).jpg,Himachali Pahari,13
cattle\Kankrej\Kankrej_57.png,Kankrej,18
cattle\Tharparkar\Tharparkar_42.jpg,Tharparkar,48
cattle\Gir\Gir_268.jpg,Gir,9
cattle\Sahiwal\Sahiwal_387.jpg,Sahiwal,45
cattle\Himachali Pahari\image_260x194_4 (2).jpg,Himachali Pahari,13
cattle\Kangayam\image_279x181_41.jpg,Kangayam,17
cattle\Himachali Pahari\image_259x195_2.jpg,Himachali Pahari,13
cattle\ghumsari\image_259x194_34 (2).jpg,ghumsari,58
cattle\Khillari\Khillari_32.jpg,Khillari,22
cattle\Pulikulam\Pulikulam_23.jpg,Pulikulam,38
cattle\Brown_Swiss\Brown_Swiss_53.jpg,Brown_Swiss,6
cattle\Deoni\Deoni_19.jpg,Deoni,8
cattle\Rathi\00000134.jpg,Rathi,41
cattle\ponwar\image_253x199_20.jpg,ponwar,63
cattle\badri\Bargur_Dairy_Knowledge_Portal.jpg,badri,53
cattle\Sahiwal\Sahiwal_446.jpg,Sahiwal,45
cattle\Sahiwal\Sahiwal_342.jpg,Sahiwal,45
cattle\Shweta Kapila\image_331x152_66.jpg,Shweta Kapila,46
cattle\bhelai\IMPORTANT_BREEDS_OF_CATTLE.jpg,bhelai,54
cattle\Toda\Toda_103.jpg,Toda,49
cattle\Alambadi\Alambadi_58.png,Alambadi,0
cattle\Malnad_gidda\00000051.jpg,Malnad_gidda,28
cattle\Guernsey\Guernsey_46.jpg,Guernsey,10
cattle\Ladakhi\image_322x156_63.jpg,Ladakhi,26
cattle\dagri\image_225x225_40.jpg,dagri,55
cattle\ghumsari\image_168x300_10 (3).jpg,ghumsari,58
cattle\ghumsari\image_168x300_4 (3).jpg,ghumsari,58
cattle\Hallikar\Hallikar_41.jpg,Hallikar,11
cattle\Mehsana\Mehsana_15.png,Mehsana,29
cattle\Toda\Toda_55.jpg,Toda,49
cattle\kherigarh\image_245x206_4.jpg,kherigarh,59
cattle\gangatari\image_225x224_35.jpg,gangatari,56
cattle\Gir\Gir_253.jpg,Gir,9
cattle\Holstein_Friesian\Holstein_Friesian_128.jpg,Holstein_Friesian,14
cattle\Ayrshire\Ayrshire_72.jpg,Ayrshire,2
cattle\Holstein_Friesian\Holstein_Friesian_299.jpg,Holstein_Friesian,14
cattle\Kosali\image_259x194_11 (2).jpg,Kosali,24
cattle\Punganur\image_300x168_37.jpg,Punganur,39
cattle\Lakhimi\image_310x163_33 (2).jpg,Lakhimi,27
cattle\motu\image_259x194_19 (3).jpg,motu,61
cattle\nagori\image_168x300_12.jpg,nagori,62
cattle\Poda Thirupu\image_167x301_45.jpg,Poda Thirupu,37
cattle\Ayrshire\Ayrshire_9.jpg,Ayrshire,2
cattle\thutho\image_314x161_59.jpg,thutho,65
cattle\Red kandhari\image_378x133_61.jpg,Red kandhari,42
cattle\Mewati\image_275x183_46.jpeg,Mewati,30
cattle\Kangayam\Kangayam_37.jpg,Kangayam,17
cattle\Red_Dane\Red_Dane_93.jpg,Red_Dane,43
cattle\Holstein_Friesian\Holstein_Friesian_37.jpg,Holstein_Friesian,14
cattle\Ayrshire\Ayrshire_8.jpg,Ayrshire,2
cattle\badri\image_168x300_9.jpg,badri,53
cattle\Khariar\image_259x194_9 (2).jpg,Khariar,21
cattle\nagori\image_252x200_45.jpg,nagori,62
cattle\gaolao\GO-GIVER_-_Telegraph_India.jpg,gaolao,57
cattle\Kenkatha\image_169x299_12.jpg,Kenkatha,20
cattle\siri\image_300x168_56.jpg,siri,64
cattle\malvi\image_232x217_52.jpg,malvi,60
cattle\Himachali Pahari\image_224x225_39.jpg,Himachali Pahari,13
cattle\Bargur\Bargur_39.png,Bargur,4
cattle\ghumsari\image_194x259_46.jpg,ghumsari,58
cattle\Murrah\Murrah_131.jpg,Murrah,31
cattle\Vechur\00000162.jpg,Vechur,51
cattle\thutho\image_221x229_53.jpg,thutho,65
cattle\Kenkatha\image_260x194_1.jpg,Kenkatha,20
cattle\kherigarh\image_276x183_1.jpg,kherigarh,59
cattle\Sahiwal\Sahiwal_104.jpg,Sahiwal,45
cattle\siri\image_205x161_44.jpg,siri,64
cattle\Lakhimi\image_259x194_8.jpg,Lakhimi,27
cattle\Amritmahal\Amritmahal_93.jpg,Amritmahal,1
cattle\Krishna_Valley\Krishna_Valley_104.jpg,Krishna_Valley,25
cattle\Bhadawari\Bhadawari_44.jpg,Bhadawari,5
cattle\Kenkatha\image_259x194_8.jpg,Kenkatha,20
cattle\Lakhimi\image_300x168_35.jpg,Lakhimi,27
cattle\Kangayam\image_168x300_37.jpg,Kangayam,17
cattle\Lakhimi\image_194x259_45 (2).jpg,Lakhimi,27
cattle\Surti\Surti_4.jpg,Surti,47
cattle\Shweta Kapila\image_259x194_18.jpg,Shweta Kapila,46
cattle\dagri\image_120x84_65.jpg,dagri,55
cattle\badri\Badri_Cow_Bulls_With_Long_Horns_ (1).jpg,badri,53
cattle\Nari\image_259x194_43.jpg,Nari,33
cattle\Tharparkar\Tharparkar_115.jpg,Tharparkar,48
cattle\malvi\image_225x225_10.jpg,malvi,60
cattle\Gir\Gir_299.jpg,Gir,9
cattle\bhelai\Screenshot 2025-09-24 183233.png,bhelai,54
cattle\Gir\Gir_218.jpg,Gir,9
cattle\Purnea\image_245x206_54 (2).jpg,Purnea,40
cattle\Hariana\Hariana_101.png,Hariana,12
cattle\Amritmahal\Amritmahal_24.png,Amritmahal,1
cattle\ponwar\image_268x188_37.jpg,ponwar,63
cattle\Punganur\Punganur_dwarf_cattle_breed_.jpg,Punganur,39
cattle\Ayrshire\Ayrshire_223.jpg,Ayrshire,2
cattle\Purnea\image_259x194_6 (3).jpg,Purnea,40
cattle\siri\image_250x166_58.jpg,siri,64
cattle\Kasargod\00000056.jpg,Kasargod,19
cattle\Kosali\image_168x300_4.jpg,Kosali,24
cattle\Nimari\00000386.jpg,Nimari,35
cattle\malvi\image_275x183_46.jpg,malvi,60
cattle\Umblachery\image_194x259_42.jpg,Umblachery,50
cattle\Tharparkar\Tharparkar_196.jpg,Tharparkar,48
cattle\Khillari\Khillari_40.jpg,Khillari,22
cattle\Holstein_Friesian\Holstein_Friesian_94.jpg,Holstein_Friesian,14
cattle\Nari\image_255x198_31.jpg,Nari,33
cattle\Punganur\cow_at_Our_Goshala_Punganur_Cows_.jpg,Punganur,39
cattle\Konkan Kapila\image_275x183_2.jpg,Konkan Kapila,23
cattle\Nari\image_150x335_64.jpg,Nari,33
cattle\Pulikulam\Pulikulam_64.jpg,Pulikulam,38
cattle\Purnea\image_275x183_33.jpg,Purnea,40
cattle\Nagpuri\Nagpuri_10.png,Nagpuri,32
cattle\siri\image_259x194_13 (2).jpg,siri,64
cattle\Himachali Pahari\image_255x198_3 (2).jpg,Himachali Pahari,13
cattle\Hariana\Hariana_68.png,Hariana,12
cattle\malvi\Visually_searched_image.jpg,malvi,60
cattle\nagori\image_225x225_37.jpg,nagori,62
cattle\Bargur\Bargur_92.jpg,Bargur,4
cattle\thutho\image_197x196_58.jpg,thutho,65
cattle\Nari\image_120x400_72.jpg,Nari,33
cattle\motu\image_300x168_43.jpg,motu,61
cattle\Sahiwal\Sahiwal_5.JPG,Sahiwal,45
cattle\Kosali\image_259x194_13.jpg,Kosali,24
cattle\Sahiwal\Sahiwal_370.png,Sahiwal,45
cattle\Holstein_Friesian\Holstein_Friesian_295.jpg,Holstein_Friesian,14
cattle\siri\image_225x225_48 (2).jpg,siri,64
cattle\ponwar\image_259x194_48.jpg,ponwar,63
cattle\Khillari\Khillari_92.png,Khillari,22
cattle\Holstein_Friesian\Holstein_Friesian_319.jpg,Holstein_Friesian,14
cattle\Vechur\Screenshot (275).png,Vechur,51
cattle\Mewati\image_259x194_24 (2).jpg,Mewati,30
cattle\Punganur\image_70x46_84.jpg,Punganur,39
cattle\Nili_Ravi\Nili_Ravi_8.jpg,Nili_Ravi,34
cattle\Nili_Ravi\Nili_Ravi_2.png,Nili_Ravi,34
cattle\Tharparkar\Tharparkar_180.png,Tharparkar,48
cattle\Umblachery\image_259x194_10 (2).jpg,Umblachery,50
cattle\Hallikar\Hallikar_26.png,Hallikar,11
cattle\Purnea\image_259x194_45.jpg,Purnea,40
cattle\Lakhimi\image_299x168_40 (2).jpg,Lakhimi,27
cattle\siri\image_205x164_32.jpg,siri,64
cattle\badri\image_168x300_12.jpg,badri,53
cattle\Kangayam\image_200x200_14.jpg,Kangayam,17
cattle\Murrah\Murrah_169.jpeg,Murrah,31
cattle\Kangayam\image_225x225_1.jpg,Kangayam,17
cattle\Sahiwal\Sahiwal_191.jpg,Sahiwal,45
cattle\badri\Indian_Cow_Images_Browse_9137_Stock_.jpg,badri,53
cattle\nagori\image_168x300_27.jpg,nagori,62
cattle\Nimari\00000361.jpg,Nimari,35
cattle\Shweta Kapila\image_168x300_28.jpg,Shweta Kapila,46
cattle\Kasargod\00000345.jpg,Kasargod,19
cattle\Mehsana\Mehsana_41.jpg,Mehsana,29
cattle\Brown_Swiss\Brown_Swiss_157.jpg,Brown_Swiss,6
cattle\badri\image_222x227_49.jpg,badri,53
cattle\Jersey\Jersey_154.jpg,Jersey,16
cattle\Gir\Gir_264.jpg,Gir,9
cattle\gangatari\Screenshot 2025-09-24 191452.png,gangatari,56
cattle\Rathi\00000113.JPG,Rathi,41
cattle\Shweta Kapila\image_194x259_45.jpg,Shweta Kapila,46
cattle\ghumsari\Ongole_163.jpg,ghumsari,58
cattle\ponwar\image_275x183_39 (2).jpg,ponwar,63
cattle\bhelai\ezgif-frame-083.jpg,bhelai,54
cattle\Brown_Swiss\Brown_Swiss_152.jpg,Brown_Swiss,6
cattle\Umblachery\Umblachery_27.png,Umblachery,50
cattle\badri\the_9_new_desi_breeds_of_livestock_ICAR_.jpg,badri,53
cattle\Nili_Ravi\Nili_Ravi_39.jpg,Nili_Ravi,34
cattle\Kankrej\Kankrej_7.jpeg,Kankrej,18
cattle\Ladakhi\image_168x300_1.jpg,Ladakhi,26
cattle\thutho\image_275x183_48.jpg,thutho,65
cattle\Deoni\Deoni_17.jpg,Deoni,8
cattle\Kosali\image_259x194_18.jpg,Kosali,24
cattle\Kangayam\image_201x251_36.jpg,Kangayam,17
cattle\Shweta Kapila\image_252x200_46.jpg,Shweta Kapila,46
cattle\Konkan Kapila\image_255x198_1.jpg,Konkan Kapila,23
cattle\Red_Sindhi\Red_Sindhi_6.JPG,Red_Sindhi,44
cattle\Red_Dane\Red_Dane_2.jpg,Red_Dane,43
cattle\Dangi\Screenshot (376).png,Dangi,7
cattle\Red_Sindhi\Red_Sindhi_13.jpg,Red_Sindhi,44
cattle\Kenkatha\image_259x194_10.jpg,Kenkatha,20
cattle\Dangi\00000180.jpg,Dangi,7
cattle\Shweta Kapila\image_259x194_28.jpg,Shweta Kapila,46
cattle\Murrah\Murrah_108.jpg,Murrah,31
cattle\Nagpuri\Nagpuri_67.jpeg,Nagpuri,32
cattle\badri\Badri_Pahadi_cows_get_to_graze_in_the_.jpg,badri,53
cattle\Bhadawari\Bhadawari_49.jpg,Bhadawari,5
cattle\Toda\Toda_17.jpg,Toda,49
cattle\Hariana\Hariana_21.png,Hariana,12
cattle\Bhadawari\Bhadawari_79.jpg,Bhadawari,5
cattle\Brown_Swiss\Brown_Swiss_189.jpg,Brown_Swiss,6
cattle\badri\Cow_Breeds_8_Indian_cow_varieties_and_.jpg,badri,53
cattle\Lakhimi\image_259x194_10.jpg,Lakhimi,27
cattle\Kenkatha\image_251x201_3.jpg,Kenkatha,20
cattle\Nagpuri\Nagpuri_101.jpg,Nagpuri,32
cattle\Kenkatha\image_259x194_14 (2).jpg,Kenkatha,20
cattle\Sahiwal\Sahiwal_160.jpg,Sahiwal,45
cattle\Tharparkar\Tharparkar_73.jpg,Tharparkar,48
cattle\Hallikar\Hallikar_60.png,Hallikar,11
cattle\Nili_Ravi\Nili_Ravi_83.jpg,Nili_Ravi,34
cattle\Ayrshire\Ayrshire_54.jpg,Ayrshire,2
cattle\motu\image_259x194_15 (2).jpg,motu,61
cattle\Holstein_Friesian\Holstein_Friesian_121.jpg,Holstein_Friesian,14
cattle\Nili_Ravi\Nili_Ravi_55.jpg,Nili_Ravi,34
cattle\Mehsana\Mehsana_59.jpg,Mehsana,29
cattle\Umblachery\Umblachery_67.png,Umblachery,50
cattle\Banni\00000073.jpg,Banni,3
cattle\malvi\image_275x183_55.jpg,malvi,60
cattle\Holstein_Friesian\Holstein_Friesian_87.jpg,Holstein_Friesian,14
cattle\Sahiwal\Sahiwal_146.jpg,Sahiwal,45
cattle\Ayrshire\Ayrshire_218.jpg,Ayrshire,2
cattle\Ladakhi\image_240x180_14.jpg,Ladakhi,26
cattle\Mehsana\Mehsana_81.jpg,Mehsana,29
cattle\Kasargod\00000007.jpg,Kasargod,19
cattle\Punganur\image_259x194_40.jpg,Punganur,39
cattle\Hariana\Hariana_61.jpg,Hariana,12
cattle\Shweta Kapila\image_225x225_16.jpg,Shweta Kapila,46
cattle\Sahiwal\Sahiwal_113.jpeg,Sahiwal,45
cattle\Shweta Kapila\image_225x224_38.jpg,Shweta Kapila,46
cattle\Toda\Toda_14.jpg,Toda,49
cattle\Kankrej\Kankrej_118.jpg,Kankrej,18
cattle\Lakhimi\image_194x259_46.jpg,Lakhimi,27
cattle\Amritmahal\image_252x200_55.jpg,Amritmahal,1
cattle\Jersey\Jersey_87.jpg,Jersey,16
cattle\motu\image_257x196_8.jpg,motu,61
cattle\Kosali\image_225x225_1.jpg,Kosali,24
cattle\nagori\image_274x184_52.jpg,nagori,62
cattle\Tharparkar\Tharparkar_138.jpg,Tharparkar,48
cattle\Gir\Gir_231.jpg,Gir,9
cattle\Nari\image_174x289_60.jpg,Nari,33
cattle\Khillari\Khillari_6.jpg,Khillari,22
cattle\malvi\image_250x140_70.jpg,malvi,60
cattle\Khariar\image_256x197_5.jpg,Khariar,21
cattle\Kasargod\Screenshot (988).png,Kasargod,19
cattle\Ladakhi\image_194x259_2.jpg,Ladakhi,26
cattle\Red kandhari\image_275x183_15 (3).jpg,Red kandhari,42
cattle\Red kandhari\image_249x202_50.jpg,Red kandhari,42
cattle\motu\image_259x195_2.jpg,motu,61
cattle\Hallikar\Hallikar_125.jpg,Hallikar,11
cattle\Pulikulam\Pulikulam_36.jpg,Pulikulam,38
cattle\Kosali\image_259x194_9.jpg,Kosali,24
cattle\Krishna_Valley\Krishna_Valley_125.jpg,Krishna_Valley,25
cattle\Lakhimi\image_300x168_43.jpg,Lakhimi,27
cattle\malvi\image_260x194_36.jpg,malvi,60
cattle\Toda\Toda_107.jpg,Toda,49
cattle\Murrah\Murrah_123.jpg,Murrah,31
cattle\Brown_Swiss\Brown_Swiss_167.jpg,Brown_Swiss,6
cattle\Purnea\image_275x183_34 (2).jpg,Purnea,40
cattle\Krishna_Valley\Krishna_Valley_105.jpg,Krishna_Valley,25
cattle\Purnea\image_168x300_55.jpg,Purnea,40
cattle\Sahiwal\Sahiwal_286.jpg,Sahiwal,45
cattle\Amritmahal\Amritmahal_3.png,Amritmahal,1
cattle\Banni\00000177.jpg,Banni,3
cattle\Ladakhi\image_251x201_5.jpg,Ladakhi,26
cattle\Kankrej\Kankrej_20.png,Kankrej,18
cattle\Purnea\image_272x185_36.jpg,Purnea,40
cattle\dagri\image_194x259_58.jpg,dagri,55
cattle\siri\image_194x259_33.jpg,siri,64
cattle\Tharparkar\Tharparkar_13.png,Tharparkar,48
cattle\Tharparkar\Tharparkar_61.png,Tharparkar,48
cattle\Sahiwal\Sahiwal_239.jpg,Sahiwal,45
cattle\Holstein_Friesian\Holstein_Friesian_21.jpg,Holstein_Friesian,14
cattle\Umblachery\image_168x300_35 (2).jpg,Umblachery,50
cattle\Red_Sindhi\Red_Sindhi_63.jpg,Red_Sindhi,44
cattle\Brown_Swiss\Brown_Swiss_85.jpg,Brown_Swiss,6
cattle\Himachali Pahari\image_194x259_3 (2).jpg,Himachali Pahari,13
cattle\Punganur\image_259x194_38.jpg,Punganur,39
cattle\Ayrshire\Ayrshire_208.jpg,Ayrshire,2
cattle\motu\image_225x225_41.jpeg,motu,61
cattle\Kasargod\00000012.jpg,Kasargod,19
cattle\Ladakhi\image_238x212_4.jpg,Ladakhi,26
cattle\Dangi\image_259x194_27.jpg,Dangi,7
cattle\Krishna_Valley\Krishna_Valley_97.jpg,Krishna_Valley,25
cattle\Ayrshire\Ayrshire_83.jpg,Ayrshire,2
cattle\Ongole\Ongole_142.jpg,Ongole,36
cattle\Red_Dane\Red_Dane_89.jpg,Red_Dane,43
cattle\kherigarh\image_259x194_4.jpg,kherigarh,59
cattle\Red_Sindhi\Red_Sindhi_32.jpg,Red_Sindhi,44
cattle\Umblachery\image_335x151_52.jpg,Umblachery,50
cattle\Purnea\image_259x194_8 (5).jpg,Purnea,40
cattle\Dangi\00000175.jpg,Dangi,7
cattle\Khillari\Khillari_49.jpg,Khillari,22
cattle\Amritmahal\image_266x190_26.jpg,Amritmahal,1
cattle\Nari\image_201x251_15.jpg,Nari,33
cattle\Purnea\image_180x128_62.jpg,Purnea,40
cattle\Sahiwal\Sahiwal_56.jpg,Sahiwal,45
cattle\Bargur\image_259x194_29.jpg,Bargur,4
cattle\Red_Dane\Red_Dane_115.jpg,Red_Dane,43
cattle\Ayrshire\Ayrshire_167.jpg,Ayrshire,2
cattle\Khariar\image_259x194_31.jpg,Khariar,21
cattle\malvi\image_217x232_53.jpg,malvi,60
cattle\nagori\image_259x195_19.jpg,nagori,62
cattle\Kankrej\Kankrej_75.png,Kankrej,18
cattle\bhelai\Screenshot 2025-09-24 183426.png,bhelai,54
cattle\Vechur\Screenshot (297).png,Vechur,51
cattle\Bargur\Bargur_61.jpg,Bargur,4
cattle\Sahiwal\Sahiwal_48.jpg,Sahiwal,45
cattle\Brown_Swiss\Brown_Swiss_72.jpg,Brown_Swiss,6
cattle\Hallikar\Hallikar_79.png,Hallikar,11
cattle\Rathi\Screenshot (968).png,Rathi,41
cattle\Red_Dane\Red_Dane_38.jpg,Red_Dane,43
cattle\Kankrej\Kankrej_144.jpg,Kankrej,18
cattle\Jersey\Jersey_35.jpg,Jersey,16
cattle\Sahiwal\Sahiwal_252.jpg,Sahiwal,45
cattle\Shweta Kapila\image_278x181_52.jpg,Shweta Kapila,46
cattle\Khillari\Khillari_67.jpg,Khillari,22
cattle\Kangayam\image_225x225_15.jpg,Kangayam,17
cattle\Hariana\Hariana_34.png,Hariana,12
cattle\Alambadi\Alambadi_57.jpg,Alambadi,0
cattle\Vechur\00000180.jpeg,Vechur,51
cattle\malvi\image_266x190_42.jpg,malvi,60
cattle\Red kandhari\image_243x208_56.jpg,Red kandhari,42
cattle\kherigarh\image_334x151_1.jpg,kherigarh,59
cattle\Murrah\Murrah_134.jpg,Murrah,31
cattle\siri\image_205x171_26.jpg,siri,64
cattle\gaolao\0059.jpg,gaolao,57
cattle\Gir\Gir_363.png,Gir,9
cattle\Ladakhi\image_260x194_7.jpg,Ladakhi,26
cattle\Murrah\Murrah_137.jpeg,Murrah,31
cattle\Khillari\Khillari_46.jpg,Khillari,22
cattle\Amritmahal\image_215x203_51.jpg,Amritmahal,1
cattle\Shweta Kapila\image_205x246_59.jpg,Shweta Kapila,46
cattle\siri\image_203x116_58.jpg,siri,64
cattle\Nagpuri\Nagpuri_191.jpg,Nagpuri,32
cattle\Tharparkar\Tharparkar_167.jpg,Tharparkar,48
cattle\Krishna_Valley\Krishna_Valley_8.jpg,Krishna_Valley,25
cattle\Purnea\image_200x150_71.jpg,Purnea,40
cattle\Brown_Swiss\Brown_Swiss_127.jpg,Brown_Swiss,6
cattle\Himachali Pahari\image_65x46_1.jpg,Himachali Pahari,13
cattle\Khillari\Khillari_83.jpg,Khillari,22
cattle\Rathi\Screenshot (956).png,Rathi,41
cattle\Red kandhari\image_321x157_57.jpg,Red kandhari,42
cattle\motu\image_261x193_7.jpg,motu,61
cattle\Jaffrabadi\Jaffrabadi_96.jpg,Jaffrabadi,15
cattle\Shweta Kapila\image_234x215_67.jpg,Shweta Kapila,46
cattle\Kankrej\Kankrej_149.jpg,Kankrej,18
cattle\Purnea\image_275x183_62.jpg,Purnea,40
cattle\Punganur\image_168x300_17.jpg,Punganur,39
cattle\Ongole\Ongole_186.jpg,Ongole,36
cattle\Nari\image_275x183_46.jpg,Nari,33
cattle\Nari\image_194x259_24.jpg,Nari,33
cattle\Murrah\Murrah_51.jpeg,Murrah,31
cattle\Kosali\image_265x190_1.jpg,Kosali,24
cattle\Banni\00000034.jpg,Banni,3
cattle\thutho\image_300x168_35.jpg,thutho,65
cattle\Jaffrabadi\Jaffrabadi_69.jpg,Jaffrabadi,15
cattle\Brown_Swiss\Brown_Swiss_135.jpg,Brown_Swiss,6
cattle\ponwar\image_259x194_33.jpg,ponwar,63
cattle\Sahiwal\Sahiwal_92.jpg,Sahiwal,45
cattle\Lakhimi\image_201x251_22.jpg,Lakhimi,27
cattle\Toda\Toda_44.jpg,Toda,49
cattle\Umblachery\image_225x224_26.jpg,Umblachery,50
cattle\dagri\ezgif-frame-077.jpg,dagri,55
cattle\Amritmahal\image_243x207_56.jpg,Amritmahal,1
cattle\gaolao\0039.jpg,gaolao,57
cattle\Vechur\00000392.jpg,Vechur,51
cattle\Nimari\00000382.jpg,Nimari,35
cattle\Shweta Kapila\image_194x259_44.jpg,Shweta Kapila,46
cattle\Kosali\image_259x194_13 (2).jpg,Kosali,24
cattle\dagri\image_300x168_48 (2).jpg,dagri,55
cattle\Holstein_Friesian\Holstein_Friesian_216.jpg,Holstein_Friesian,14
cattle\Nimari\00000256.jpg,Nimari,35
cattle\Alambadi\Alambadi_33.png,Alambadi,0
cattle\Sahiwal\Sahiwal_365.jpg,Sahiwal,45
cattle\Pulikulam\Pulikulam_116.jpg,Pulikulam,38
cattle\Brown_Swiss\Brown_Swiss_16.jpg,Brown_Swiss,6
cattle\Nagpuri\Nagpuri_4.png,Nagpuri,32
cattle\Himachali Pahari\image_259x194_15 (2).jpg,Himachali Pahari,13
cattle\Nagpuri\Nagpuri_171.jpg,Nagpuri,32
cattle\gangatari\37_Nagori_Cattle_Royalty-Free_Images_.jpg,gangatari,56
cattle\Ongole\Ongole_80.png,Ongole,36
cattle\Vechur\00000387.jpg,Vechur,51
cattle\malvi\image_194x259_9.jpg,malvi,60
cattle\Nari\image_200x134_68.jpg,Nari,33
cattle\Pulikulam\Pulikulam_18.jpg,Pulikulam,38
cattle\Brown_Swiss\Brown_Swiss_220.jpg,Brown_Swiss,6
cattle\Konkan Kapila\image_259x194_11 (2).jpg,Konkan Kapila,23
cattle\Umblachery\Umblachery_23.png,Umblachery,50
cattle\nagori\image_201x251_51.jpg,nagori,62
cattle\Shweta Kapila\image_311x162_46.jpg,Shweta Kapila,46
cattle\Sahiwal\Sahiwal_331.jpg,Sahiwal,45
cattle\Nili_Ravi\Nili_Ravi_80.jpg,Nili_Ravi,34
cattle\Konkan Kapila\image_259x194_7 (2).jpg,Konkan Kapila,23
cattle\Dangi\image_259x194_16.jpg,Dangi,7
cattle\thutho\image_259x194_5.jpg,thutho,65
cattle\Guernsey\Guernsey_112.jpg,Guernsey,10
cattle\Holstein_Friesian\Holstein_Friesian_149.jpg,Holstein_Friesian,14
cattle\thutho\image_259x195_1.jpg,thutho,65
cattle\Brown_Swiss\Brown_Swiss_133.jpg,Brown_Swiss,6
cattle\Krishna_Valley\Krishna_Valley_84.jpg,Krishna_Valley,25
cattle\Brown_Swiss\Brown_Swiss_130.jpg,Brown_Swiss,6
cattle\Gir\Gir_353.png,Gir,9
cattle\Poda Thirupu\image_259x194_10.jpg,Poda Thirupu,37
cattle\Umblachery\image_259x194_16 (2).jpg,Umblachery,50
cattle\Murrah\Murrah_107.jpg,Murrah,31
cattle\Nari\image_243x208_71.jpg,Nari,33
cattle\Shweta Kapila\image_237x212_54.jpg,Shweta Kapila,46
cattle\Ongole\Ongole_5.jpg,Ongole,36
cattle\Shweta Kapila\image_259x194_31 (2).jpg,Shweta Kapila,46
cattle\Mewati\image_168x300_1.jpg,Mewati,30
cattle\Murrah\Murrah_116.jpg,Murrah,31
cattle\Ladakhi\image_259x194_16.jpg,Ladakhi,26
cattle\Khariar\image_310x162_7.jpg,Khariar,21
cattle\malvi\image_275x183_57.jpg,malvi,60
cattle\Red kandhari\image_299x168_42.jpg,Red kandhari,42
cattle\Khariar\image_248x203_3.jpg,Khariar,21
cattle\Ayrshire\Ayrshire_88.jpg,Ayrshire,2
cattle\Konkan Kapila\image_259x194_9 (2).jpg,Konkan Kapila,23
cattle\bachaur\image_225x225_11.jpg,bachaur,52
cattle\Kankrej\Kankrej_111.jpg,Kankrej,18
cattle\Red kandhari\image_225x225_16.jpg,Red kandhari,42
cattle\dagri\ezgif-frame-067.jpg,dagri,55
cattle\Surti\Surti_59.jpg,Surti,47
cattle\Gir\Gir_181.jpg,Gir,9
cattle\Rathi\00000176.jpg,Rathi,41
cattle\ponwar\image_125x83_67.jpg,ponwar,63
cattle\Holstein_Friesian\Holstein_Friesian_166.jpg,Holstein_Friesian,14
cattle\Kasargod\00000350.jpg,Kasargod,19
cattle\Murrah\Murrah_127.jpeg,Murrah,31
cattle\Mehsana\Mehsana_21.png,Mehsana,29
cattle\Lakhimi\image_168x300_48.jpg,Lakhimi,27
cattle\bachaur\image_275x183_58.jpg,bachaur,52
cattle\thutho\Visually_searched_image (4).jpg,thutho,65
cattle\gangatari\image_299x168_44.jpg,gangatari,56
cattle\Jaffrabadi\Jaffrabadi_44.jpg,Jaffrabadi,15
cattle\Holstein_Friesian\Holstein_Friesian_265.jpg,Holstein_Friesian,14
cattle\Murrah\Murrah_92.png,Murrah,31
cattle\Jersey\Jersey_36.jpg,Jersey,16
cattle\Holstein_Friesian\Holstein_Friesian_8.jpg,Holstein_Friesian,14
cattle\Dangi\Screenshot (368).png,Dangi,7
cattle\Bargur\image_299x168_39.jpg,Bargur,4
cattle\gangatari\image_267x188_37.jpg,gangatari,56
cattle\Mewati\image_168x300_11.jpg,Mewati,30
cattle\Red_Sindhi\Red_Sindhi_168.jpg,Red_Sindhi,44
cattle\Umblachery\Umblachery_38.png,Umblachery,50
cattle\Kenkatha\image_300x168_47.jpg,Kenkatha,20
cattle\Shweta Kapila\image_215x235_21.jpg,Shweta Kapila,46
cattle\Ladakhi\image_170x297_57.jpg,Ladakhi,26
cattle\Hallikar\Hallikar_55.png,Hallikar,11
cattle\Vechur\Screenshot (283).png,Vechur,51
cattle\Holstein_Friesian\Holstein_Friesian_167.jpg,Holstein_Friesian,14
cattle\Konkan Kapila\image_224x225_5.jpg,Konkan Kapila,23
cattle\Hallikar\Hallikar_6.jpg,Hallikar,11
cattle\Gir\Gir_251.jpg,Gir,9
cattle\Tharparkar\Tharparkar_119.jpg,Tharparkar,48
cattle\Sahiwal\Sahiwal_380.jpg,Sahiwal,45
cattle\Kangayam\image_205x164_59.jpg,Kangayam,17
cattle\Mewati\image_169x298_21.jpg,Mewati,30
cattle\nagori\image_225x224_37.jpg,nagori,62
cattle\Ladakhi\image_225x225_3.jpg,Ladakhi,26
cattle\Red_Dane\Red_Dane_56.jpg,Red_Dane,43
cattle\Kasargod\00000344.jpg,Kasargod,19
cattle\Konkan Kapila\image_259x194_6 (2).jpg,Konkan Kapila,23
cattle\Amritmahal\Amritmahal_57.jpg,Amritmahal,1
cattle\Red kandhari\image_275x183_18 (2).jpg,Red kandhari,42
cattle\Punganur\Punganur.jpg,Punganur,39
cattle\Dangi\00000026.png,Dangi,7
cattle\ghumsari\image_200x200_44.jpg,ghumsari,58
cattle\Banni\00000096.jpg,Banni,3
cattle\Red_Dane\Red_Dane_106.jpg,Red_Dane,43
cattle\malvi\image_194x259_7.jpg,malvi,60
cattle\Vechur\00000376.jpg,Vechur,51
cattle\Shweta Kapila\image_169x298_29.jpg,Shweta Kapila,46
cattle\Alambadi\Alambadi_3.png,Alambadi,0
cattle\Hallikar\Hallikar_108.png,Hallikar,11
cattle\Dangi\00000178.JPG,Dangi,7
cattle\Ayrshire\Ayrshire_81.jpg,Ayrshire,2
cattle\ponwar\image_274x184_43.jpg,ponwar,63
cattle\Purnea\image_251x201_3 (2).jpg,Purnea,40
cattle\nagori\image_251x200_21.jpg,nagori,62
cattle\Bhadawari\Bhadawari_38.jpg,Bhadawari,5
cattle\Jersey\Jersey_184.jpg,Jersey,16
cattle\Khillari\Khillari_77.png,Khillari,22
cattle\Brown_Swiss\Brown_Swiss_180.jpg,Brown_Swiss,6
cattle\Shweta Kapila\image_259x194_32 (3).jpg,Shweta Kapila,46
cattle\ponwar\image_259x194_30.jpg,ponwar,63
cattle\Ayrshire\Ayrshire_71.jpg,Ayrshire,2
cattle\Red_Dane\Red_Dane_12.jpg,Red_Dane,43
cattle\Kosali\image_193x262_1.jpg,Kosali,24
cattle\Gir\Gir_208.jpg,Gir,9
cattle\Kasargod\Screenshot (980).png,Kasargod,19
cattle\Dangi\image_168x300_54.jpg,Dangi,7
cattle\Vechur\00000300.jpg,Vechur,51
cattle\Banni\00000216.jpg,Banni,3
cattle\malvi\image_253x199_38.jpg,malvi,60
cattle\Hallikar\Hallikar_3.jpg,Hallikar,11
cattle\nagori\image_168x299_58.jpg,nagori,62
cattle\Umblachery\image_225x225_25 (2).jpg,Umblachery,50
cattle\Krishna_Valley\Krishna_Valley_52.jpg,Krishna_Valley,25
cattle\Red_Dane\Red_Dane_23.jpg,Red_Dane,43
cattle\Nari\image_259x194_35.jpg,Nari,33
cattle\motu\image_300x168_34.jpg,motu,61
cattle\Jersey\Jersey_194.jpg,Jersey,16
cattle\ghumsari\image_168x300_14 (2).jpg,ghumsari,58
cattle\Kankrej\Kankrej_176.jpg,Kankrej,18
cattle\Ayrshire\Ayrshire_53.jpg,Ayrshire,2
cattle\Himachali Pahari\image_194x259_55.jpg,Himachali Pahari,13
cattle\Himachali Pahari\image_259x194_9.jpg,Himachali Pahari,13
cattle\Jersey\Jersey_201.jpg,Jersey,16
cattle\ghumsari\Ongole_164.png,ghumsari,58
cattle\Hariana\Hariana_111.png,Hariana,12
cattle\Dangi\image_200x150_66.jpg,Dangi,7
cattle\nagori\image_194x259_25.jpg,nagori,62
cattle\ponwar\image_259x194_29.jpg,ponwar,63
cattle\Guernsey\Guernsey_9.jpg,Guernsey,10
cattle\Kangayam\image_205x207_13.jpg,Kangayam,17
cattle\Vechur\Screenshot (295).png,Vechur,51
cattle\Toda\Toda_68.jpg,Toda,49
cattle\Deoni\Screenshot 2025-09-25 031946.png,Deoni,8
cattle\Sahiwal\Sahiwal_168.jpg,Sahiwal,45
cattle\Khariar\image_225x225_7.jpg,Khariar,21
cattle\Nimari\Screenshot (1037).png,Nimari,35
cattle\bhelai\ezgif-frame-046.jpg,bhelai,54
cattle\Murrah\Murrah_175.jpeg,Murrah,31
cattle\bachaur\Native_Breeds_Golokdham.jpg,bachaur,52
cattle\thutho\image_257x196_5.jpg,thutho,65
cattle\Kosali\image_281x180_1.jpg,Kosali,24
cattle\Ladakhi\image_225x225_39.jpg,Ladakhi,26
cattle\Kosali\image_259x194_15.jpg,Kosali,24
cattle\Holstein_Friesian\Holstein_Friesian_244.jpg,Holstein_Friesian,14
cattle\bachaur\image_237x213_49.jpg,bachaur,52
cattle\Guernsey\Guernsey_93.jpg,Guernsey,10
cattle\siri\image_272x185_52.jpg,siri,64
cattle\Shweta Kapila\image_168x300_29.jpg,Shweta Kapila,46
cattle\Shweta Kapila\image_251x201_21.jpg,Shweta Kapila,46
cattle\badri\image_168x300_8.jpg,badri,53
cattle\siri\image_168x300_41.jpg,siri,64
cattle\dagri\image_299x168_50 (2).jpg,dagri,55
cattle\Jersey\Jersey_53.jpg,Jersey,16
cattle\Mewati\image_259x194_16 (3).jpg,Mewati,30
cattle\ponwar\image_259x194_18 (2).jpg,ponwar,63
cattle\Nari\image_299x168_62.jpg,Nari,33
cattle\Red kandhari\image_225x225_43.jpg,Red kandhari,42
cattle\Murrah\Murrah_105.jpg,Murrah,31
cattle\Hallikar\Hallikar_84.png,Hallikar,11
cattle\Red_Sindhi\Red_Sindhi_15.png,Red_Sindhi,44
cattle\motu\image_265x190_9.jpg,motu,61
cattle\Jersey\Jersey_180.jpg,Jersey,16
cattle\kherigarh\image_259x194_8 (2).jpg,kherigarh,59
cattle\Sahiwal\Sahiwal_208.jpeg,Sahiwal,45
cattle\nagori\image_259x194_13.jpg,nagori,62
cattle\Kasargod\00000376.jpg,Kasargod,19
cattle\Nili_Ravi\Nili_Ravi_33.jpg,Nili_Ravi,34
cattle\Umblachery\image_300x168_45 (2).jpg,Umblachery,50
cattle\Rathi\Screenshot (952).png,Rathi,41
cattle\Banni\00000020.jpg,Banni,3
cattle\nagori\image_216x234_54.jpg,nagori,62
cattle\Brown_Swiss\Brown_Swiss_223.jpg,Brown_Swiss,6
cattle\Jersey\Jersey_153.jpg,Jersey,16
cattle\Gir\Gir_246.jpg,Gir,9
cattle\Red kandhari\image_280x180_58.jpg,Red kandhari,42
cattle\Umblachery\Umblachery_41.png,Umblachery,50
cattle\Ladakhi\image_262x192_3.jpg,Ladakhi,26
cattle\Nari\image_275x183_48.jpg,Nari,33
cattle\Dangi\00000148.jpg,Dangi,7
cattle\Kenkatha\image_194x259_40.jpg,Kenkatha,20
cattle\Purnea\image_265x190_38.jpg,Purnea,40
cattle\Nagpuri\Nagpuri_51.jpg,Nagpuri,32
cattle\Red kandhari\image_150x150_67.jpg,Red kandhari,42
cattle\Bargur\Bargur_74.png,Bargur,4
cattle\nagori\image_168x299_17.jpg,nagori,62
cattle\Tharparkar\Tharparkar_217.png,Tharparkar,48
cattle\Krishna_Valley\Krishna_Valley_82.jpg,Krishna_Valley,25
cattle\Alambadi\Alambadi_92.png,Alambadi,0
cattle\Umblachery\image_168x300_28.jpg,Umblachery,50
cattle\Hallikar\Hallikar_63.png,Hallikar,11
cattle\dagri\image_225x225_23.jpg,dagri,55
cattle\Toda\Toda_58.jpg,Toda,49
cattle\Malnad_gidda\Screenshot (1143).png,Malnad_gidda,28
cattle\Hallikar\Hallikar_24.jpg,Hallikar,11
cattle\kherigarh\image_275x183_4 (3).jpg,kherigarh,59
cattle\Punganur\image_168x299_18.jpg,Punganur,39
cattle\Malnad_gidda\Screenshot (1163).png,Malnad_gidda,28
cattle\Red_Dane\Red_Dane_118.jpg,Red_Dane,43
cattle\Hariana\Hariana_130.jpg,Hariana,12
cattle\Kankrej\Kankrej_48.png,Kankrej,18
cattle\Red kandhari\image_299x168_45.jpg,Red kandhari,42
cattle\Jersey\Jersey_188.jpg,Jersey,16
cattle\Sahiwal\Sahiwal_81.jpg,Sahiwal,45
cattle\Jaffrabadi\Jaffrabadi_90.jpg,Jaffrabadi,15
cattle\Malnad_gidda\Screenshot (1156).png,Malnad_gidda,28
cattle\Kosali\image_299x168_7.jpg,Kosali,24
cattle\Red_Dane\Red_Dane_4.jpg,Red_Dane,43
cattle\Hariana\Hariana_40.png,Hariana,12
cattle\kherigarh\image_181x120_4.jpg,kherigarh,59
cattle\Brown_Swiss\Brown_Swiss_200.jpg,Brown_Swiss,6
cattle\Red_Sindhi\Red_Sindhi_12.png,Red_Sindhi,44
cattle\Kankrej\Kankrej_78.png,Kankrej,18
cattle\Lakhimi\image_259x194_12 (2).jpg,Lakhimi,27
cattle\bachaur\List_of_Indian_cattle_breeds_-_Wikipedia.jpg,bachaur,52
cattle\Krishna_Valley\Krishna_Valley_126.jpg,Krishna_Valley,25
cattle\Kankrej\Kankrej_157.jpg,Kankrej,18
cattle\Gir\Gir_188.jpg,Gir,9
cattle\Hariana\Hariana_29.jpg,Hariana,12
cattle\Red_Sindhi\Red_Sindhi_93.jpg,Red_Sindhi,44
cattle\Shweta Kapila\image_200x150_63.jpg,Shweta Kapila,46
cattle\thutho\image_259x194_18.jpg,thutho,65
cattle\thutho\image_249x202_8.jpg,thutho,65
cattle\dagri\ezgif-frame-066.jpg,dagri,55
cattle\Rathi\00000090.jpg,Rathi,41
cattle\Tharparkar\Tharparkar_35.jpg,Tharparkar,48
cattle\Gir\Gir_309.jpg,Gir,9
cattle\gaolao\Ongole_105.jpg,gaolao,57
cattle\Red kandhari\image_259x194_12.jpg,Red kandhari,42
cattle\thutho\image_259x194_37.jpg,thutho,65
cattle\Kenkatha\image_205x367_38.jpg,Kenkatha,20
cattle\Toda\Toda_27.jpg,Toda,49
cattle\Nili_Ravi\Nili_Ravi_82.jpg,Nili_Ravi,34
cattle\kherigarh\image_259x194_9 (2).jpg,kherigarh,59
cattle\Sahiwal\Sahiwal_266.jpg,Sahiwal,45
cattle\Shweta Kapila\image_224x225_23.jpg,Shweta Kapila,46
cattle\dagri\image_259x194_5.jpg,dagri,55
cattle\Hariana\Hariana_129.jpg,Hariana,12
cattle\Holstein_Friesian\Holstein_Friesian_156.jpg,Holstein_Friesian,14
cattle\Pulikulam\Pulikulam_121.jpg,Pulikulam,38
cattle\Ayrshire\Ayrshire_95.jpg,Ayrshire,2
cattle\gangatari\image_217x232_42.jpg,gangatari,56
cattle\siri\image_200x150_72.jpg,siri,64
cattle\ghumsari\image_300x168_49.jpg,ghumsari,58
cattle\Amritmahal\Amritmahal_87.jpg,Amritmahal,1
cattle\Banni\00000162.jpg,Banni,3
cattle\Sahiwal\Sahiwal_118.jpeg,Sahiwal,45
cattle\Shweta Kapila\image_259x194_22.jpg,Shweta Kapila,46
cattle\Rathi\00000206.jpg,Rathi,41
cattle\Tharparkar\Tharparkar_117.jpg,Tharparkar,48
cattle\ghumsari\image_168x300_13 (2).jpg,ghumsari,58
cattle\thutho\image_259x194_11.jpg,thutho,65
cattle\gangatari\image_194x259_53.jpg,gangatari,56
cattle\Banni\00000019.jpg,Banni,3
cattle\Surti\Surti_49.jpg,Surti,47
cattle\Mewati\image_259x194_7 (3).jpg,Mewati,30
cattle\thutho\image_208x208_59.jpg,thutho,65
cattle\Sahiwal\Sahiwal_155.jpg,Sahiwal,45
cattle\Kosali\image_194x259_7.jpg,Kosali,24
cattle\Konkan Kapila\image_331x152_1.jpg,Konkan Kapila,23
cattle\Bargur\Bargur_94.jpg,Bargur,4
cattle\Hariana\Hariana_58.jpg,Hariana,12
cattle\Lakhimi\image_300x168_36 (2).jpg,Lakhimi,27
cattle\bachaur\image_299x168_56.jpg,bachaur,52
cattle\Purnea\image_259x194_11 (3).jpg,Purnea,40
cattle\bhelai\Screenshot 2025-09-24 182755.png,bhelai,54
cattle\Sahiwal\Sahiwal_358.png,Sahiwal,45
cattle\Red kandhari\image_168x300_64.jpg,Red kandhari,42
cattle\Murrah\Murrah_120.jpg,Murrah,31
cattle\Murrah\Murrah_85.png,Murrah,31
cattle\bhelai\ezgif-frame-036.jpg,bhelai,54
cattle\Purnea\image_271x186_32 (2).jpg,Purnea,40
cattle\Ongole\Ongole_58.jpg,Ongole,36
cattle\Banni\00000107.jpg,Banni,3
cattle\Toda\Toda_95.jpg,Toda,49
cattle\Punganur\Punganur_cow_from_southern_India_.jpg,Punganur,39
cattle\Alambadi\Alambadi_72.png,Alambadi,0
cattle\siri\image_264x191_63.jpg,siri,64
cattle\Ayrshire\Ayrshire_213.jpg,Ayrshire,2
cattle\Umblachery\Umblachery_69.png,Umblachery,50
cattle\Bargur\image_168x300_60.jpg,Bargur,4
cattle\kherigarh\image_245x206_2.jpg,kherigarh,59
cattle\thutho\image_299x168_60.jpg,thutho,65
cattle\Sahiwal\Sahiwal_439.jpg,Sahiwal,45
cattle\malvi\image_275x183_40.jpg,malvi,60
cattle\kherigarh\image_278x181_7.jpg,kherigarh,59
cattle\Krishna_Valley\Krishna_Valley_48.jpg,Krishna_Valley,25
cattle\Shweta Kapila\image_194x259_39.jpg,Shweta Kapila,46
cattle\Red_Sindhi\Red_Sindhi_17.png,Red_Sindhi,44
cattle\thutho\image_252x200_4.jpg,thutho,65
cattle\ponwar\image_225x225_47 (2).jpg,ponwar,63
cattle\Sahiwal\Sahiwal_353.jpg,Sahiwal,45
cattle\Purnea\image_300x168_50.jpg,Purnea,40
cattle\Sahiwal\Sahiwal_19.jpg,Sahiwal,45
cattle\bachaur\image_226x223_51.jpg,bachaur,52
cattle\Rathi\00000247.jpg,Rathi,41
cattle\Holstein_Friesian\Holstein_Friesian_49.jpg,Holstein_Friesian,14
cattle\motu\image_270x187_50.jpg,motu,61
cattle\Nari\image_232x217_43.jpg,Nari,33
cattle\Hariana\Hariana_41.png,Hariana,12
cattle\Banni\00000074.jpg,Banni,3
cattle\siri\image_259x194_47.jpg,siri,64
cattle\Nili_Ravi\Nili_Ravi_77.jpg,Nili_Ravi,34
cattle\Dangi\image_259x194_6.jpg,Dangi,7
cattle\Purnea\image_275x183_59.jpg,Purnea,40
cattle\Holstein_Friesian\Holstein_Friesian_139.jpg,Holstein_Friesian,14
cattle\kherigarh\image_259x194_5 (2).jpg,kherigarh,59
cattle\Jaffrabadi\Jaffrabadi_85.jpg,Jaffrabadi,15
cattle\Dangi\image_228x221_39.jpg,Dangi,7
cattle\Lakhimi\image_265x190_52 (2).jpg,Lakhimi,27
cattle\gaolao\0414.jpg,gaolao,57
cattle\gaolao\Ongole_166.jpg,gaolao,57
cattle\Purnea\image_225x225_58.jpg,Purnea,40
cattle\Hallikar\Hallikar_12.jpg,Hallikar,11
cattle\Hallikar\Hallikar_175.jpg,Hallikar,11
cattle\Punganur\image_261x193_53.jpg,Punganur,39
cattle\thutho\image_258x195_6.jpg,thutho,65
cattle\Jersey\Jersey_163.jpg,Jersey,16
cattle\Red_Dane\Red_Dane_45.jpg,Red_Dane,43
cattle\Gir\Gir_159.jpg,Gir,9
cattle\Hallikar\Hallikar_11.jpg,Hallikar,11
cattle\Amritmahal\image_249x202_57.jpg,Amritmahal,1
cattle\Mewati\image_259x194_16.jpg,Mewati,30
cattle\Sahiwal\Sahiwal_43.jpg,Sahiwal,45
cattle\nagori\image_195x258_48.jpg,nagori,62
cattle\Pulikulam\Pulikulam_53.jpg,Pulikulam,38
cattle\Vechur\Screenshot (268).png,Vechur,51
cattle\Nagpuri\Nagpuri_181.jpg,Nagpuri,32
cattle\Nimari\00000038.jpg,Nimari,35
cattle\Himachali Pahari\image_251x200_14.jpg,Himachali Pahari,13
cattle\Sahiwal\Sahiwal_414.jpg,Sahiwal,45
cattle\Purnea\image_299x169_50.jpg,Purnea,40
cattle\Umblachery\image_259x194_24.jpg,Umblachery,50
cattle\Mewati\image_259x194_30.jpg,Mewati,30
cattle\Poda Thirupu\image_275x183_60.jpg,Poda Thirupu,37
cattle\Khillari\Khillari_16.jpg,Khillari,22
cattle\Holstein_Friesian\Holstein_Friesian_300.jpg,Holstein_Friesian,14
cattle\Gir\Gir_367.png,Gir,9
cattle\bhelai\ezgif-frame-043.jpg,bhelai,54
cattle\Dangi\Screenshot (363).png,Dangi,7
cattle\Umblachery\image_168x300_37 (2).jpg,Umblachery,50
cattle\Red_Sindhi\Red_Sindhi_91.jpg,Red_Sindhi,44
cattle\Ongole\Ongole_73.png,Ongole,36
cattle\Ongole\Ongole_81.png,Ongole,36
cattle\Red_Dane\Red_Dane_125.jpg,Red_Dane,43
cattle\Poda Thirupu\image_299x168_43.jpg,Poda Thirupu,37
cattle\Toda\Toda_108.jpg,Toda,49
cattle\Gir\Gir_232.jpg,Gir,9
cattle\Purnea\image_275x183_33 (2).jpg,Purnea,40
cattle\Umblachery\image_251x201_2.jpg,Umblachery,50
cattle\Holstein_Friesian\Holstein_Friesian_140.jpg,Holstein_Friesian,14
cattle\Dangi\image_285x177_42.jpg,Dangi,7
cattle\Sahiwal\Sahiwal_53.jpg,Sahiwal,45
cattle\Jaffrabadi\Jaffrabadi_16.png,Jaffrabadi,15
cattle\Malnad_gidda\00000001.png,Malnad_gidda,28
cattle\Hariana\Hariana_85.jpg,Hariana,12
cattle\Ongole\Ongole_28.png,Ongole,36
cattle\Red_Dane\Red_Dane_16.jpg,Red_Dane,43
cattle\Amritmahal\Amritmahal_85.png,Amritmahal,1
cattle\Khillari\Khillari_81.png,Khillari,22
cattle\bhelai\ezgif-frame-097.jpg,bhelai,54
cattle\Holstein_Friesian\Holstein_Friesian_147.jpg,Holstein_Friesian,14
cattle\Murrah\Murrah_172.jpg,Murrah,31
cattle\Red kandhari\image_275x183_46.jpg,Red kandhari,42
cattle\bachaur\image_50x50_1.jpeg,bachaur,52
cattle\Lakhimi\image_286x176_55 (2).jpg,Lakhimi,27
cattle\malvi\image_201x251_65.jpg,malvi,60
cattle\Kosali\image_194x259_4 (2).jpg,Kosali,24
cattle\Punganur\Bringing_Punganur_Home_A_Guide_to_Own_.jpg,Punganur,39
cattle\ghumsari\image_300x168_3.jpg,ghumsari,58
cattle\Guernsey\Guernsey_40.jpg,Guernsey,10
cattle\Mewati\image_261x193_20.jpg,Mewati,30
cattle\Jaffrabadi\Jaffrabadi_9.jpg,Jaffrabadi,15
cattle\Himachali Pahari\Hf_Black_Cow_Gender_Female_at_Best_.jpg,Himachali Pahari,13
cattle\Pulikulam\Pulikulam_7.JPG,Pulikulam,38
cattle\motu\image_248x203_58.jpg,motu,61
cattle\Guernsey\Guernsey_45.jpg,Guernsey,10
cattle\Sahiwal\Sahiwal_129.jpg,Sahiwal,45
cattle\Vechur\00000006.jpg,Vechur,51
cattle\motu\image_300x168_38.jpg,motu,61
cattle\Kangayam\image_225x225_5.jpg,Kangayam,17
cattle\Nari\image_300x168_48.jpg,Nari,33
cattle\siri\image_259x194_17.jpg,siri,64
cattle\Lakhimi\image_300x168_39.jpg,Lakhimi,27
cattle\Jaffrabadi\Jaffrabadi_66.png,Jaffrabadi,15
cattle\Gir\Gir_32.jpg,Gir,9
cattle\ponwar\image_300x168_4.jpg,ponwar,63
cattle\Brown_Swiss\Brown_Swiss_214.jpg,Brown_Swiss,6
cattle\Dangi\image_259x194_23.jpg,Dangi,7
cattle\Himachali Pahari\image_168x300_48.jpg,Himachali Pahari,13
cattle\siri\image_293x172_59.jpg,siri,64
cattle\malvi\image_226x223_16.jpg,malvi,60
cattle\Umblachery\Umblachery_18.png,Umblachery,50
cattle\Sahiwal\Sahiwal_413.jpg,Sahiwal,45
cattle\Red kandhari\image_266x190_5.jpg,Red kandhari,42
cattle\Vechur\00000354.jpg,Vechur,51
cattle\Punganur\image_259x195_44.jpg,Punganur,39
cattle\Pulikulam\Pulikulam_42.png,Pulikulam,38
cattle\Toda\Toda_122.jpg,Toda,49
cattle\ghumsari\Screenshot 2025-09-24 220749.png,ghumsari,58
cattle\Holstein_Friesian\Holstein_Friesian_288.jpg,Holstein_Friesian,14
cattle\Alambadi\Alambadi_37.png,Alambadi,0
cattle\Mehsana\Mehsana_33.png,Mehsana,29
cattle\motu\image_225x225_58.jpg,motu,61
cattle\Rathi\00000018.jpeg,Rathi,41
cattle\Shweta Kapila\image_266x190_24.jpg,Shweta Kapila,46
cattle\Alambadi\Alambadi_51.png,Alambadi,0
cattle\Ladakhi\image_194x259_4.jpg,Ladakhi,26
cattle\Toda\Toda_99.jpg,Toda,49
cattle\Red_Sindhi\Red_Sindhi_134.jpg,Red_Sindhi,44
cattle\Amritmahal\Amritmahal_59.jpg,Amritmahal,1
cattle\motu\image_263x192_20.jpg,motu,61
cattle\Bhadawari\Bhadawari_40.jpg,Bhadawari,5
cattle\Gir\Gir_341.png,Gir,9
cattle\Bargur\Bargur_12.png,Bargur,4
cattle\Tharparkar\Tharparkar_32.png,Tharparkar,48
cattle\Kasargod\00000351.jpg,Kasargod,19
cattle\ghumsari\image_169x299_2.jpg,ghumsari,58
cattle\Ongole\Ongole_27.jpg,Ongole,36
cattle\bachaur\image_259x194_36.jpg,bachaur,52
cattle\Tharparkar\Tharparkar_203.jpeg,Tharparkar,48
cattle\dagri\image_234x215_64.jpg,dagri,55
cattle\Alambadi\Alambadi_23.png,Alambadi,0
cattle\Krishna_Valley\Krishna_Valley_101.jpg,Krishna_Valley,25
cattle\dagri\Mountain_cows_recognized_as_Dagri_breed_.jpg,dagri,55
cattle\Ongole\Ongole_52.png,Ongole,36
cattle\Purnea\image_260x194_2.jpg,Purnea,40
cattle\Hariana\Hariana_32.png,Hariana,12
cattle\bhelai\Screenshot 2025-09-24 182845.png,bhelai,54
cattle\motu\image_299x168_43.jpg,motu,61
cattle\Kankrej\Kankrej_119.jpg,Kankrej,18
cattle\nagori\image_192x263_47.jpg,nagori,62
cattle\Holstein_Friesian\Holstein_Friesian_223.jpg,Holstein_Friesian,14
cattle\Krishna_Valley\Krishna_Valley_77.jpg,Krishna_Valley,25
cattle\Shweta Kapila\image_194x259_55.jpg,Shweta Kapila,46
cattle\Lakhimi\image_259x194_48.jpg,Lakhimi,27
cattle\Rathi\00000164.jpg,Rathi,41
cattle\Holstein_Friesian\Holstein_Friesian_259.jpg,Holstein_Friesian,14
cattle\Tharparkar\Tharparkar_133.jpg,Tharparkar,48
cattle\kherigarh\image_225x225_3 (2).jpg,kherigarh,59
cattle\nagori\image_225x225_34.jpg,nagori,62
cattle\Shweta Kapila\image_236x199_55.jpg,Shweta Kapila,46
cattle\nagori\image_259x194_48.jpg,nagori,62
cattle\Pulikulam\Pulikulam_93.png,Pulikulam,38
cattle\Sahiwal\Sahiwal_44.jpg,Sahiwal,45
cattle\Shweta Kapila\image_259x195_44.jpg,Shweta Kapila,46
cattle\Konkan Kapila\image_299x168_5.jpg,Konkan Kapila,23
cattle\thutho\Visually_searched_image (2).jpg,thutho,65
cattle\Nari\image_200x200_33.jpg,Nari,33
cattle\Hallikar\Hallikar_1.JPG,Hallikar,11
cattle\Red_Dane\Red_Dane_139.jpg,Red_Dane,43
cattle\kherigarh\image_251x201_4.jpg,kherigarh,59
cattle\Rathi\00000373.jpg,Rathi,41
cattle\Red kandhari\image_299x168_37.jpg,Red kandhari,42
cattle\Gir\Gir_119.jpg,Gir,9
cattle\ghumsari\image_168x300_10.jpg,ghumsari,58
cattle\Sahiwal\Sahiwal_317.jpg,Sahiwal,45
cattle\Purnea\image_268x188_5 (2).jpg,Purnea,40
cattle\Dangi\image_225x225_32.jpg,Dangi,7
cattle\Ongole\Ongole_54.jpg,Ongole,36
cattle\Purnea\image_275x183_45 (2).jpg,Purnea,40
cattle\Hallikar\Hallikar_123.jpg,Hallikar,11
cattle\Poda Thirupu\image_167x301_44.jpg,Poda Thirupu,37
cattle\Sahiwal\Sahiwal_25.jpg,Sahiwal,45
cattle\Ayrshire\Ayrshire_62.jpg,Ayrshire,2
cattle\gangatari\image_259x194_25 (2).jpg,gangatari,56
cattle\Umblachery\image_187x269_47.jpg,Umblachery,50
cattle\Jersey\Jersey_30.jpg,Jersey,16
cattle\Nagpuri\Nagpuri_77.jpg,Nagpuri,32
cattle\malvi\image_194x259_56.jpg,malvi,60
cattle\Red kandhari\image_262x193_46.jpg,Red kandhari,42
cattle\gangatari\image_259x194_25.jpg,gangatari,56
cattle\ghumsari\image_194x259_33.jpg,ghumsari,58
cattle\Deoni\Deoni_53.png,Deoni,8
cattle\Mewati\image_259x194_8.jpg,Mewati,30
cattle\Himachali Pahari\image_259x194_17.jpg,Himachali Pahari,13
cattle\Murrah\Murrah_62.jpg,Murrah,31
cattle\Ongole\Ongole_193.jpg,Ongole,36
cattle\Khariar\image_275x183_8.jpg,Khariar,21
cattle\dagri\image_168x299_54.jpg,dagri,55
cattle\Nari\image_225x225_36.jpg,Nari,33
cattle\Nagpuri\Nagpuri_176.png,Nagpuri,32
cattle\Brown_Swiss\Brown_Swiss_171.jpg,Brown_Swiss,6
cattle\Brown_Swiss\Brown_Swiss_19.jpg,Brown_Swiss,6
cattle\Bhadawari\Bhadawari_55.jpg,Bhadawari,5
cattle\Gir\Gir_271.jpg,Gir,9
cattle\Krishna_Valley\Krishna_Valley_13.jpg,Krishna_Valley,25
cattle\Hallikar\Hallikar_160.jpg,Hallikar,11
cattle\Tharparkar\Tharparkar_193.jpg,Tharparkar,48
cattle\bhelai\ezgif-frame-089.jpg,bhelai,54
cattle\ponwar\image_259x194_6.jpg,ponwar,63
cattle\thutho\image_259x194_43.jpg,thutho,65
cattle\Kasargod\00000025.jpg,Kasargod,19
cattle\Hariana\Hariana_122.jpg,Hariana,12
cattle\Purnea\image_208x242_46.jpg,Purnea,40
cattle\Khariar\Screenshot 2025-09-24 223541.png,Khariar,21
cattle\Khillari\Khillari_25.jpg,Khillari,22
cattle\Alambadi\Alambadi_5.jpg,Alambadi,0
cattle\ghumsari\image_194x259_5.jpg,ghumsari,58
cattle\bhelai\ezgif-frame-104.jpg,bhelai,54
cattle\Gir\Gir_136.jpg,Gir,9
cattle\Kankrej\Kankrej_105.jpg,Kankrej,18
cattle\Punganur\image_297x170_1.jpg,Punganur,39
cattle\nagori\image_259x194_15.jpg,nagori,62
cattle\Himachali Pahari\image_194x259_3.jpg,Himachali Pahari,13
cattle\Konkan Kapila\image_227x222_6.jpg,Konkan Kapila,23
cattle\Kenkatha\image_150x335_53.jpg,Kenkatha,20
cattle\Ayrshire\Ayrshire_222.jpg,Ayrshire,2
cattle\Jaffrabadi\Jaffrabadi_70.png,Jaffrabadi,15
cattle\Jersey\Jersey_137.jpg,Jersey,16
cattle\Brown_Swiss\Brown_Swiss_196.jpg,Brown_Swiss,6
cattle\Purnea\image_259x194_3 (2).jpg,Purnea,40
cattle\Gir\Gir_229.jpg,Gir,9
cattle\thutho\image_259x194_8.jpg,thutho,65
cattle\Umblachery\image_297x170_39.jpg,Umblachery,50
cattle\Ongole\Ongole_139.jpg,Ongole,36
cattle\Mehsana\Mehsana_73.png,Mehsana,29
cattle\Red_Dane\Red_Dane_6.jpg,Red_Dane,43
cattle\Hallikar\Hallikar_101.jpg,Hallikar,11
cattle\Holstein_Friesian\Holstein_Friesian_117.jpg,Holstein_Friesian,14
cattle\ghumsari\image_225x225_43.jpg,ghumsari,58
cattle\Nagpuri\Nagpuri_154.jpg,Nagpuri,32
cattle\Red kandhari\image_266x190_4 (2).jpg,Red kandhari,42
cattle\Rathi\Screenshot (978).png,Rathi,41
cattle\Poda Thirupu\image_209x241_53.jpg,Poda Thirupu,37
cattle\Poda Thirupu\image_170x297_37.jpg,Poda Thirupu,37
cattle\Pulikulam\Pulikulam_47.jpg,Pulikulam,38
cattle\Jaffrabadi\Jaffrabadi_24.png,Jaffrabadi,15
cattle\Toda\Toda_40.jpg,Toda,49
cattle\Holstein_Friesian\Holstein_Friesian_22.jpg,Holstein_Friesian,14
cattle\Red_Sindhi\Red_Sindhi_7.JPG,Red_Sindhi,44
cattle\Hariana\Hariana_89.jpg,Hariana,12
cattle\Dangi\00000159.jpg,Dangi,7
cattle\Toda\Toda_43.jpg,Toda,49
cattle\Umblachery\image_259x194_11.jpg,Umblachery,50
cattle\Tharparkar\Tharparkar_170.png,Tharparkar,48
cattle\malvi\image_224x225_50.jpg,malvi,60
cattle\Ayrshire\Ayrshire_162.jpg,Ayrshire,2
cattle\ponwar\image_265x190_45.jpg,ponwar,63
cattle\malvi\image_225x225_48 (2).jpg,malvi,60
cattle\Bargur\image_259x194_34.jpg,Bargur,4
cattle\Krishna_Valley\Krishna_Valley_12.jpg,Krishna_Valley,25
cattle\ponwar\image_259x194_19 (2).jpg,ponwar,63
cattle\Pulikulam\Pulikulam_59.jpg,Pulikulam,38
cattle\siri\image_260x194_2.jpg,siri,64
cattle\Ayrshire\Ayrshire_5.jpg,Ayrshire,2
cattle\Purnea\image_261x193_4.jpg,Purnea,40
cattle\nagori\image_205x277_33.jpg,nagori,62
cattle\Brown_Swiss\Brown_Swiss_175.jpg,Brown_Swiss,6
cattle\Bhadawari\Bhadawari_12.jpg,Bhadawari,5
cattle\Purnea\image_225x224_59 (2).jpg,Purnea,40
cattle\Red kandhari\image_250x167_20.jpg,Red kandhari,42
cattle\Brown_Swiss\Brown_Swiss_145.jpg,Brown_Swiss,6
cattle\Konkan Kapila\image_300x168_1.jpg,Konkan Kapila,23
cattle\Holstein_Friesian\Holstein_Friesian_157.jpg,Holstein_Friesian,14
cattle\Holstein_Friesian\Holstein_Friesian_124.jpg,Holstein_Friesian,14
cattle\Hariana\Hariana_47.png,Hariana,12
cattle\Shweta Kapila\image_247x204_55.jpg,Shweta Kapila,46
cattle\Sahiwal\Sahiwal_320.jpg,Sahiwal,45
cattle\Bargur\Bargur_77.jpg,Bargur,4
cattle\Punganur\Punganur_Cow_The_Worlds_Smallest_and_.jpg,Punganur,39
cattle\Punganur\image_50x50_67.jpg,Punganur,39
cattle\malvi\image_236x201_67.jpg,malvi,60
cattle\Umblachery\image_168x300_32.jpg,Umblachery,50
cattle\Himachali Pahari\image_260x194_4.jpg,Himachali Pahari,13
cattle\Bargur\Bargur_71.jpg,Bargur,4
cattle\Gir\Gir_1.JPG,Gir,9
cattle\Murrah\Murrah_168.jpg,Murrah,31
cattle\siri\image_259x194_14 (2).jpg,siri,64
cattle\Mehsana\Mehsana_52.png,Mehsana,29
cattle\Nari\image_259x194_42.jpg,Nari,33
cattle\gangatari\image_225x225_39.jpg,gangatari,56
cattle\Kasargod\00000278.jpg,Kasargod,19
cattle\Kankrej\Kankrej_88.jpg,Kankrej,18
cattle\Bargur\image_299x168_42.jpg,Bargur,4
cattle\Nili_Ravi\Nili_Ravi_92.jpg,Nili_Ravi,34
cattle\Gir\Gir_361.jpg,Gir,9
cattle\Bargur\Bargur_24.jpg,Bargur,4
cattle\Kangayam\image_259x194_51.jpg,Kangayam,17
cattle\gangatari\image_194x259_52.jpg,gangatari,56
cattle\Pulikulam\Pulikulam_44.jpg,Pulikulam,38
cattle\kherigarh\image_246x205_4.jpg,kherigarh,59
cattle\Bargur\Bargur_55.jpg,Bargur,4
cattle\siri\image_142x107_65.jpg,siri,64
cattle\Deoni\Deoni_50.jpg,Deoni,8
cattle\Toda\Toda_112.jpg,Toda,49
cattle\Gir\Gir_279.jpg,Gir,9
cattle\Umblachery\Umblachery_43.jpg,Umblachery,50
cattle\Himachali Pahari\image_300x168_1.jpg,Himachali Pahari,13
cattle\malvi\image_300x168_59.jpg,malvi,60
cattle\gaolao\BOVINE_BREEDING_FARM_ON_GAOLAO_NATIVE_.jpg,gaolao,57
cattle\Sahiwal\Sahiwal_2.JPG,Sahiwal,45
cattle\Bargur\Bargur_33.jpg,Bargur,4
cattle\Nagpuri\Nagpuri_172.jpg,Nagpuri,32
cattle\Nari\image_259x194_37.jpg,Nari,33
cattle\Konkan Kapila\image_194x259_3 (2).jpg,Konkan Kapila,23
cattle\Dangi\image_259x194_28.jpg,Dangi,7
cattle\Holstein_Friesian\Holstein_Friesian_325.jpg,Holstein_Friesian,14
cattle\Konkan Kapila\image_240x210_1.jpg,Konkan Kapila,23
cattle\Sahiwal\Sahiwal_280.jpg,Sahiwal,45
cattle\Kangayam\Kangayam_70.jpg,Kangayam,17
cattle\Amritmahal\Amritmahal_29.png,Amritmahal,1
cattle\Ongole\Ongole_171.jpg,Ongole,36
cattle\Gir\Gir_238.jpg,Gir,9
cattle\Jersey\Jersey_124.jpg,Jersey,16
cattle\Purnea\image_259x194_22.jpg,Purnea,40
cattle\Hariana\Hariana_62.jpeg,Hariana,12
cattle\gaolao\Indian_Zebu_Cattle_Breeds.jpg,gaolao,57
cattle\Vechur\00000012.jpg,Vechur,51
cattle\Himachali Pahari\image_259x195_1 (2).jpg,Himachali Pahari,13
cattle\Vechur\00000384.jpg,Vechur,51
cattle\Umblachery\image_168x300_32 (2).jpg,Umblachery,50
cattle\Kenkatha\image_259x194_13.jpg,Kenkatha,20
cattle\Ayrshire\Ayrshire_160.jpg,Ayrshire,2
cattle\ghumsari\image_168x299_17.jpg,ghumsari,58
cattle\Vechur\00000027.jpg,Vechur,51
cattle\Bhadawari\Bhadawari_70.jpg,Bhadawari,5
cattle\Purnea\image_275x183_63.jpg,Purnea,40
cattle\Brown_Swiss\Brown_Swiss_54.jpg,Brown_Swiss,6
cattle\Sahiwal\Sahiwal_341.png,Sahiwal,45
cattle\Red kandhari\image_283x178_61.jpg,Red kandhari,42
cattle\badri\Himalayan_Badri_Cow_A2_Ghee.jpg,badri,53
cattle\Brown_Swiss\Brown_Swiss_179.jpg,Brown_Swiss,6
cattle\Holstein_Friesian\Holstein_Friesian_198.jpg,Holstein_Friesian,14
cattle\Himachali Pahari\image_225x225_50.jpg,Himachali Pahari,13
cattle\Punganur\image_168x300_5.jpg,Punganur,39
cattle\Kankrej\Kankrej_96.jpg,Kankrej,18
cattle\Malnad_gidda\Screenshot (1131).png,Malnad_gidda,28
cattle\Punganur\Miniature_Punganur_Pair_Cowbull_.jpg,Punganur,39
cattle\ponwar\image_187x270_50.jpg,ponwar,63
cattle\kherigarh\image_251x201_6.jpg,kherigarh,59
cattle\Khariar\image_168x300_2.jpg,Khariar,21
cattle\Hariana\Hariana_3.JPG,Hariana,12
cattle\kherigarh\image_250x202_2 (2).jpg,kherigarh,59
cattle\Jersey\Jersey_185.jpg,Jersey,16
cattle\Ayrshire\Ayrshire_47.jpg,Ayrshire,2
cattle\Kosali\image_194x259_11 (2).jpg,Kosali,24
cattle\dagri\image_310x163_46.jpg,dagri,55
cattle\Banni\00000268.jpg,Banni,3
cattle\Lakhimi\image_225x225_26 (2).jpg,Lakhimi,27
cattle\Kangayam\Kangayam_30.jpg,Kangayam,17
cattle\Hallikar\Hallikar_17.jpg,Hallikar,11
cattle\Ayrshire\Ayrshire_14.jpg,Ayrshire,2
cattle\malvi\image_243x208_64.jpg,malvi,60
cattle\Nimari\00000247.jpg,Nimari,35
cattle\Toda\Toda_105.jpg,Toda,49
cattle\bachaur\image_265x190_31.jpg,bachaur,52
cattle\Jersey\Jersey_174.jpg,Jersey,16
cattle\Ladakhi\image_259x194_17.jpg,Ladakhi,26
cattle\Ladakhi\image_292x173_1.jpg,Ladakhi,26
cattle\gaolao\0214.jpg,gaolao,57
cattle\Murrah\Murrah_64.jpg,Murrah,31
cattle\Shweta Kapila\image_300x168_34.jpg,Shweta Kapila,46
cattle\Khillari\Khillari_35.png,Khillari,22
cattle\ponwar\image_230x219_50.jpg,ponwar,63
cattle\Shweta Kapila\image_276x183_50.jpg,Shweta Kapila,46
cattle\Punganur\image_259x194_42.jpg,Punganur,39
cattle\Red_Dane\Red_Dane_143.jpg,Red_Dane,43
cattle\badri\Exploring_The_Cows_That_Give_A2_Milk.jpg,badri,53
cattle\Red_Sindhi\Red_Sindhi_143.jpg,Red_Sindhi,44
cattle\Red_Sindhi\Red_Sindhi_45.jpg,Red_Sindhi,44
cattle\bhelai\ezgif-frame-031.jpg,bhelai,54
cattle\nagori\image_225x225_36.jpg,nagori,62
cattle\Konkan Kapila\image_266x190_2.jpg,Konkan Kapila,23
cattle\Guernsey\Guernsey_41.jpg,Guernsey,10
cattle\Kenkatha\image_259x194_25.jpg,Kenkatha,20
cattle\Ladakhi\image_300x168_6.jpg,Ladakhi,26
cattle\Nagpuri\Nagpuri_29.jpg,Nagpuri,32
cattle\Khillari\Khillari_20.jpg,Khillari,22
cattle\Rathi\00000334.jpg,Rathi,41
cattle\Gir\Gir_113.jpg,Gir,9
cattle\Red_Dane\Red_Dane_145.jpg,Red_Dane,43
cattle\Lakhimi\image_168x300_9.jpg,Lakhimi,27
cattle\Tharparkar\Tharparkar_59.png,Tharparkar,48
cattle\Murrah\Murrah_98.png,Murrah,31
cattle\Sahiwal\Sahiwal_132.jpg,Sahiwal,45
cattle\Punganur\Punganur_cow_back_on_its_knees_.jpg,Punganur,39
cattle\Ladakhi\image_260x194_5.jpg,Ladakhi,26
cattle\Punganur\image_194x259_51.jpg,Punganur,39
cattle\Kangayam\image_208x242_34.jpg,Kangayam,17
cattle\nagori\image_335x150_56.jpg,nagori,62
cattle\Tharparkar\Tharparkar_109.jpg,Tharparkar,48
cattle\Kenkatha\image_259x194_16 (2).jpg,Kenkatha,20
cattle\Sahiwal\Sahiwal_74.jpg,Sahiwal,45
cattle\Sahiwal\Sahiwal_438.jpg,Sahiwal,45
cattle\Umblachery\image_259x195_1 (3).jpg,Umblachery,50
cattle\Sahiwal\Sahiwal_161.png,Sahiwal,45
cattle\siri\image_268x188_35.jpg,siri,64
cattle\Alambadi\Alambadi_83.jpg,Alambadi,0
cattle\Nari\image_214x235_32.jpg,Nari,33
cattle\nagori\image_241x209_51.jpg,nagori,62
cattle\bhelai\ezgif-frame-102.jpg,bhelai,54
cattle\Shweta Kapila\image_275x183_49.jpg,Shweta Kapila,46
cattle\malvi\image_168x300_5.jpg,malvi,60
cattle\Amritmahal\image_263x192_29.jpg,Amritmahal,1
cattle\malvi\image_279x181_44.jpg,malvi,60
cattle\Dangi\image_259x194_13.jpg,Dangi,7
cattle\dagri\image_299x168_49.jpg,dagri,55
cattle\nagori\images.jpeg,nagori,62
cattle\Punganur\Punganur_Cows.jpg,Punganur,39
cattle\gaolao\Ongole_165.jpg,gaolao,57
cattle\Dangi\image_259x194_29.jpg,Dangi,7
cattle\Dangi\image_225x225_34.jpg,Dangi,7
cattle\malvi\image_226x223_63.jpg,malvi,60
cattle\malvi\image_168x300_3.jpg,malvi,60
cattle\Bargur\Bargur_34.png,Bargur,4
cattle\Holstein_Friesian\Holstein_Friesian_270.jpg,Holstein_Friesian,14
cattle\Dangi\image_225x225_46.jpg,Dangi,7
cattle\Red kandhari\image_271x186_44.jpg,Red kandhari,42
cattle\Deoni\Screenshot 2025-09-25 031938.png,Deoni,8
cattle\ghumsari\image_168x300_15 (2).jpg,ghumsari,58
cattle\Nari\image_275x183_47.jpg,Nari,33
cattle\Khariar\image_218x231_2.jpg,Khariar,21
cattle\Vechur\00000393.jpg,Vechur,51
cattle\Hallikar\Hallikar_166.png,Hallikar,11
cattle\ponwar\image_259x194_26 (2).jpg,ponwar,63
cattle\Hariana\Hariana_108.jpg,Hariana,12
cattle\Ayrshire\Ayrshire_42.jpg,Ayrshire,2
cattle\Red_Dane\Red_Dane_112.jpg,Red_Dane,43
cattle\Konkan Kapila\image_187x269_1.jpg,Konkan Kapila,23
cattle\Mewati\image_225x225_41.jpg,Mewati,30
cattle\Shweta Kapila\image_300x168_44.jpg,Shweta Kapila,46
cattle\Malnad_gidda\00000069.jpg,Malnad_gidda,28
cattle\gangatari\image_259x194_31.jpg,gangatari,56
cattle\Jersey\Jersey_199.jpg,Jersey,16
cattle\Ayrshire\Ayrshire_145.jpg,Ayrshire,2
cattle\gangatari\image_249x202_57.jpg,gangatari,56
cattle\Lakhimi\image_259x194_6.jpg,Lakhimi,27
cattle\Holstein_Friesian\Holstein_Friesian_2.jpg,Holstein_Friesian,14
cattle\Nimari\00000032.jpg,Nimari,35
cattle\Banni\00000053.JPG,Banni,3
cattle\Mehsana\Mehsana_71.jpg,Mehsana,29
cattle\Ongole\Ongole_125.jpg,Ongole,36
cattle\gaolao\0459.jpg,gaolao,57
cattle\Ongole\Ongole_107.png,Ongole,36
cattle\Dangi\Screenshot (352).png,Dangi,7
cattle\Ongole\Ongole_99.jpg,Ongole,36
cattle\ponwar\image_195x259_48.jpg,ponwar,63
cattle\Toda\Toda_79.jpg,Toda,49
cattle\Nari\image_259x194_41.jpg,Nari,33
cattle\Toda\Toda_38.jpg,Toda,49
cattle\Shweta Kapila\image_120x90_60.jpg,Shweta Kapila,46
cattle\Vechur\00000245.jpg,Vechur,51
cattle\Nari\image_194x259_53 (2).jpg,Nari,33
cattle\Holstein_Friesian\Holstein_Friesian_310.jpg,Holstein_Friesian,14
cattle\Purnea\image_259x194_6 (4).jpg,Purnea,40
cattle\Tharparkar\Tharparkar_30.jpg,Tharparkar,48
cattle\Kenkatha\image_194x259_63.jpg,Kenkatha,20
cattle\Malnad_gidda\Screenshot (1134).png,Malnad_gidda,28
cattle\motu\image_275x183_53 (2).jpg,motu,61
cattle\bachaur\image_318x159_2.jpg,bachaur,52
cattle\Poda Thirupu\image_194x259_54.jpg,Poda Thirupu,37
cattle\Red_Dane\Red_Dane_48.jpg,Red_Dane,43
cattle\ponwar\image_259x194_28.jpg,ponwar,63
cattle\Guernsey\Guernsey_18.jpg,Guernsey,10
cattle\ghumsari\image_259x194_10.jpg,ghumsari,58
cattle\siri\image_195x259_27.jpg,siri,64
cattle\Gir\Gir_31.jpeg,Gir,9
cattle\kherigarh\image_259x194_10 (2).jpg,kherigarh,59
cattle\Punganur\image_194x259_50.jpg,Punganur,39
cattle\Murrah\Murrah_57.jpg,Murrah,31
cattle\Alambadi\Alambadi_28.png,Alambadi,0
cattle\Jaffrabadi\Jaffrabadi_97.png,Jaffrabadi,15
cattle\Mehsana\Mehsana_70.png,Mehsana,29
cattle\Nimari\00000092.jpg,Nimari,35
cattle\thutho\image_225x225_47.jpg,thutho,65
cattle\Kasargod\00000026.jpg,Kasargod,19
cattle\Red kandhari\image_168x300_40.jpg,Red kandhari,42
cattle\Kangayam\Kangayam_85.png,Kangayam,17
cattle\Jersey\Jersey_181.jpg,Jersey,16
cattle\Jersey\Jersey_18.jpg,Jersey,16
cattle\Brown_Swiss\Brown_Swiss_50.jpg,Brown_Swiss,6
cattle\Deoni\Screenshot 2025-09-25 031954.png,Deoni,8
cattle\Holstein_Friesian\Holstein_Friesian_277.jpg,Holstein_Friesian,14
cattle\Red_Dane\Red_Dane_46.jpg,Red_Dane,43
cattle\bachaur\Breeds_of_cattle_buffalo_Agriculture.jpg,bachaur,52
cattle\kherigarh\image_238x212_3.jpg,kherigarh,59
cattle\Jersey\Jersey_143.jpg,Jersey,16
cattle\Shweta Kapila\image_259x194_29.jpg,Shweta Kapila,46
cattle\Sahiwal\Sahiwal_192.jpg,Sahiwal,45
cattle\Hallikar\Hallikar_109.jpg,Hallikar,11
cattle\Rathi\Screenshot (970).png,Rathi,41
cattle\nagori\image_300x168_42 (2).jpg,nagori,62
cattle\thutho\image_299x168_50.jpg,thutho,65
cattle\Deoni\Deoni_56.jpg,Deoni,8
cattle\bachaur\Native_Cow_Breeds_.jpg,bachaur,52
cattle\Sahiwal\Sahiwal_222.jpg,Sahiwal,45
cattle\ponwar\image_299x168_36.jpg,ponwar,63
cattle\Poda Thirupu\image_259x194_9 (2).jpg,Poda Thirupu,37
cattle\Nagpuri\Nagpuri_190.png,Nagpuri,32
cattle\Punganur\Punganur_Dairy_Knowledge_Portal.jpg,Punganur,39
cattle\Punganur\Decoding_the_Punganur_Breed_Why_These_ (1).jpg,Punganur,39
cattle\Hariana\Hariana_114.jpg,Hariana,12
cattle\Vechur\00000249.jpg,Vechur,51
cattle\Poda Thirupu\image_259x194_4.jpg,Poda Thirupu,37
cattle\Red_Dane\Red_Dane_142.jpg,Red_Dane,43
cattle\Murrah\Murrah_3.JPG,Murrah,31
cattle\nagori\image_259x194_20.jpg,nagori,62
cattle\Red_Sindhi\Red_Sindhi_81.jpg,Red_Sindhi,44
cattle\Amritmahal\Amritmahal_69.jpg,Amritmahal,1
cattle\Alambadi\Alambadi_22.png,Alambadi,0
cattle\Alambadi\Alambadi_8.png,Alambadi,0
cattle\Dangi\image_300x168_29.jpg,Dangi,7
cattle\Surti\Surti_12.jpg,Surti,47
cattle\Jersey\Jersey_64.jpg,Jersey,16
cattle\Umblachery\image_195x259_39.jpg,Umblachery,50
cattle\Jersey\Jersey_69.jpg,Jersey,16
cattle\Kenkatha\image_168x300_17.jpg,Kenkatha,20
cattle\Guernsey\Guernsey_34.jpg,Guernsey,10
cattle\Krishna_Valley\Krishna_Valley_123.jpg,Krishna_Valley,25
cattle\Kosali\image_168x300_1.jpg,Kosali,24
cattle\Murrah\Murrah_75.jpg,Murrah,31
cattle\nagori\image_300x168_43.jpg,nagori,62
cattle\bhelai\Screenshot 2025-09-24 183256.png,bhelai,54
cattle\Poda Thirupu\image_256x197_7.jpg,Poda Thirupu,37
cattle\Sahiwal\Sahiwal_57.jpg,Sahiwal,45
cattle\Bargur\Bargur_73.jpg,Bargur,4
cattle\nagori\image_194x259_39.jpg,nagori,62
cattle\Murrah\Murrah_40.jpg,Murrah,31
cattle\Vechur\Screenshot (284).png,Vechur,51
cattle\Tharparkar\Tharparkar_7.png,Tharparkar,48
cattle\Tharparkar\Tharparkar_161.png,Tharparkar,48
cattle\Amritmahal\image_310x163_63.jpg,Amritmahal,1
cattle\motu\image_299x168_36.jpg,motu,61
cattle\motu\image_259x194_21.jpg,motu,61
cattle\Hallikar\Hallikar_169.png,Hallikar,11
cattle\Ongole\Ongole_3.jpg,Ongole,36
cattle\Himachali Pahari\63_Himachali_pahari_BREED_OF_COW_breed (2).jpg,Himachali Pahari,13
cattle\Mewati\image_237x213_54.jpg,Mewati,30
cattle\Purnea\image_275x183_46 (2).jpg,Purnea,40
cattle\Malnad_gidda\00000099.jpg,Malnad_gidda,28
cattle\Bargur\image_270x187_46.jpg,Bargur,4
cattle\Hariana\Hariana_87.png,Hariana,12
cattle\thutho\image_259x194_12.jpg,thutho,65
cattle\thutho\image_336x150_61.jpg,thutho,65
cattle\Rathi\00000130.jpg,Rathi,41
cattle\Hariana\Hariana_15.png,Hariana,12
cattle\Sahiwal\Sahiwal_260.png,Sahiwal,45
cattle\Ayrshire\Ayrshire_73.jpg,Ayrshire,2
cattle\Guernsey\Guernsey_88.jpg,Guernsey,10
cattle\Umblachery\image_259x194_14.jpg,Umblachery,50
cattle\Holstein_Friesian\Holstein_Friesian_11.jpg,Holstein_Friesian,14
cattle\Gir\Gir_16.png,Gir,9
cattle\Bargur\Bargur_95.png,Bargur,4
cattle\Dangi\image_299x169_48.jpg,Dangi,7
cattle\Kosali\image_168x300_6.jpeg,Kosali,24
cattle\Kasargod\Screenshot (984).png,Kasargod,19
cattle\Ayrshire\Ayrshire_19.jpg,Ayrshire,2
cattle\Red_Dane\Red_Dane_69.jpg,Red_Dane,43
cattle\Brown_Swiss\Brown_Swiss_198.jpg,Brown_Swiss,6
cattle\Pulikulam\Pulikulam_111.jpg,Pulikulam,38
cattle\Sahiwal\Sahiwal_154.jpg,Sahiwal,45
cattle\Brown_Swiss\Brown_Swiss_191.jpg,Brown_Swiss,6
cattle\malvi\image_255x198_33.jpg,malvi,60
cattle\Sahiwal\Sahiwal_148.jpg,Sahiwal,45
cattle\Khariar\image_259x194_13.jpg,Khariar,21
cattle\Nili_Ravi\Nili_Ravi_9.jpg,Nili_Ravi,34
cattle\Nagpuri\Nagpuri_131.png,Nagpuri,32
cattle\Umblachery\image_259x194_19 (2).jpg,Umblachery,50
cattle\Dangi\image_240x210_65.jpg,Dangi,7
cattle\Nagpuri\Nagpuri_36.jpg,Nagpuri,32
cattle\Brown_Swiss\Brown_Swiss_91.jpg,Brown_Swiss,6
cattle\Dangi\image_265x190_43.jpg,Dangi,7
cattle\Dangi\image_300x168_50.jpg,Dangi,7
cattle\siri\image_205x161_41.jpg,siri,64
cattle\Khillari\Khillari_112.png,Khillari,22
cattle\Bargur\Bargur_21.jpg,Bargur,4
cattle\motu\image_275x183_53.jpg,motu,61
cattle\Pulikulam\Pulikulam_43.jpg,Pulikulam,38
cattle\Ayrshire\Ayrshire_210.jpg,Ayrshire,2
cattle\Holstein_Friesian\Holstein_Friesian_116.jpg,Holstein_Friesian,14
cattle\Murrah\Murrah_135.jpeg,Murrah,31
cattle\ghumsari\Screenshot 2025-09-24 220650.png,ghumsari,58
cattle\bachaur\image_72x46_1.jpg,bachaur,52
cattle\gangatari\image_259x194_17.jpg,gangatari,56
cattle\Bargur\image_300x168_38.jpg,Bargur,4
cattle\Bhadawari\Bhadawari_22.jpg,Bhadawari,5
cattle\Kosali\image_298x169_4.jpg,Kosali,24
cattle\Toda\Toda_16.jpg,Toda,49
cattle\ponwar\image_259x194_20 (2).jpg,ponwar,63
cattle\Ayrshire\Ayrshire_51.jpg,Ayrshire,2
cattle\Red_Sindhi\Red_Sindhi_122.png,Red_Sindhi,44
cattle\Holstein_Friesian\Holstein_Friesian_177.jpg,Holstein_Friesian,14
cattle\Hallikar\Hallikar_112.jpg,Hallikar,11
cattle\Khariar\image_225x225_3 (2).jpg,Khariar,21
cattle\Bhadawari\Bhadawari_52.jpg,Bhadawari,5
cattle\Brown_Swiss\Brown_Swiss_13.jpg,Brown_Swiss,6
cattle\malvi\image_266x190_43.jpg,malvi,60
cattle\Hallikar\Hallikar_176.jpg,Hallikar,11
cattle\siri\image_259x194_53.jpg,siri,64
cattle\Sahiwal\Sahiwal_115.jpg,Sahiwal,45
cattle\ghumsari\Malvi_Ox.jpg,ghumsari,58
cattle\Kenkatha\image_329x153_58.jpg,Kenkatha,20
cattle\ghumsari\image_194x259_7.jpg,ghumsari,58
cattle\Kankrej\Kankrej_121.jpg,Kankrej,18
cattle\Hallikar\Hallikar_165.jpeg,Hallikar,11
cattle\dagri\Indigenous_Cattle_Breeds_ (2).jpg,dagri,55
cattle\Hariana\Hariana_105.jpg,Hariana,12
cattle\Khariar\image_275x183_6.jpg,Khariar,21
cattle\Hallikar\Hallikar_48.png,Hallikar,11
cattle\Nili_Ravi\Nili_Ravi_66.jpg,Nili_Ravi,34
cattle\Sahiwal\Sahiwal_327.jpg,Sahiwal,45
cattle\malvi\image_301x167_60.jpg,malvi,60
cattle\Nari\image_225x225_25.jpg,Nari,33
cattle\Bargur\Bargur_5.jpg,Bargur,4
cattle\Sahiwal\Sahiwal_427.jpg,Sahiwal,45
cattle\Dangi\Screenshot (361).png,Dangi,7
cattle\Toda\Toda_15.jpg,Toda,49
cattle\Guernsey\Guernsey_12.jpg,Guernsey,10
cattle\ghumsari\image_194x259_50.jpg,ghumsari,58
cattle\Red_Sindhi\Red_Sindhi_60.jpg,Red_Sindhi,44
cattle\Red_Sindhi\Red_Sindhi_123.jpeg,Red_Sindhi,44
cattle\Himachali Pahari\image_259x194_19.jpg,Himachali Pahari,13
cattle\Jersey\Jersey_81.jpg,Jersey,16
cattle\ghumsari\image_168x300_10 (2).jpg,ghumsari,58
cattle\Krishna_Valley\Krishna_Valley_56.jpg,Krishna_Valley,25
cattle\Ayrshire\Ayrshire_216.jpg,Ayrshire,2
cattle\siri\image_277x182_55.jpg,siri,64
cattle\Sahiwal\Sahiwal_297.jpg,Sahiwal,45
cattle\Gir\Gir_291.jpg,Gir,9
cattle\Nagpuri\Nagpuri_177.jpg,Nagpuri,32
cattle\Vechur\00000379.jpg,Vechur,51
cattle\Red kandhari\image_267x189_1.jpg,Red kandhari,42
cattle\Alambadi\Alambadi_31.png,Alambadi,0
cattle\Umblachery\Umblachery_30.png,Umblachery,50
cattle\Gir\Gir_214.jpg,Gir,9
cattle\Rathi\Screenshot (951).png,Rathi,41
cattle\ghumsari\image_259x194_5.jpg,ghumsari,58
cattle\Toda\Toda_106.jpg,Toda,49
cattle\Red kandhari\image_225x225_18.jpg,Red kandhari,42
cattle\Nagpuri\Nagpuri_180.png,Nagpuri,32
cattle\Umblachery\Umblachery_51.png,Umblachery,50
cattle\motu\image_259x194_32.jpg,motu,61
cattle\Konkan Kapila\image_299x168_4 (2).jpg,Konkan Kapila,23
cattle\Kenkatha\image_175x288_65.jpg,Kenkatha,20
cattle\nagori\image_168x299_11.jpg,nagori,62
cattle\Vechur\00000158.jpg,Vechur,51
cattle\Guernsey\Guernsey_79.jpg,Guernsey,10
cattle\Vechur\00000067.jpg,Vechur,51
cattle\Vechur\00000240.jpg,Vechur,51
cattle\ponwar\image_250x202_22.jpg,ponwar,63
cattle\Dangi\Screenshot (372).png,Dangi,7
cattle\Guernsey\Guernsey_98.jpg,Guernsey,10
cattle\bhelai\Screenshot 2025-09-24 183417.png,bhelai,54
cattle\Tharparkar\Tharparkar_171.png,Tharparkar,48
cattle\Shweta Kapila\image_168x300_28 (2).jpg,Shweta Kapila,46
cattle\Kosali\image_194x259_10.jpg,Kosali,24
cattle\Khillari\Khillari_47.png,Khillari,22
cattle\malvi\image_259x194_32.jpg,malvi,60
cattle\Sahiwal\Sahiwal_436.png,Sahiwal,45
cattle\Himachali Pahari\image_259x194_7.jpg,Himachali Pahari,13
cattle\kherigarh\image_183x275_2.jpg,kherigarh,59
cattle\Khariar\image_275x183_9.jpg,Khariar,21
cattle\Sahiwal\Sahiwal_273.jpg,Sahiwal,45
cattle\Ongole\Ongole_121.png,Ongole,36
cattle\Sahiwal\Sahiwal_315.png,Sahiwal,45
cattle\Mewati\image_259x194_22 (4).jpg,Mewati,30
cattle\Shweta Kapila\image_194x259_42.jpg,Shweta Kapila,46
cattle\Poda Thirupu\image_176x176_56.jpg,Poda Thirupu,37
cattle\Sahiwal\Sahiwal_432.jpg,Sahiwal,45
cattle\Hallikar\Hallikar_9.jpg,Hallikar,11
cattle\Ongole\Ongole_178.jpg,Ongole,36
cattle\Ongole\Ongole_94.jpg,Ongole,36
cattle\Nari\image_225x225_40.jpg,Nari,33
cattle\Surti\Surti_37.jpg,Surti,47
cattle\bachaur\image_259x194_44.jpg,bachaur,52
cattle\Sahiwal\Sahiwal_323.jpg,Sahiwal,45
cattle\Gir\Gir_328.png,Gir,9
cattle\Mewati\image_168x300_10.jpg,Mewati,30
cattle\dagri\image_300x168_47 (2).jpg,dagri,55
cattle\Jersey\Jersey_105.jpg,Jersey,16
cattle\Brown_Swiss\Brown_Swiss_162.jpg,Brown_Swiss,6
cattle\motu\image_265x190_1.jpg,motu,61
cattle\Nimari\00000008.jpg,Nimari,35
cattle\Hallikar\Hallikar_115.jpg,Hallikar,11
cattle\Bhadawari\Bhadawari_56.jpg,Bhadawari,5
cattle\Umblachery\image_259x195_13.jpg,Umblachery,50
cattle\siri\image_205x161_42.jpg,siri,64
cattle\Gir\Gir_312.png,Gir,9
cattle\Lakhimi\image_272x185_53 (2).jpg,Lakhimi,27
cattle\Punganur\image_299x168_13.jpg,Punganur,39
cattle\malvi\image_225x225_46.jpg,malvi,60
cattle\Nili_Ravi\Nili_Ravi_72.jpg,Nili_Ravi,34
cattle\Himachali Pahari\image_300x168_36.jpg,Himachali Pahari,13
cattle\Sahiwal\Sahiwal_85.png,Sahiwal,45
cattle\thutho\image_259x194_10 (3).jpg,thutho,65
cattle\Red_Dane\Red_Dane_108.jpg,Red_Dane,43
cattle\Kenkatha\image_259x194_19 (2).jpg,Kenkatha,20
cattle\badri\image_300x168_21.jpg,badri,53
cattle\Nagpuri\Nagpuri_3.jpg,Nagpuri,32
cattle\Nagpuri\Nagpuri_22.png,Nagpuri,32
cattle\bhelai\ezgif-frame-047.jpg,bhelai,54
cattle\Dangi\image_168x300_41.jpg,Dangi,7
cattle\Nari\image_168x300_38.jpg,Nari,33
cattle\Toda\Toda_101.jpg,Toda,49
cattle\Khariar\image_259x194_8 (2).jpg,Khariar,21
cattle\Bhadawari\Bhadawari_27.jpg,Bhadawari,5
cattle\Brown_Swiss\Brown_Swiss_193.jpg,Brown_Swiss,6
cattle\Gir\Gir_110.jpg,Gir,9
cattle\Kangayam\image_205x277_43.jpg,Kangayam,17
cattle\Rathi\00000111.jpg,Rathi,41
cattle\Mehsana\Mehsana_18.png,Mehsana,29
cattle\Dangi\Screenshot (358).png,Dangi,7
cattle\Pulikulam\Pulikulam_14.jpg,Pulikulam,38
cattle\Hariana\Hariana_71.png,Hariana,12
cattle\Red kandhari\image_194x259_49.jpg,Red kandhari,42
cattle\motu\image_256x197_6.jpg,motu,61
cattle\Ongole\Ongole_30.png,Ongole,36
cattle\badri\Bargur_Dairy_Knowledge_Portal (2).jpg,badri,53
cattle\Punganur\image_168x300_4.jpg,Punganur,39
cattle\gangatari\image_278x181_52.jpg,gangatari,56
cattle\Purnea\image_259x194_7 (2).jpg,Purnea,40
cattle\Sahiwal\Sahiwal_416.jpg,Sahiwal,45
cattle\ponwar\image_259x194_23 (3).jpg,ponwar,63
cattle\nagori\image_226x223_42.jpg,nagori,62
cattle\Umblachery\image_259x194_9 (2).jpg,Umblachery,50
cattle\Ayrshire\Ayrshire_39.jpg,Ayrshire,2
cattle\Hariana\Hariana_102.png,Hariana,12
cattle\Himachali Pahari\image_259x194_15.jpg,Himachali Pahari,13
cattle\Jaffrabadi\Jaffrabadi_55.jpg,Jaffrabadi,15
cattle\Rathi\00000039.jpg,Rathi,41
cattle\motu\image_259x194_25 (2).jpg,motu,61
cattle\Khariar\image_275x183_3.jpg,Khariar,21
cattle\thutho\image_259x194_10 (2).jpg,thutho,65
cattle\Deoni\Deoni_31.jpg,Deoni,8
cattle\Banni\00000006.jpg,Banni,3
cattle\Bhadawari\Bhadawari_16.jpg,Bhadawari,5
cattle\Ongole\Ongole_176.jpg,Ongole,36
cattle\dagri\Indigenous_Cattle_Breeds_.jpg,dagri,55
cattle\siri\image_259x194_8 (2).jpg,siri,64
cattle\Gir\Gir_83.jpg,Gir,9
cattle\Kankrej\Kankrej_84.jpg,Kankrej,18
cattle\Kosali\image_259x194_2.jpg,Kosali,24
cattle\Nagpuri\Nagpuri_27.jpg,Nagpuri,32
cattle\Red kandhari\image_259x194_7.jpg,Red kandhari,42
cattle\Mehsana\Mehsana_23.png,Mehsana,29
cattle\Tharparkar\Tharparkar_41.jpg,Tharparkar,48
cattle\Gir\Gir_332.png,Gir,9
cattle\Dangi\image_187x269_56.jpg,Dangi,7
cattle\thutho\image_100x100_60.jpg,thutho,65
cattle\Hallikar\Hallikar_67.jpg,Hallikar,11
cattle\Sahiwal\Sahiwal_385.png,Sahiwal,45
cattle\Murrah\Murrah_144.jpg,Murrah,31
cattle\Bargur\Bargur_11.png,Bargur,4
cattle\Nagpuri\Nagpuri_14.jpg,Nagpuri,32
cattle\Amritmahal\image_226x223_50.jpg,Amritmahal,1
cattle\Tharparkar\Tharparkar_199.png,Tharparkar,48
cattle\Deoni\Deoni_72.png,Deoni,8
cattle\Ayrshire\Ayrshire_181.jpg,Ayrshire,2
cattle\Purnea\image_273x185_55.jpg,Purnea,40
cattle\Mewati\image_168x300_8.jpg,Mewati,30
cattle\Red kandhari\image_266x189_18.jpg,Red kandhari,42
cattle\Kangayam\Kangayam_72.jpg,Kangayam,17
cattle\Gir\Gir_84.jpg,Gir,9
cattle\Mewati\image_259x194_20.jpg,Mewati,30
cattle\Malnad_gidda\Screenshot (1142).png,Malnad_gidda,28
cattle\gaolao\Tharparkar_Bull_Semen_at_Best_Price_in_.jpg,gaolao,57
cattle\Shweta Kapila\image_225x225_47.jpg,Shweta Kapila,46
cattle\Kenkatha\image_168x299_60.jpg,Kenkatha,20
cattle\nagori\image_222x227_41.jpg,nagori,62
cattle\Ayrshire\Ayrshire_59.jpg,Ayrshire,2
cattle\Krishna_Valley\Krishna_Valley_130.jpg,Krishna_Valley,25
cattle\Punganur\image_192x263_49.jpg,Punganur,39
cattle\Mewati\image_259x194_10 (2).jpg,Mewati,30
cattle\bachaur\image_300x168_5.jpg,bachaur,52
cattle\Pulikulam\Pulikulam_8.jpg,Pulikulam,38
cattle\Mewati\image_259x194_9 (2).jpg,Mewati,30
cattle\Rathi\00000328.jpeg,Rathi,41
cattle\ponwar\image_225x225_44.jpg,ponwar,63
cattle\bhelai\ezgif-frame-012.jpg,bhelai,54
cattle\Kosali\image_249x203_1.jpg,Kosali,24
cattle\Nagpuri\Nagpuri_42.jpg,Nagpuri,32
cattle\Poda Thirupu\image_168x300_39 (2).jpg,Poda Thirupu,37
cattle\Ayrshire\Ayrshire_130.jpg,Ayrshire,2
cattle\bachaur\Recognized_Indigenous_Cattle_Breeds_of_.jpg,bachaur,52
cattle\bhelai\Screenshot 2025-09-24 182926.png,bhelai,54
cattle\Gir\Gir_174.png,Gir,9
cattle\Kangayam\image_275x183_44.jpg,Kangayam,17
cattle\badri\image_167x301_16.jpg,badri,53
cattle\gangatari\image_275x183_49.jpg,gangatari,56
cattle\Nimari\Screenshot (1022).png,Nimari,35
cattle\Holstein_Friesian\Holstein_Friesian_38.jpg,Holstein_Friesian,14
cattle\Gir\Gir_161.jpg,Gir,9
cattle\Holstein_Friesian\Holstein_Friesian_123.jpg,Holstein_Friesian,14
cattle\Jaffrabadi\Jaffrabadi_71.png,Jaffrabadi,15
cattle\Mewati\image_259x194_28.jpg,Mewati,30
cattle\gaolao\0094.jpg,gaolao,57
cattle\Pulikulam\Pulikulam_12.jpg,Pulikulam,38
cattle\motu\image_267x189_5.jpg,motu,61
cattle\Mewati\image_320x158_51.jpg,Mewati,30
cattle\Himachali Pahari\image_255x198_3.jpg,Himachali Pahari,13
cattle\gangatari\image_310x162_45.jpg,gangatari,56
cattle\Jersey\Jersey_126.jpg,Jersey,16
cattle\siri\image_194x259_36.jpg,siri,64
cattle\kherigarh\image_200x200_4.jpg,kherigarh,59
cattle\Nari\image_277x182_49.jpg,Nari,33
cattle\nagori\image_195x259_19.jpg,nagori,62
cattle\Nili_Ravi\Nili_Ravi_58.jpg,Nili_Ravi,34
cattle\Red_Dane\Red_Dane_36.jpg,Red_Dane,43
cattle\kherigarh\image_200x134_2.jpg,kherigarh,59
cattle\Purnea\image_259x194_10 (5).jpg,Purnea,40
cattle\siri\image_128x102_70.jpg,siri,64
cattle\Brown_Swiss\Brown_Swiss_40.jpg,Brown_Swiss,6
cattle\Umblachery\Umblachery_53.png,Umblachery,50
cattle\Red kandhari\image_299x168_35.jpg,Red kandhari,42
cattle\Nimari\00000123.jpeg,Nimari,35
cattle\Vechur\Screenshot (285).png,Vechur,51
cattle\Khariar\image_300x168_1.jpg,Khariar,21
cattle\Guernsey\Guernsey_19.jpg,Guernsey,10
cattle\Holstein_Friesian\Holstein_Friesian_133.jpg,Holstein_Friesian,14
cattle\nagori\image_222x227_46.jpg,nagori,62
cattle\Sahiwal\Sahiwal_20.jpg,Sahiwal,45
cattle\Kasargod\00000241.jpg,Kasargod,19
cattle\Umblachery\image_259x194_8 (2).jpg,Umblachery,50
cattle\Gir\Gir_67.jpg,Gir,9
cattle\Lakhimi\image_300x168_34.jpg,Lakhimi,27
cattle\motu\image_272x185_50.jpg,motu,61
cattle\Holstein_Friesian\Holstein_Friesian_44.jpg,Holstein_Friesian,14
cattle\siri\image_262x193_43.jpg,siri,64
cattle\Kangayam\Kangayam_59.jpg,Kangayam,17
cattle\Nagpuri\Nagpuri_98.jpg,Nagpuri,32
cattle\Kasargod\00000381.jpg,Kasargod,19
cattle\Malnad_gidda\Screenshot (1132).png,Malnad_gidda,28
cattle\Gir\Gir_248.jpg,Gir,9
cattle\Mewati\image_290x174_37.jpg,Mewati,30
cattle\Umblachery\image_259x194_14 (2).jpg,Umblachery,50
cattle\bhelai\ezgif-frame-091.jpg,bhelai,54
cattle\Malnad_gidda\Screenshot (1149).png,Malnad_gidda,28
cattle\Sahiwal\Sahiwal_256.jpg,Sahiwal,45
cattle\Red_Dane\Red_Dane_49.jpg,Red_Dane,43
cattle\Rathi\Screenshot (964).png,Rathi,41
cattle\Kenkatha\image_261x193_41.jpg,Kenkatha,20
cattle\Nagpuri\Nagpuri_124.jpg,Nagpuri,32
cattle\Tharparkar\Tharparkar_202.jpg,Tharparkar,48
cattle\Holstein_Friesian\Holstein_Friesian_103.jpg,Holstein_Friesian,14
cattle\Mewati\image_225x225_40.jpg,Mewati,30
cattle\Purnea\image_259x194_4 (2).jpg,Purnea,40
